ISO-10303-21;
HEADER;
FILE_DESCRIPTION(('Open CASCADE Model'),'2;1');
FILE_NAME('Open CASCADE Shape Model','2026-09-06T13:44:55',('Author'),(
    'Open CASCADE'),'Open CASCADE STEP processor 7.9','build123d',
  'Unknown');
FILE_SCHEMA(('AUTOMOTIVE_DESIGN { 1 0 10303 214 1 1 1 1 }'));
ENDSEC;
DATA;
#1 = APPLICATION_PROTOCOL_DEFINITION('international standard',
  'automotive_design',2000,#2);
#2 = APPLICATION_CONTEXT(
  'core data for automotive mechanical design processes');
#3 = SHAPE_DEFINITION_REPRESENTATION(#4,#10);
#4 = PRODUCT_DEFINITION_SHAPE('','',#5);
#5 = PRODUCT_DEFINITION('design','',#6,#9);
#6 = PRODUCT_DEFINITION_FORMATION('','',#7);
#7 = PRODUCT('SOLID','SOLID','',(#8));
#8 = PRODUCT_CONTEXT('',#2,'mechanical');
#9 = PRODUCT_DEFINITION_CONTEXT('part definition',#2,'design');
#10 = ADVANCED_BREP_SHAPE_REPRESENTATION('',(#11,#15),#2233);
#11 = AXIS2_PLACEMENT_3D('',#12,#13,#14);
#12 = CARTESIAN_POINT('',(0.,0.,0.));
#13 = DIRECTION('',(0.,0.,1.));
#14 = DIRECTION('',(1.,0.,-0.));
#15 = MANIFOLD_SOLID_BREP('',#16);
#16 = CLOSED_SHELL('',(#17,#137,#213,#284,#342,#400,#407,#849,#904,#1146
    ,#1270,#1276,#1281,#1316,#1392,#1441,#1490,#1517,#1567,#1617,#1667,
    #1717,#1752,#1807,#1857,#2088,#2118,#2173,#2226));
#17 = ADVANCED_FACE('',(#18),#32,.T.);
#18 = FACE_BOUND('',#19,.T.);
#19 = EDGE_LOOP('',(#20,#55,#83,#111));
#20 = ORIENTED_EDGE('',*,*,#21,.T.);
#21 = EDGE_CURVE('',#22,#24,#26,.T.);
#22 = VERTEX_POINT('',#23);
#23 = CARTESIAN_POINT('',(-45.,-45.,45.));
#24 = VERTEX_POINT('',#25);
#25 = CARTESIAN_POINT('',(-45.,-45.,55.));
#26 = SURFACE_CURVE('',#27,(#31,#43),.PCURVE_S1.);
#27 = LINE('',#28,#29);
#28 = CARTESIAN_POINT('',(-45.,-45.,45.));
#29 = VECTOR('',#30,1.);
#30 = DIRECTION('',(0.,0.,1.));
#31 = PCURVE('',#32,#37);
#32 = PLANE('',#33);
#33 = AXIS2_PLACEMENT_3D('',#34,#35,#36);
#34 = CARTESIAN_POINT('',(-45.,-45.,45.));
#35 = DIRECTION('',(-1.,-0.,0.));
#36 = DIRECTION('',(-0.,1.,0.));
#37 = DEFINITIONAL_REPRESENTATION('',(#38),#42);
#38 = LINE('',#39,#40);
#39 = CARTESIAN_POINT('',(0.,0.));
#40 = VECTOR('',#41,1.);
#41 = DIRECTION('',(0.,-1.));
#42 = ( GEOMETRIC_REPRESENTATION_CONTEXT(2) 
PARAMETRIC_REPRESENTATION_CONTEXT() REPRESENTATION_CONTEXT('2D SPACE',''
  ) );
#43 = PCURVE('',#44,#49);
#44 = PLANE('',#45);
#45 = AXIS2_PLACEMENT_3D('',#46,#47,#48);
#46 = CARTESIAN_POINT('',(-45.,-45.,45.));
#47 = DIRECTION('',(-0.,1.,0.));
#48 = DIRECTION('',(1.,0.,-0.));
#49 = DEFINITIONAL_REPRESENTATION('',(#50),#54);
#50 = LINE('',#51,#52);
#51 = CARTESIAN_POINT('',(0.,0.));
#52 = VECTOR('',#53,1.);
#53 = DIRECTION('',(0.,-1.));
#54 = ( GEOMETRIC_REPRESENTATION_CONTEXT(2) 
PARAMETRIC_REPRESENTATION_CONTEXT() REPRESENTATION_CONTEXT('2D SPACE',''
  ) );
#55 = ORIENTED_EDGE('',*,*,#56,.T.);
#56 = EDGE_CURVE('',#24,#57,#59,.T.);
#57 = VERTEX_POINT('',#58);
#58 = CARTESIAN_POINT('',(-45.,45.,55.));
#59 = SURFACE_CURVE('',#60,(#64,#71),.PCURVE_S1.);
#60 = LINE('',#61,#62);
#61 = CARTESIAN_POINT('',(-45.,0.,55.));
#62 = VECTOR('',#63,1.);
#63 = DIRECTION('',(-0.,1.,0.));
#64 = PCURVE('',#32,#65);
#65 = DEFINITIONAL_REPRESENTATION('',(#66),#70);
#66 = LINE('',#67,#68);
#67 = CARTESIAN_POINT('',(45.,-10.));
#68 = VECTOR('',#69,1.);
#69 = DIRECTION('',(1.,0.));
#70 = ( GEOMETRIC_REPRESENTATION_CONTEXT(2) 
PARAMETRIC_REPRESENTATION_CONTEXT() REPRESENTATION_CONTEXT('2D SPACE',''
  ) );
#71 = PCURVE('',#72,#77);
#72 = PLANE('',#73);
#73 = AXIS2_PLACEMENT_3D('',#74,#75,#76);
#74 = CARTESIAN_POINT('',(0.,0.,55.));
#75 = DIRECTION('',(0.,0.,1.));
#76 = DIRECTION('',(1.,0.,-0.));
#77 = DEFINITIONAL_REPRESENTATION('',(#78),#82);
#78 = LINE('',#79,#80);
#79 = CARTESIAN_POINT('',(-45.,0.));
#80 = VECTOR('',#81,1.);
#81 = DIRECTION('',(0.,1.));
#82 = ( GEOMETRIC_REPRESENTATION_CONTEXT(2) 
PARAMETRIC_REPRESENTATION_CONTEXT() REPRESENTATION_CONTEXT('2D SPACE',''
  ) );
#83 = ORIENTED_EDGE('',*,*,#84,.F.);
#84 = EDGE_CURVE('',#85,#57,#87,.T.);
#85 = VERTEX_POINT('',#86);
#86 = CARTESIAN_POINT('',(-45.,45.,45.));
#87 = SURFACE_CURVE('',#88,(#92,#99),.PCURVE_S1.);
#88 = LINE('',#89,#90);
#89 = CARTESIAN_POINT('',(-45.,45.,45.));
#90 = VECTOR('',#91,1.);
#91 = DIRECTION('',(0.,0.,1.));
#92 = PCURVE('',#32,#93);
#93 = DEFINITIONAL_REPRESENTATION('',(#94),#98);
#94 = LINE('',#95,#96);
#95 = CARTESIAN_POINT('',(90.,0.));
#96 = VECTOR('',#97,1.);
#97 = DIRECTION('',(0.,-1.));
#98 = ( GEOMETRIC_REPRESENTATION_CONTEXT(2) 
PARAMETRIC_REPRESENTATION_CONTEXT() REPRESENTATION_CONTEXT('2D SPACE',''
  ) );
#99 = PCURVE('',#100,#105);
#100 = PLANE('',#101);
#101 = AXIS2_PLACEMENT_3D('',#102,#103,#104);
#102 = CARTESIAN_POINT('',(-45.,45.,45.));
#103 = DIRECTION('',(-0.,1.,0.));
#104 = DIRECTION('',(1.,0.,-0.));
#105 = DEFINITIONAL_REPRESENTATION('',(#106),#110);
#106 = LINE('',#107,#108);
#107 = CARTESIAN_POINT('',(0.,0.));
#108 = VECTOR('',#109,1.);
#109 = DIRECTION('',(0.,-1.));
#110 = ( GEOMETRIC_REPRESENTATION_CONTEXT(2) 
PARAMETRIC_REPRESENTATION_CONTEXT() REPRESENTATION_CONTEXT('2D SPACE',''
  ) );
#111 = ORIENTED_EDGE('',*,*,#112,.F.);
#112 = EDGE_CURVE('',#22,#85,#113,.T.);
#113 = SURFACE_CURVE('',#114,(#118,#125),.PCURVE_S1.);
#114 = LINE('',#115,#116);
#115 = CARTESIAN_POINT('',(-45.,0.,45.));
#116 = VECTOR('',#117,1.);
#117 = DIRECTION('',(-0.,1.,0.));
#118 = PCURVE('',#32,#119);
#119 = DEFINITIONAL_REPRESENTATION('',(#120),#124);
#120 = LINE('',#121,#122);
#121 = CARTESIAN_POINT('',(45.,0.));
#122 = VECTOR('',#123,1.);
#123 = DIRECTION('',(1.,0.));
#124 = ( GEOMETRIC_REPRESENTATION_CONTEXT(2) 
PARAMETRIC_REPRESENTATION_CONTEXT() REPRESENTATION_CONTEXT('2D SPACE',''
  ) );
#125 = PCURVE('',#126,#131);
#126 = PLANE('',#127);
#127 = AXIS2_PLACEMENT_3D('',#128,#129,#130);
#128 = CARTESIAN_POINT('',(0.,0.,45.));
#129 = DIRECTION('',(0.,0.,1.));
#130 = DIRECTION('',(1.,0.,-0.));
#131 = DEFINITIONAL_REPRESENTATION('',(#132),#136);
#132 = LINE('',#133,#134);
#133 = CARTESIAN_POINT('',(-45.,0.));
#134 = VECTOR('',#135,1.);
#135 = DIRECTION('',(0.,1.));
#136 = ( GEOMETRIC_REPRESENTATION_CONTEXT(2) 
PARAMETRIC_REPRESENTATION_CONTEXT() REPRESENTATION_CONTEXT('2D SPACE',''
  ) );
#137 = ADVANCED_FACE('',(#138),#44,.F.);
#138 = FACE_BOUND('',#139,.F.);
#139 = EDGE_LOOP('',(#140,#141,#164,#192));
#140 = ORIENTED_EDGE('',*,*,#21,.T.);
#141 = ORIENTED_EDGE('',*,*,#142,.T.);
#142 = EDGE_CURVE('',#24,#143,#145,.T.);
#143 = VERTEX_POINT('',#144);
#144 = CARTESIAN_POINT('',(45.,-45.,55.));
#145 = SURFACE_CURVE('',#146,(#150,#157),.PCURVE_S1.);
#146 = LINE('',#147,#148);
#147 = CARTESIAN_POINT('',(0.,-45.,55.));
#148 = VECTOR('',#149,1.);
#149 = DIRECTION('',(1.,0.,-0.));
#150 = PCURVE('',#44,#151);
#151 = DEFINITIONAL_REPRESENTATION('',(#152),#156);
#152 = LINE('',#153,#154);
#153 = CARTESIAN_POINT('',(45.,-10.));
#154 = VECTOR('',#155,1.);
#155 = DIRECTION('',(1.,0.));
#156 = ( GEOMETRIC_REPRESENTATION_CONTEXT(2) 
PARAMETRIC_REPRESENTATION_CONTEXT() REPRESENTATION_CONTEXT('2D SPACE',''
  ) );
#157 = PCURVE('',#72,#158);
#158 = DEFINITIONAL_REPRESENTATION('',(#159),#163);
#159 = LINE('',#160,#161);
#160 = CARTESIAN_POINT('',(0.,-45.));
#161 = VECTOR('',#162,1.);
#162 = DIRECTION('',(1.,0.));
#163 = ( GEOMETRIC_REPRESENTATION_CONTEXT(2) 
PARAMETRIC_REPRESENTATION_CONTEXT() REPRESENTATION_CONTEXT('2D SPACE',''
  ) );
#164 = ORIENTED_EDGE('',*,*,#165,.F.);
#165 = EDGE_CURVE('',#166,#143,#168,.T.);
#166 = VERTEX_POINT('',#167);
#167 = CARTESIAN_POINT('',(45.,-45.,45.));
#168 = SURFACE_CURVE('',#169,(#173,#180),.PCURVE_S1.);
#169 = LINE('',#170,#171);
#170 = CARTESIAN_POINT('',(45.,-45.,45.));
#171 = VECTOR('',#172,1.);
#172 = DIRECTION('',(0.,0.,1.));
#173 = PCURVE('',#44,#174);
#174 = DEFINITIONAL_REPRESENTATION('',(#175),#179);
#175 = LINE('',#176,#177);
#176 = CARTESIAN_POINT('',(90.,0.));
#177 = VECTOR('',#178,1.);
#178 = DIRECTION('',(0.,-1.));
#179 = ( GEOMETRIC_REPRESENTATION_CONTEXT(2) 
PARAMETRIC_REPRESENTATION_CONTEXT() REPRESENTATION_CONTEXT('2D SPACE',''
  ) );
#180 = PCURVE('',#181,#186);
#181 = PLANE('',#182);
#182 = AXIS2_PLACEMENT_3D('',#183,#184,#185);
#183 = CARTESIAN_POINT('',(45.,-45.,45.));
#184 = DIRECTION('',(-1.,-0.,0.));
#185 = DIRECTION('',(-0.,1.,0.));
#186 = DEFINITIONAL_REPRESENTATION('',(#187),#191);
#187 = LINE('',#188,#189);
#188 = CARTESIAN_POINT('',(0.,0.));
#189 = VECTOR('',#190,1.);
#190 = DIRECTION('',(0.,-1.));
#191 = ( GEOMETRIC_REPRESENTATION_CONTEXT(2) 
PARAMETRIC_REPRESENTATION_CONTEXT() REPRESENTATION_CONTEXT('2D SPACE',''
  ) );
#192 = ORIENTED_EDGE('',*,*,#193,.F.);
#193 = EDGE_CURVE('',#22,#166,#194,.T.);
#194 = SURFACE_CURVE('',#195,(#199,#206),.PCURVE_S1.);
#195 = LINE('',#196,#197);
#196 = CARTESIAN_POINT('',(0.,-45.,45.));
#197 = VECTOR('',#198,1.);
#198 = DIRECTION('',(1.,0.,-0.));
#199 = PCURVE('',#44,#200);
#200 = DEFINITIONAL_REPRESENTATION('',(#201),#205);
#201 = LINE('',#202,#203);
#202 = CARTESIAN_POINT('',(45.,0.));
#203 = VECTOR('',#204,1.);
#204 = DIRECTION('',(1.,0.));
#205 = ( GEOMETRIC_REPRESENTATION_CONTEXT(2) 
PARAMETRIC_REPRESENTATION_CONTEXT() REPRESENTATION_CONTEXT('2D SPACE',''
  ) );
#206 = PCURVE('',#126,#207);
#207 = DEFINITIONAL_REPRESENTATION('',(#208),#212);
#208 = LINE('',#209,#210);
#209 = CARTESIAN_POINT('',(0.,-45.));
#210 = VECTOR('',#211,1.);
#211 = DIRECTION('',(1.,0.));
#212 = ( GEOMETRIC_REPRESENTATION_CONTEXT(2) 
PARAMETRIC_REPRESENTATION_CONTEXT() REPRESENTATION_CONTEXT('2D SPACE',''
  ) );
#213 = ADVANCED_FACE('',(#214),#100,.T.);
#214 = FACE_BOUND('',#215,.T.);
#215 = EDGE_LOOP('',(#216,#217,#240,#263));
#216 = ORIENTED_EDGE('',*,*,#84,.T.);
#217 = ORIENTED_EDGE('',*,*,#218,.T.);
#218 = EDGE_CURVE('',#57,#219,#221,.T.);
#219 = VERTEX_POINT('',#220);
#220 = CARTESIAN_POINT('',(45.,45.,55.));
#221 = SURFACE_CURVE('',#222,(#226,#233),.PCURVE_S1.);
#222 = LINE('',#223,#224);
#223 = CARTESIAN_POINT('',(0.,45.,55.));
#224 = VECTOR('',#225,1.);
#225 = DIRECTION('',(1.,0.,-0.));
#226 = PCURVE('',#100,#227);
#227 = DEFINITIONAL_REPRESENTATION('',(#228),#232);
#228 = LINE('',#229,#230);
#229 = CARTESIAN_POINT('',(45.,-10.));
#230 = VECTOR('',#231,1.);
#231 = DIRECTION('',(1.,0.));
#232 = ( GEOMETRIC_REPRESENTATION_CONTEXT(2) 
PARAMETRIC_REPRESENTATION_CONTEXT() REPRESENTATION_CONTEXT('2D SPACE',''
  ) );
#233 = PCURVE('',#72,#234);
#234 = DEFINITIONAL_REPRESENTATION('',(#235),#239);
#235 = LINE('',#236,#237);
#236 = CARTESIAN_POINT('',(0.,45.));
#237 = VECTOR('',#238,1.);
#238 = DIRECTION('',(1.,0.));
#239 = ( GEOMETRIC_REPRESENTATION_CONTEXT(2) 
PARAMETRIC_REPRESENTATION_CONTEXT() REPRESENTATION_CONTEXT('2D SPACE',''
  ) );
#240 = ORIENTED_EDGE('',*,*,#241,.F.);
#241 = EDGE_CURVE('',#242,#219,#244,.T.);
#242 = VERTEX_POINT('',#243);
#243 = CARTESIAN_POINT('',(45.,45.,45.));
#244 = SURFACE_CURVE('',#245,(#249,#256),.PCURVE_S1.);
#245 = LINE('',#246,#247);
#246 = CARTESIAN_POINT('',(45.,45.,45.));
#247 = VECTOR('',#248,1.);
#248 = DIRECTION('',(0.,0.,1.));
#249 = PCURVE('',#100,#250);
#250 = DEFINITIONAL_REPRESENTATION('',(#251),#255);
#251 = LINE('',#252,#253);
#252 = CARTESIAN_POINT('',(90.,0.));
#253 = VECTOR('',#254,1.);
#254 = DIRECTION('',(0.,-1.));
#255 = ( GEOMETRIC_REPRESENTATION_CONTEXT(2) 
PARAMETRIC_REPRESENTATION_CONTEXT() REPRESENTATION_CONTEXT('2D SPACE',''
  ) );
#256 = PCURVE('',#181,#257);
#257 = DEFINITIONAL_REPRESENTATION('',(#258),#262);
#258 = LINE('',#259,#260);
#259 = CARTESIAN_POINT('',(90.,0.));
#260 = VECTOR('',#261,1.);
#261 = DIRECTION('',(0.,-1.));
#262 = ( GEOMETRIC_REPRESENTATION_CONTEXT(2) 
PARAMETRIC_REPRESENTATION_CONTEXT() REPRESENTATION_CONTEXT('2D SPACE',''
  ) );
#263 = ORIENTED_EDGE('',*,*,#264,.F.);
#264 = EDGE_CURVE('',#85,#242,#265,.T.);
#265 = SURFACE_CURVE('',#266,(#270,#277),.PCURVE_S1.);
#266 = LINE('',#267,#268);
#267 = CARTESIAN_POINT('',(0.,45.,45.));
#268 = VECTOR('',#269,1.);
#269 = DIRECTION('',(1.,0.,-0.));
#270 = PCURVE('',#100,#271);
#271 = DEFINITIONAL_REPRESENTATION('',(#272),#276);
#272 = LINE('',#273,#274);
#273 = CARTESIAN_POINT('',(45.,0.));
#274 = VECTOR('',#275,1.);
#275 = DIRECTION('',(1.,0.));
#276 = ( GEOMETRIC_REPRESENTATION_CONTEXT(2) 
PARAMETRIC_REPRESENTATION_CONTEXT() REPRESENTATION_CONTEXT('2D SPACE',''
  ) );
#277 = PCURVE('',#126,#278);
#278 = DEFINITIONAL_REPRESENTATION('',(#279),#283);
#279 = LINE('',#280,#281);
#280 = CARTESIAN_POINT('',(0.,45.));
#281 = VECTOR('',#282,1.);
#282 = DIRECTION('',(1.,0.));
#283 = ( GEOMETRIC_REPRESENTATION_CONTEXT(2) 
PARAMETRIC_REPRESENTATION_CONTEXT() REPRESENTATION_CONTEXT('2D SPACE',''
  ) );
#284 = ADVANCED_FACE('',(#285,#311),#126,.F.);
#285 = FACE_BOUND('',#286,.F.);
#286 = EDGE_LOOP('',(#287,#288,#289,#310));
#287 = ORIENTED_EDGE('',*,*,#112,.F.);
#288 = ORIENTED_EDGE('',*,*,#193,.T.);
#289 = ORIENTED_EDGE('',*,*,#290,.T.);
#290 = EDGE_CURVE('',#166,#242,#291,.T.);
#291 = SURFACE_CURVE('',#292,(#296,#303),.PCURVE_S1.);
#292 = LINE('',#293,#294);
#293 = CARTESIAN_POINT('',(45.,0.,45.));
#294 = VECTOR('',#295,1.);
#295 = DIRECTION('',(-0.,1.,0.));
#296 = PCURVE('',#126,#297);
#297 = DEFINITIONAL_REPRESENTATION('',(#298),#302);
#298 = LINE('',#299,#300);
#299 = CARTESIAN_POINT('',(45.,0.));
#300 = VECTOR('',#301,1.);
#301 = DIRECTION('',(0.,1.));
#302 = ( GEOMETRIC_REPRESENTATION_CONTEXT(2) 
PARAMETRIC_REPRESENTATION_CONTEXT() REPRESENTATION_CONTEXT('2D SPACE',''
  ) );
#303 = PCURVE('',#181,#304);
#304 = DEFINITIONAL_REPRESENTATION('',(#305),#309);
#305 = LINE('',#306,#307);
#306 = CARTESIAN_POINT('',(45.,0.));
#307 = VECTOR('',#308,1.);
#308 = DIRECTION('',(1.,0.));
#309 = ( GEOMETRIC_REPRESENTATION_CONTEXT(2) 
PARAMETRIC_REPRESENTATION_CONTEXT() REPRESENTATION_CONTEXT('2D SPACE',''
  ) );
#310 = ORIENTED_EDGE('',*,*,#264,.F.);
#311 = FACE_BOUND('',#312,.F.);
#312 = EDGE_LOOP('',(#313));
#313 = ORIENTED_EDGE('',*,*,#314,.F.);
#314 = EDGE_CURVE('',#315,#315,#317,.T.);
#315 = VERTEX_POINT('',#316);
#316 = CARTESIAN_POINT('',(30.15,0.,45.));
#317 = SURFACE_CURVE('',#318,(#323,#330),.PCURVE_S1.);
#318 = CIRCLE('',#319,30.15);
#319 = AXIS2_PLACEMENT_3D('',#320,#321,#322);
#320 = CARTESIAN_POINT('',(0.,0.,45.));
#321 = DIRECTION('',(0.,0.,1.));
#322 = DIRECTION('',(1.,0.,-0.));
#323 = PCURVE('',#126,#324);
#324 = DEFINITIONAL_REPRESENTATION('',(#325),#329);
#325 = CIRCLE('',#326,30.15);
#326 = AXIS2_PLACEMENT_2D('',#327,#328);
#327 = CARTESIAN_POINT('',(0.,0.));
#328 = DIRECTION('',(1.,0.));
#329 = ( GEOMETRIC_REPRESENTATION_CONTEXT(2) 
PARAMETRIC_REPRESENTATION_CONTEXT() REPRESENTATION_CONTEXT('2D SPACE',''
  ) );
#330 = PCURVE('',#331,#336);
#331 = CYLINDRICAL_SURFACE('',#332,30.15);
#332 = AXIS2_PLACEMENT_3D('',#333,#334,#335);
#333 = CARTESIAN_POINT('',(0.,0.,10.));
#334 = DIRECTION('',(-0.,-0.,-1.));
#335 = DIRECTION('',(1.,0.,-0.));
#336 = DEFINITIONAL_REPRESENTATION('',(#337),#341);
#337 = LINE('',#338,#339);
#338 = CARTESIAN_POINT('',(-0.,-35.));
#339 = VECTOR('',#340,1.);
#340 = DIRECTION('',(-1.,0.));
#341 = ( GEOMETRIC_REPRESENTATION_CONTEXT(2) 
PARAMETRIC_REPRESENTATION_CONTEXT() REPRESENTATION_CONTEXT('2D SPACE',''
  ) );
#342 = ADVANCED_FACE('',(#343,#369),#72,.T.);
#343 = FACE_BOUND('',#344,.T.);
#344 = EDGE_LOOP('',(#345,#346,#347,#368));
#345 = ORIENTED_EDGE('',*,*,#56,.F.);
#346 = ORIENTED_EDGE('',*,*,#142,.T.);
#347 = ORIENTED_EDGE('',*,*,#348,.T.);
#348 = EDGE_CURVE('',#143,#219,#349,.T.);
#349 = SURFACE_CURVE('',#350,(#354,#361),.PCURVE_S1.);
#350 = LINE('',#351,#352);
#351 = CARTESIAN_POINT('',(45.,0.,55.));
#352 = VECTOR('',#353,1.);
#353 = DIRECTION('',(-0.,1.,0.));
#354 = PCURVE('',#72,#355);
#355 = DEFINITIONAL_REPRESENTATION('',(#356),#360);
#356 = LINE('',#357,#358);
#357 = CARTESIAN_POINT('',(45.,0.));
#358 = VECTOR('',#359,1.);
#359 = DIRECTION('',(0.,1.));
#360 = ( GEOMETRIC_REPRESENTATION_CONTEXT(2) 
PARAMETRIC_REPRESENTATION_CONTEXT() REPRESENTATION_CONTEXT('2D SPACE',''
  ) );
#361 = PCURVE('',#181,#362);
#362 = DEFINITIONAL_REPRESENTATION('',(#363),#367);
#363 = LINE('',#364,#365);
#364 = CARTESIAN_POINT('',(45.,-10.));
#365 = VECTOR('',#366,1.);
#366 = DIRECTION('',(1.,0.));
#367 = ( GEOMETRIC_REPRESENTATION_CONTEXT(2) 
PARAMETRIC_REPRESENTATION_CONTEXT() REPRESENTATION_CONTEXT('2D SPACE',''
  ) );
#368 = ORIENTED_EDGE('',*,*,#218,.F.);
#369 = FACE_BOUND('',#370,.T.);
#370 = EDGE_LOOP('',(#371));
#371 = ORIENTED_EDGE('',*,*,#372,.F.);
#372 = EDGE_CURVE('',#373,#373,#375,.T.);
#373 = VERTEX_POINT('',#374);
#374 = CARTESIAN_POINT('',(24.15,0.,55.));
#375 = SURFACE_CURVE('',#376,(#381,#388),.PCURVE_S1.);
#376 = CIRCLE('',#377,24.15);
#377 = AXIS2_PLACEMENT_3D('',#378,#379,#380);
#378 = CARTESIAN_POINT('',(0.,0.,55.));
#379 = DIRECTION('',(0.,0.,1.));
#380 = DIRECTION('',(1.,0.,-0.));
#381 = PCURVE('',#72,#382);
#382 = DEFINITIONAL_REPRESENTATION('',(#383),#387);
#383 = CIRCLE('',#384,24.15);
#384 = AXIS2_PLACEMENT_2D('',#385,#386);
#385 = CARTESIAN_POINT('',(0.,0.));
#386 = DIRECTION('',(1.,0.));
#387 = ( GEOMETRIC_REPRESENTATION_CONTEXT(2) 
PARAMETRIC_REPRESENTATION_CONTEXT() REPRESENTATION_CONTEXT('2D SPACE',''
  ) );
#388 = PCURVE('',#389,#394);
#389 = CYLINDRICAL_SURFACE('',#390,24.15);
#390 = AXIS2_PLACEMENT_3D('',#391,#392,#393);
#391 = CARTESIAN_POINT('',(0.,0.,55.));
#392 = DIRECTION('',(-0.,-0.,-1.));
#393 = DIRECTION('',(1.,0.,-0.));
#394 = DEFINITIONAL_REPRESENTATION('',(#395),#399);
#395 = LINE('',#396,#397);
#396 = CARTESIAN_POINT('',(-0.,0.));
#397 = VECTOR('',#398,1.);
#398 = DIRECTION('',(-1.,0.));
#399 = ( GEOMETRIC_REPRESENTATION_CONTEXT(2) 
PARAMETRIC_REPRESENTATION_CONTEXT() REPRESENTATION_CONTEXT('2D SPACE',''
  ) );
#400 = ADVANCED_FACE('',(#401),#181,.F.);
#401 = FACE_BOUND('',#402,.F.);
#402 = EDGE_LOOP('',(#403,#404,#405,#406));
#403 = ORIENTED_EDGE('',*,*,#165,.T.);
#404 = ORIENTED_EDGE('',*,*,#348,.T.);
#405 = ORIENTED_EDGE('',*,*,#241,.F.);
#406 = ORIENTED_EDGE('',*,*,#290,.F.);
#407 = ADVANCED_FACE('',(#408,#462),#331,.T.);
#408 = FACE_BOUND('',#409,.F.);
#409 = EDGE_LOOP('',(#410,#439,#460,#461));
#410 = ORIENTED_EDGE('',*,*,#411,.F.);
#411 = EDGE_CURVE('',#412,#412,#414,.T.);
#412 = VERTEX_POINT('',#413);
#413 = CARTESIAN_POINT('',(30.15,0.,10.));
#414 = SURFACE_CURVE('',#415,(#420,#427),.PCURVE_S1.);
#415 = CIRCLE('',#416,30.15);
#416 = AXIS2_PLACEMENT_3D('',#417,#418,#419);
#417 = CARTESIAN_POINT('',(0.,0.,10.));
#418 = DIRECTION('',(0.,0.,1.));
#419 = DIRECTION('',(1.,0.,-0.));
#420 = PCURVE('',#331,#421);
#421 = DEFINITIONAL_REPRESENTATION('',(#422),#426);
#422 = LINE('',#423,#424);
#423 = CARTESIAN_POINT('',(-0.,0.));
#424 = VECTOR('',#425,1.);
#425 = DIRECTION('',(-1.,0.));
#426 = ( GEOMETRIC_REPRESENTATION_CONTEXT(2) 
PARAMETRIC_REPRESENTATION_CONTEXT() REPRESENTATION_CONTEXT('2D SPACE',''
  ) );
#427 = PCURVE('',#428,#433);
#428 = PLANE('',#429);
#429 = AXIS2_PLACEMENT_3D('',#430,#431,#432);
#430 = CARTESIAN_POINT('',(0.,0.,10.));
#431 = DIRECTION('',(0.,0.,1.));
#432 = DIRECTION('',(1.,0.,-0.));
#433 = DEFINITIONAL_REPRESENTATION('',(#434),#438);
#434 = CIRCLE('',#435,30.15);
#435 = AXIS2_PLACEMENT_2D('',#436,#437);
#436 = CARTESIAN_POINT('',(0.,0.));
#437 = DIRECTION('',(1.,0.));
#438 = ( GEOMETRIC_REPRESENTATION_CONTEXT(2) 
PARAMETRIC_REPRESENTATION_CONTEXT() REPRESENTATION_CONTEXT('2D SPACE',''
  ) );
#439 = ORIENTED_EDGE('',*,*,#440,.T.);
#440 = EDGE_CURVE('',#412,#315,#441,.T.);
#441 = SEAM_CURVE('',#442,(#446,#453),.PCURVE_S1.);
#442 = LINE('',#443,#444);
#443 = CARTESIAN_POINT('',(30.15,0.,10.));
#444 = VECTOR('',#445,1.);
#445 = DIRECTION('',(0.,0.,1.));
#446 = PCURVE('',#331,#447);
#447 = DEFINITIONAL_REPRESENTATION('',(#448),#452);
#448 = LINE('',#449,#450);
#449 = CARTESIAN_POINT('',(-6.28318530718,0.));
#450 = VECTOR('',#451,1.);
#451 = DIRECTION('',(-0.,-1.));
#452 = ( GEOMETRIC_REPRESENTATION_CONTEXT(2) 
PARAMETRIC_REPRESENTATION_CONTEXT() REPRESENTATION_CONTEXT('2D SPACE',''
  ) );
#453 = PCURVE('',#331,#454);
#454 = DEFINITIONAL_REPRESENTATION('',(#455),#459);
#455 = LINE('',#456,#457);
#456 = CARTESIAN_POINT('',(-0.,0.));
#457 = VECTOR('',#458,1.);
#458 = DIRECTION('',(-0.,-1.));
#459 = ( GEOMETRIC_REPRESENTATION_CONTEXT(2) 
PARAMETRIC_REPRESENTATION_CONTEXT() REPRESENTATION_CONTEXT('2D SPACE',''
  ) );
#460 = ORIENTED_EDGE('',*,*,#314,.T.);
#461 = ORIENTED_EDGE('',*,*,#440,.F.);
#462 = FACE_BOUND('',#463,.F.);
#463 = EDGE_LOOP('',(#464,#635,#661,#825));
#464 = ORIENTED_EDGE('',*,*,#465,.F.);
#465 = EDGE_CURVE('',#466,#468,#470,.T.);
#466 = VERTEX_POINT('',#467);
#467 = CARTESIAN_POINT('',(-10.79814798935,28.15,18.589332236022));
#468 = VERTEX_POINT('',#469);
#469 = CARTESIAN_POINT('',(10.798147989354,28.15,18.589332236022));
#470 = SURFACE_CURVE('',#471,(#522,#576),.PCURVE_S1.);
#471 = B_SPLINE_CURVE_WITH_KNOTS('',7,(#472,#473,#474,#475,#476,#477,
    #478,#479,#480,#481,#482,#483,#484,#485,#486,#487,#488,#489,#490,
    #491,#492,#493,#494,#495,#496,#497,#498,#499,#500,#501,#502,#503,
    #504,#505,#506,#507,#508,#509,#510,#511,#512,#513,#514,#515,#516,
    #517,#518,#519,#520,#521),.UNSPECIFIED.,.F.,.F.,(8,6,6,6,6,6,6,6,8),
  (0.,0.280799483929,0.361843407947,0.408286719458,0.500001543999,
    0.590985459789,0.636241223227,0.718441946061,1.),.UNSPECIFIED.);
#472 = CARTESIAN_POINT('',(-10.79814955351,28.1499994,18.589334131503));
#473 = CARTESIAN_POINT('',(-10.25496614032,28.358360886875,
    17.931091995945));
#474 = CARTESIAN_POINT('',(-9.654533332248,28.574655344284,
    17.298833197811));
#475 = CARTESIAN_POINT('',(-8.994526494278,28.794888509069,
    16.696338955607));
#476 = CARTESIAN_POINT('',(-8.272374328019,29.014304619129,
    16.128911951201));
#477 = CARTESIAN_POINT('',(-7.485587536066,29.227150010908,
    15.603586208157));
#478 = CARTESIAN_POINT('',(-6.632191750967,29.426451452775,
    15.129418720271));
#479 = CARTESIAN_POINT('',(-5.445576340428,29.65537830263,
    14.599207939962));
#480 = CARTESIAN_POINT('',(-5.17428801824,29.704829135416,
    14.485723557504));
#481 = CARTESIAN_POINT('',(-4.897632513188,29.752233447521,
    14.37785134371));
#482 = CARTESIAN_POINT('',(-4.615770737855,29.797370355047,14.2759240825
    ));
#483 = CARTESIAN_POINT('',(-4.328875746304,29.840023209775,
    14.180265487546));
#484 = CARTESIAN_POINT('',(-4.0371327625,29.879981286034,14.091190871236
    ));
#485 = CARTESIAN_POINT('',(-3.57088689328,29.938279303429,
    13.961911706308));
#486 = CARTESIAN_POINT('',(-3.399527471829,29.958563013391,
    13.917084413888));
#487 = CARTESIAN_POINT('',(-3.226731799975,29.977850481754,
    13.874591931259));
#488 = CARTESIAN_POINT('',(-3.052571989717,29.996101997768,
    13.834496316804));
#489 = CARTESIAN_POINT('',(-2.877121409455,30.013280255634,
    13.796855692413));
#490 = CARTESIAN_POINT('',(-2.700454683986,30.029350354504,
    13.761724243486));
#491 = CARTESIAN_POINT('',(-2.171519915049,30.073762005718,
    13.664829985658));
#492 = CARTESIAN_POINT('',(-1.815852744887,30.098804111253,
    13.610472131588));
#493 = CARTESIAN_POINT('',(-1.456509918581,30.119128759558,
    13.566526607982));
#494 = CARTESIAN_POINT('',(-1.094365142336,30.134522609367,
    13.533331336357));
#495 = CARTESIAN_POINT('',(-0.730301820162,30.144838897051,
    13.511115360752));
#496 = CARTESIAN_POINT('',(-0.365212780024,30.15,13.5));
#497 = CARTESIAN_POINT('',(0.362302266718,30.15,13.5));
#498 = CARTESIAN_POINT('',(0.724491294219,30.144920823793,
    13.510938881687));
#499 = CARTESIAN_POINT('',(1.08568332559,30.13476783419,13.532803222059)
  );
#500 = CARTESIAN_POINT('',(1.445003400887,30.119616088268,
    13.565475755865));
#501 = CARTESIAN_POINT('',(1.801585593647,30.099607899554,
    13.608734276573));
#502 = CARTESIAN_POINT('',(2.154573247401,30.074950400221,
    13.662250537343));
#503 = CARTESIAN_POINT('',(2.676487368443,30.031469835693,
    13.757094032133));
#504 = CARTESIAN_POINT('',(2.84878012582,30.015940920625,13.79103326218)
  );
#505 = CARTESIAN_POINT('',(3.019926484522,29.999356285667,
    13.827360531473));
#506 = CARTESIAN_POINT('',(3.189856571576,29.981748067007,
    13.866025916662));
#507 = CARTESIAN_POINT('',(3.358501640823,29.963150609429,
    13.906975881713));
#508 = CARTESIAN_POINT('',(3.525794072921,29.943600466307,13.95015327791
    ));
#509 = CARTESIAN_POINT('',(3.992952876275,29.885966303551,
    14.077858455758));
#510 = CARTESIAN_POINT('',(4.28948696007,29.845789404262,14.167348686826
    ));
#511 = CARTESIAN_POINT('',(4.581059153023,29.802816907199,
    14.263647847862));
#512 = CARTESIAN_POINT('',(4.867471924619,29.757268441818,
    14.366427092593));
#513 = CARTESIAN_POINT('',(5.148540658737,29.709370232757,
    14.475348191069));
#514 = CARTESIAN_POINT('',(5.424093624868,29.659353271001,
    14.590062803077));
#515 = CARTESIAN_POINT('',(6.618372772277,29.42967487506,15.121751978293
    ));
#516 = CARTESIAN_POINT('',(7.474965031703,29.230021672533,
    15.596500838519));
#517 = CARTESIAN_POINT('',(8.264575214389,29.016673582996,
    16.122787054524));
#518 = CARTESIAN_POINT('',(8.989184321154,28.796671010668,
    16.691463017544));
#519 = CARTESIAN_POINT('',(9.651297445557,28.575821036232,
    17.295425607235));
#520 = CARTESIAN_POINT('',(10.253504940571,28.358921393229,
    17.929321280518));
#521 = CARTESIAN_POINT('',(10.798149553511,28.1499994,18.589334131503));
#522 = PCURVE('',#331,#523);
#523 = DEFINITIONAL_REPRESENTATION('',(#524),#575);
#524 = B_SPLINE_CURVE_WITH_KNOTS('',7,(#525,#526,#527,#528,#529,#530,
    #531,#532,#533,#534,#535,#536,#537,#538,#539,#540,#541,#542,#543,
    #544,#545,#546,#547,#548,#549,#550,#551,#552,#553,#554,#555,#556,
    #557,#558,#559,#560,#561,#562,#563,#564,#565,#566,#567,#568,#569,
    #570,#571,#572,#573,#574),.UNSPECIFIED.,.F.,.F.,(8,6,6,6,6,6,6,6,8),
  (0.,0.280799483929,0.361843407947,0.408286719458,0.500001543999,
    0.590985459789,0.636241223227,0.718441946061,1.),.UNSPECIFIED.);
#525 = CARTESIAN_POINT('',(-1.937079433256,-8.589334131503));
#526 = CARTESIAN_POINT('',(-1.917783396853,-7.931091995945));
#527 = CARTESIAN_POINT('',(-1.896620262257,-7.298833197811));
#528 = CARTESIAN_POINT('',(-1.873553773695,-6.696338955607));
#529 = CARTESIAN_POINT('',(-1.848538773735,-6.128911951201));
#530 = CARTESIAN_POINT('',(-1.821529045347,-5.603586208157));
#531 = CARTESIAN_POINT('',(-1.792484334866,-5.129418720271));
#532 = CARTESIAN_POINT('',(-1.752401534345,-4.599207939962));
#533 = CARTESIAN_POINT('',(-1.743255798968,-4.485723557504));
#534 = CARTESIAN_POINT('',(-1.733946948632,-4.37785134371));
#535 = CARTESIAN_POINT('',(-1.724480228017,-4.2759240825));
#536 = CARTESIAN_POINT('',(-1.71486105217,-4.180265487546));
#537 = CARTESIAN_POINT('',(-1.705095002185,-4.091190871236));
#538 = CARTESIAN_POINT('',(-1.689510377291,-3.961911706308));
#539 = CARTESIAN_POINT('',(-1.683787260546,-3.917084413888));
#540 = CARTESIAN_POINT('',(-1.678020674134,-3.874591931259));
#541 = CARTESIAN_POINT('',(-1.672212834827,-3.834496316804));
#542 = CARTESIAN_POINT('',(-1.666365972685,-3.796855692413));
#543 = CARTESIAN_POINT('',(-1.660482331056,-3.761724243486));
#544 = CARTESIAN_POINT('',(-1.64287715721,-3.664829985658));
#545 = CARTESIAN_POINT('',(-1.631052436187,-3.610472131588));
#546 = CARTESIAN_POINT('',(-1.619116718421,-3.566526607982));
#547 = CARTESIAN_POINT('',(-1.607096581892,-3.533331336357));
#548 = CARTESIAN_POINT('',(-1.595018607707,-3.511115360752));
#549 = CARTESIAN_POINT('',(-1.582909520162,-3.5));
#550 = CARTESIAN_POINT('',(-1.558779667866,-3.5));
#551 = CARTESIAN_POINT('',(-1.546766766324,-3.510938881687));
#552 = CARTESIAN_POINT('',(-1.534784094656,-3.532803222059));
#553 = CARTESIAN_POINT('',(-1.522857852175,-3.565475755865));
#554 = CARTESIAN_POINT('',(-1.511014101397,-3.608734276573));
#555 = CARTESIAN_POINT('',(-1.49927890443,-3.662250537343));
#556 = CARTESIAN_POINT('',(-1.481908351595,-3.757094032133));
#557 = CARTESIAN_POINT('',(-1.476170800603,-3.79103326218));
#558 = CARTESIAN_POINT('',(-1.470467919111,-3.827360531473));
#559 = CARTESIAN_POINT('',(-1.464801808026,-3.866025916662));
#560 = CARTESIAN_POINT('',(-1.459174556425,-3.906975881713));
#561 = CARTESIAN_POINT('',(-1.453588241558,-3.95015327791));
#562 = CARTESIAN_POINT('',(-1.437976281731,-4.077858455758));
#563 = CARTESIAN_POINT('',(-1.428051831001,-4.167348686826));
#564 = CARTESIAN_POINT('',(-1.418277693149,-4.263647847862));
#565 = CARTESIAN_POINT('',(-1.408659813014,-4.366427092593));
#566 = CARTESIAN_POINT('',(-1.399203959661,-4.475348191069));
#567 = CARTESIAN_POINT('',(-1.389915722257,-4.590062803077));
#568 = CARTESIAN_POINT('',(-1.349578608203,-5.121751978293));
#569 = CARTESIAN_POINT('',(-1.320428250717,-5.596500838519));
#570 = CARTESIAN_POINT('',(-1.293324030053,-6.122787054524));
#571 = CARTESIAN_POINT('',(-1.268225581495,-6.691463017544));
#572 = CARTESIAN_POINT('',(-1.245086445256,-7.295425607235));
#573 = CARTESIAN_POINT('',(-1.223861164367,-7.929321280518));
#574 = CARTESIAN_POINT('',(-1.204513220334,-8.589334131503));
#575 = ( GEOMETRIC_REPRESENTATION_CONTEXT(2) 
PARAMETRIC_REPRESENTATION_CONTEXT() REPRESENTATION_CONTEXT('2D SPACE',''
  ) );
#576 = PCURVE('',#577,#582);
#577 = CYLINDRICAL_SURFACE('',#578,14.);
#578 = AXIS2_PLACEMENT_3D('',#579,#580,#581);
#579 = CARTESIAN_POINT('',(0.,48.15,27.5));
#580 = DIRECTION('',(0.,1.,-2.22044604925E-16));
#581 = DIRECTION('',(1.,0.,0.));
#582 = DEFINITIONAL_REPRESENTATION('',(#583),#634);
#583 = B_SPLINE_CURVE_WITH_KNOTS('',7,(#584,#585,#586,#587,#588,#589,
    #590,#591,#592,#593,#594,#595,#596,#597,#598,#599,#600,#601,#602,
    #603,#604,#605,#606,#607,#608,#609,#610,#611,#612,#613,#614,#615,
    #616,#617,#618,#619,#620,#621,#622,#623,#624,#625,#626,#627,#628,
    #629,#630,#631,#632,#633),.UNSPECIFIED.,.F.,.F.,(8,6,6,6,6,6,6,6,8),
  (0.,0.280799483929,0.361843407947,0.408286719458,0.500001543999,
    0.590985459789,0.636241223227,0.718441946061,1.),.UNSPECIFIED.);
#584 = CARTESIAN_POINT('',(-3.831513500164,-20.0000006));
#585 = CARTESIAN_POINT('',(-3.892472290585,-19.79163911312));
#586 = CARTESIAN_POINT('',(-3.954602278371,-19.57534465571));
#587 = CARTESIAN_POINT('',(-4.018170944448,-19.35511149093));
#588 = CARTESIAN_POINT('',(-4.08343657378,-19.13569538087));
#589 = CARTESIAN_POINT('',(-4.150664814341,-18.92284998909));
#590 = CARTESIAN_POINT('',(-4.22013561373,-18.72354854722));
#591 = CARTESIAN_POINT('',(-4.312970215502,-18.49462169737));
#592 = CARTESIAN_POINT('',(-4.333969023017,-18.44517086458));
#593 = CARTESIAN_POINT('',(-4.355168998977,-18.39776655247));
#594 = CARTESIAN_POINT('',(-4.376565939053,-18.35262964495));
#595 = CARTESIAN_POINT('',(-4.398156378577,-18.30997679022));
#596 = CARTESIAN_POINT('',(-4.419937539384,-18.27001871396));
#597 = CARTESIAN_POINT('',(-4.454497330301,-18.21172069657));
#598 = CARTESIAN_POINT('',(-4.467147810829,-18.1914369866));
#599 = CARTESIAN_POINT('',(-4.479855861447,-18.17214951824));
#600 = CARTESIAN_POINT('',(-4.492618729236,-18.15389800223));
#601 = CARTESIAN_POINT('',(-4.505433765144,-18.13671974436));
#602 = CARTESIAN_POINT('',(-4.518298423985,-18.12064964549));
#603 = CARTESIAN_POINT('',(-4.556708170236,-18.07623799428));
#604 = CARTESIAN_POINT('',(-4.582396763744,-18.05119588874));
#605 = CARTESIAN_POINT('',(-4.60823666806,-18.03087124044));
#606 = CARTESIAN_POINT('',(-4.634191045847,-18.01547739063));
#607 = CARTESIAN_POINT('',(-4.660224563155,-18.00516110294));
#608 = CARTESIAN_POINT('',(-4.68630235324,-18.));
#609 = CARTESIAN_POINT('',(-4.738267713722,-18.));
#610 = CARTESIAN_POINT('',(-4.76413835992,-18.0050791762));
#611 = CARTESIAN_POINT('',(-4.789966097348,-18.01523216581));
#612 = CARTESIAN_POINT('',(-4.815716656682,-18.03038391173));
#613 = CARTESIAN_POINT('',(-4.841355317066,-18.05039210044));
#614 = CARTESIAN_POINT('',(-4.866845902275,-18.07504959977));
#615 = CARTESIAN_POINT('',(-4.904736025258,-18.1185301643));
#616 = CARTESIAN_POINT('',(-4.917277778422,-18.13405907937));
#617 = CARTESIAN_POINT('',(-4.929772730566,-18.15064371433));
#618 = CARTESIAN_POINT('',(-4.942218482117,-18.16825193299));
#619 = CARTESIAN_POINT('',(-4.954612539728,-18.18684939057));
#620 = CARTESIAN_POINT('',(-4.966952316281,-18.20639953369));
#621 = CARTESIAN_POINT('',(-5.001545134339,-18.26403369644));
#622 = CARTESIAN_POINT('',(-5.023662041521,-18.30421059573));
#623 = CARTESIAN_POINT('',(-5.045583451059,-18.3471830928));
#624 = CARTESIAN_POINT('',(-5.067306291134,-18.39273155818));
#625 = CARTESIAN_POINT('',(-5.088826758285,-18.44062976724));
#626 = CARTESIAN_POINT('',(-5.110140256215,-18.49064672899));
#627 = CARTESIAN_POINT('',(-5.203517810574,-18.72032512494));
#628 = CARTESIAN_POINT('',(-5.273205789319,-18.91997832746));
#629 = CARTESIAN_POINT('',(-5.340636688365,-19.133326417));
#630 = CARTESIAN_POINT('',(-5.406092523614,-19.35332898933));
#631 = CARTESIAN_POINT('',(-5.469840838037,-19.57417896376));
#632 = CARTESIAN_POINT('',(-5.532141686956,-19.79107860677));
#633 = CARTESIAN_POINT('',(-5.593264460605,-20.0000006));
#634 = ( GEOMETRIC_REPRESENTATION_CONTEXT(2) 
PARAMETRIC_REPRESENTATION_CONTEXT() REPRESENTATION_CONTEXT('2D SPACE',''
  ) );
#635 = ORIENTED_EDGE('',*,*,#636,.F.);
#636 = EDGE_CURVE('',#637,#466,#639,.T.);
#637 = VERTEX_POINT('',#638);
#638 = CARTESIAN_POINT('',(-10.79814798935,28.15,36.410667763978));
#639 = SURFACE_CURVE('',#640,(#644,#650),.PCURVE_S1.);
#640 = LINE('',#641,#642);
#641 = CARTESIAN_POINT('',(-10.79814798935,28.15,10.));
#642 = VECTOR('',#643,1.);
#643 = DIRECTION('',(-0.,-0.,-1.));
#644 = PCURVE('',#331,#645);
#645 = DEFINITIONAL_REPRESENTATION('',(#646),#649);
#646 = B_SPLINE_CURVE_WITH_KNOTS('',1,(#647,#648),.UNSPECIFIED.,.F.,.F.,
  (2,2),(-34.3,-0.7),.PIECEWISE_BEZIER_KNOTS.);
#647 = CARTESIAN_POINT('',(-1.937079377691,-34.3));
#648 = CARTESIAN_POINT('',(-1.937079377691,-0.7));
#649 = ( GEOMETRIC_REPRESENTATION_CONTEXT(2) 
PARAMETRIC_REPRESENTATION_CONTEXT() REPRESENTATION_CONTEXT('2D SPACE',''
  ) );
#650 = PCURVE('',#651,#656);
#651 = PLANE('',#652);
#652 = AXIS2_PLACEMENT_3D('',#653,#654,#655);
#653 = CARTESIAN_POINT('',(-3.906971807255E-16,28.15,27.5));
#654 = DIRECTION('',(0.,-1.,2.22044604925E-16));
#655 = DIRECTION('',(1.,0.,0.));
#656 = DEFINITIONAL_REPRESENTATION('',(#657),#660);
#657 = B_SPLINE_CURVE_WITH_KNOTS('',1,(#658,#659),.UNSPECIFIED.,.F.,.F.,
  (2,2),(-34.3,-0.7),.PIECEWISE_BEZIER_KNOTS.);
#658 = CARTESIAN_POINT('',(-10.79814798935,16.8));
#659 = CARTESIAN_POINT('',(-10.79814798935,-16.8));
#660 = ( GEOMETRIC_REPRESENTATION_CONTEXT(2) 
PARAMETRIC_REPRESENTATION_CONTEXT() REPRESENTATION_CONTEXT('2D SPACE',''
  ) );
#661 = ORIENTED_EDGE('',*,*,#662,.F.);
#662 = EDGE_CURVE('',#663,#637,#665,.T.);
#663 = VERTEX_POINT('',#664);
#664 = CARTESIAN_POINT('',(10.798147989354,28.15,36.410667763978));
#665 = SURFACE_CURVE('',#666,(#717,#771),.PCURVE_S1.);
#666 = B_SPLINE_CURVE_WITH_KNOTS('',7,(#667,#668,#669,#670,#671,#672,
    #673,#674,#675,#676,#677,#678,#679,#680,#681,#682,#683,#684,#685,
    #686,#687,#688,#689,#690,#691,#692,#693,#694,#695,#696,#697,#698,
    #699,#700,#701,#702,#703,#704,#705,#706,#707,#708,#709,#710,#711,
    #712,#713,#714,#715,#716),.UNSPECIFIED.,.F.,.F.,(8,6,6,6,6,6,6,6,8),
  (0.,0.280799475264,0.361843396799,0.408286709562,0.500001542321,
    0.590985466261,0.636241231119,0.718441952157,1.),.UNSPECIFIED.);
#667 = CARTESIAN_POINT('',(10.798149553511,28.1499994,36.410665868497));
#668 = CARTESIAN_POINT('',(10.254966140253,28.358360886905,
    37.068908004148));
#669 = CARTESIAN_POINT('',(9.654533332235,28.574655344285,
    37.701166802176));
#670 = CARTESIAN_POINT('',(8.994526494354,28.794888509042,38.30366104432
    ));
#671 = CARTESIAN_POINT('',(8.272374328098,29.014304619108,
    38.871088048755));
#672 = CARTESIAN_POINT('',(7.485587536051,29.227150010919,
    39.396413791872));
#673 = CARTESIAN_POINT('',(6.632191750858,29.426451452797,
    39.870581279777));
#674 = CARTESIAN_POINT('',(5.445576340404,29.655378302635,
    40.400792060049));
#675 = CARTESIAN_POINT('',(5.17428801824,29.704829135416,40.514276442494
    ));
#676 = CARTESIAN_POINT('',(4.897632513213,29.752233447517,40.62214865628
    ));
#677 = CARTESIAN_POINT('',(4.61577073788,29.797370355044,40.724075917492
    ));
#678 = CARTESIAN_POINT('',(4.328875746303,29.840023209776,
    40.819734512456));
#679 = CARTESIAN_POINT('',(4.037132762472,29.879981286037,
    40.908809128771));
#680 = CARTESIAN_POINT('',(3.570886883519,29.93827930465,41.038088296398
    ));
#681 = CARTESIAN_POINT('',(3.399527471337,29.958563013648,
    41.082915586696));
#682 = CARTESIAN_POINT('',(3.226731808577,29.977850480938,
    41.125408066951));
#683 = CARTESIAN_POINT('',(3.052571997772,29.996101996838,41.16550368114
    ));
#684 = CARTESIAN_POINT('',(2.877121407593,30.013280255605,
    41.203144307503));
#685 = CARTESIAN_POINT('',(2.700454672855,30.029350355438,
    41.238275758553));
#686 = CARTESIAN_POINT('',(2.171519915054,30.073762005718,
    41.335170014341));
#687 = CARTESIAN_POINT('',(1.815852744891,30.098804111252,
    41.389527868412));
#688 = CARTESIAN_POINT('',(1.456509918584,30.119128759558,
    41.433473392017));
#689 = CARTESIAN_POINT('',(1.094365142339,30.134522609367,
    41.466668663643));
#690 = CARTESIAN_POINT('',(0.730301820164,30.144838897051,
    41.488884639248));
#691 = CARTESIAN_POINT('',(0.365212780025,30.15,41.5));
#692 = CARTESIAN_POINT('',(-0.362302266718,30.15,41.5));
#693 = CARTESIAN_POINT('',(-0.724491294219,30.144920823793,
    41.489061118313));
#694 = CARTESIAN_POINT('',(-1.08568332559,30.13476783419,41.467196777941
    ));
#695 = CARTESIAN_POINT('',(-1.445003400887,30.119616088268,
    41.434524244135));
#696 = CARTESIAN_POINT('',(-1.801585593647,30.099607899554,
    41.391265723427));
#697 = CARTESIAN_POINT('',(-2.154573247401,30.074950400221,
    41.337749462657));
#698 = CARTESIAN_POINT('',(-2.676487358346,30.031469836534,
    41.242905969702));
#699 = CARTESIAN_POINT('',(-2.848780124119,30.015940920603,
    41.208966737754));
#700 = CARTESIAN_POINT('',(-3.01992649181,29.999356284835,41.17263946669
    ));
#701 = CARTESIAN_POINT('',(-3.189856579366,29.981748066275,
    41.133974081734));
#702 = CARTESIAN_POINT('',(-3.358501640378,29.963150609656,
    41.093024118804));
#703 = CARTESIAN_POINT('',(-3.525794064079,29.943600467398,
    41.049846724507));
#704 = CARTESIAN_POINT('',(-3.992952876312,29.885966303546,
    40.922141544232));
#705 = CARTESIAN_POINT('',(-4.289486960074,29.845789404261,
    40.832651313171));
#706 = CARTESIAN_POINT('',(-4.581059152996,29.802816907202,
    40.736352152146));
#707 = CARTESIAN_POINT('',(-4.867471924592,29.757268441823,
    40.633572907418));
#708 = CARTESIAN_POINT('',(-5.14854065874,29.709370232757,
    40.524651808932));
#709 = CARTESIAN_POINT('',(-5.424093624898,29.659353270996,
    40.40993719691));
#710 = CARTESIAN_POINT('',(-6.618372772342,29.429674875047,
    39.878248021678));
#711 = CARTESIAN_POINT('',(-7.47496503171,29.230021672527,
    39.403499161464));
#712 = CARTESIAN_POINT('',(-8.264575214347,29.016673583007,38.8772129455
    ));
#713 = CARTESIAN_POINT('',(-8.989184321108,28.796671010684,
    38.308536982499));
#714 = CARTESIAN_POINT('',(-9.651297445565,28.575821036231,
    37.704574392773));
#715 = CARTESIAN_POINT('',(-10.25350494061,28.358921393212,
    37.070678719428));
#716 = CARTESIAN_POINT('',(-10.79814955351,28.1499994,36.410665868497));
#717 = PCURVE('',#331,#718);
#718 = DEFINITIONAL_REPRESENTATION('',(#719),#770);
#719 = B_SPLINE_CURVE_WITH_KNOTS('',7,(#720,#721,#722,#723,#724,#725,
    #726,#727,#728,#729,#730,#731,#732,#733,#734,#735,#736,#737,#738,
    #739,#740,#741,#742,#743,#744,#745,#746,#747,#748,#749,#750,#751,
    #752,#753,#754,#755,#756,#757,#758,#759,#760,#761,#762,#763,#764,
    #765,#766,#767,#768,#769),.UNSPECIFIED.,.F.,.F.,(8,6,6,6,6,6,6,6,8),
  (0.,0.280799475264,0.361843396799,0.408286709562,0.500001542321,
    0.590985466261,0.636241231119,0.718441952157,1.),.UNSPECIFIED.);
#720 = CARTESIAN_POINT('',(-1.204513220334,-26.41066586849));
#721 = CARTESIAN_POINT('',(-1.22380925674,-27.06890800414));
#722 = CARTESIAN_POINT('',(-1.244972391334,-27.70116680217));
#723 = CARTESIAN_POINT('',(-1.268038879892,-28.30366104432));
#724 = CARTESIAN_POINT('',(-1.293053879852,-28.87108804875));
#725 = CARTESIAN_POINT('',(-1.320063608243,-29.39641379187));
#726 = CARTESIAN_POINT('',(-1.349108318727,-29.87058127977));
#727 = CARTESIAN_POINT('',(-1.389191119245,-30.40079206004));
#728 = CARTESIAN_POINT('',(-1.398336854622,-30.51427644249));
#729 = CARTESIAN_POINT('',(-1.407645704957,-30.62214865628));
#730 = CARTESIAN_POINT('',(-1.417112425572,-30.72407591749));
#731 = CARTESIAN_POINT('',(-1.42673160142,-30.81973451245));
#732 = CARTESIAN_POINT('',(-1.436497651405,-30.90880912877));
#733 = CARTESIAN_POINT('',(-1.452082276625,-31.03808829639));
#734 = CARTESIAN_POINT('',(-1.457805393061,-31.08291558669));
#735 = CARTESIAN_POINT('',(-1.463571979169,-31.12540806695));
#736 = CARTESIAN_POINT('',(-1.469379818494,-31.16550368114));
#737 = CARTESIAN_POINT('',(-1.475226680966,-31.2031443075));
#738 = CARTESIAN_POINT('',(-1.481110322904,-31.23827575855));
#739 = CARTESIAN_POINT('',(-1.49871549638,-31.33517001434));
#740 = CARTESIAN_POINT('',(-1.510540217402,-31.38952786841));
#741 = CARTESIAN_POINT('',(-1.522475935169,-31.43347339201));
#742 = CARTESIAN_POINT('',(-1.534496071698,-31.46666866364));
#743 = CARTESIAN_POINT('',(-1.546574045883,-31.48888463924));
#744 = CARTESIAN_POINT('',(-1.558683133428,-31.5));
#745 = CARTESIAN_POINT('',(-1.582812985724,-31.5));
#746 = CARTESIAN_POINT('',(-1.594825887266,-31.48906111831));
#747 = CARTESIAN_POINT('',(-1.606808558933,-31.46719677794));
#748 = CARTESIAN_POINT('',(-1.618734801415,-31.43452424413));
#749 = CARTESIAN_POINT('',(-1.630578552193,-31.39126572342));
#750 = CARTESIAN_POINT('',(-1.64231374916,-31.33774946265));
#751 = CARTESIAN_POINT('',(-1.659684301659,-31.2429059697));
#752 = CARTESIAN_POINT('',(-1.665421852931,-31.20896673775));
#753 = CARTESIAN_POINT('',(-1.671124734722,-31.17263946669));
#754 = CARTESIAN_POINT('',(-1.676790845823,-31.13397408173));
#755 = CARTESIAN_POINT('',(-1.682418097149,-31.0930241188));
#756 = CARTESIAN_POINT('',(-1.688004411736,-31.0498467245));
#757 = CARTESIAN_POINT('',(-1.70361637186,-30.92214154423));
#758 = CARTESIAN_POINT('',(-1.713540822589,-30.83265131317));
#759 = CARTESIAN_POINT('',(-1.72331496044,-30.73635215214));
#760 = CARTESIAN_POINT('',(-1.732932840575,-30.63357290741));
#761 = CARTESIAN_POINT('',(-1.742388693929,-30.52465180893));
#762 = CARTESIAN_POINT('',(-1.751676931334,-30.40993719691));
#763 = CARTESIAN_POINT('',(-1.792014045389,-29.87824802167));
#764 = CARTESIAN_POINT('',(-1.821164402873,-29.40349916146));
#765 = CARTESIAN_POINT('',(-1.848268623535,-28.8772129455));
#766 = CARTESIAN_POINT('',(-1.873367072093,-28.30853698249));
#767 = CARTESIAN_POINT('',(-1.896506208334,-27.70457439277));
#768 = CARTESIAN_POINT('',(-1.917731489224,-27.07067871942));
#769 = CARTESIAN_POINT('',(-1.937079433256,-26.41066586849));
#770 = ( GEOMETRIC_REPRESENTATION_CONTEXT(2) 
PARAMETRIC_REPRESENTATION_CONTEXT() REPRESENTATION_CONTEXT('2D SPACE',''
  ) );
#771 = PCURVE('',#577,#772);
#772 = DEFINITIONAL_REPRESENTATION('',(#773),#824);
#773 = B_SPLINE_CURVE_WITH_KNOTS('',7,(#774,#775,#776,#777,#778,#779,
    #780,#781,#782,#783,#784,#785,#786,#787,#788,#789,#790,#791,#792,
    #793,#794,#795,#796,#797,#798,#799,#800,#801,#802,#803,#804,#805,
    #806,#807,#808,#809,#810,#811,#812,#813,#814,#815,#816,#817,#818,
    #819,#820,#821,#822,#823),.UNSPECIFIED.,.F.,.F.,(8,6,6,6,6,6,6,6,8),
  (0.,0.280799475264,0.361843396799,0.408286709562,0.500001542321,
    0.590985466261,0.636241231119,0.718441952157,1.),.UNSPECIFIED.);
#774 = CARTESIAN_POINT('',(-0.689920846575,-20.0000006));
#775 = CARTESIAN_POINT('',(-0.750879637003,-19.79163911309));
#776 = CARTESIAN_POINT('',(-0.813009624781,-19.57534465571));
#777 = CARTESIAN_POINT('',(-0.876578290851,-19.35511149095));
#778 = CARTESIAN_POINT('',(-0.941843920183,-19.13569538089));
#779 = CARTESIAN_POINT('',(-1.009072160753,-18.92284998908));
#780 = CARTESIAN_POINT('',(-1.078542960149,-18.7235485472));
#781 = CARTESIAN_POINT('',(-1.171377561914,-18.49462169736));
#782 = CARTESIAN_POINT('',(-1.192376369427,-18.44517086458));
#783 = CARTESIAN_POINT('',(-1.213576345386,-18.39776655248));
#784 = CARTESIAN_POINT('',(-1.234973285461,-18.35262964495));
#785 = CARTESIAN_POINT('',(-1.256563724987,-18.30997679022));
#786 = CARTESIAN_POINT('',(-1.278344885796,-18.27001871396));
#787 = CARTESIAN_POINT('',(-1.312904677435,-18.21172069535));
#788 = CARTESIAN_POINT('',(-1.325555157283,-18.19143698635));
#789 = CARTESIAN_POINT('',(-1.338263207229,-18.17214951906));
#790 = CARTESIAN_POINT('',(-1.351026075052,-18.15389800316));
#791 = CARTESIAN_POINT('',(-1.363841111682,-18.13671974439));
#792 = CARTESIAN_POINT('',(-1.376705771203,-18.12064964456));
#793 = CARTESIAN_POINT('',(-1.415115516646,-18.07623799428));
#794 = CARTESIAN_POINT('',(-1.440804110154,-18.05119588874));
#795 = CARTESIAN_POINT('',(-1.46664401447,-18.03087124044));
#796 = CARTESIAN_POINT('',(-1.492598392258,-18.01547739063));
#797 = CARTESIAN_POINT('',(-1.518631909565,-18.00516110294));
#798 = CARTESIAN_POINT('',(-1.54470969965,-18.));
#799 = CARTESIAN_POINT('',(-1.596675060132,-18.));
#800 = CARTESIAN_POINT('',(-1.62254570633,-18.0050791762));
#801 = CARTESIAN_POINT('',(-1.648373443758,-18.01523216581));
#802 = CARTESIAN_POINT('',(-1.674124003092,-18.03038391173));
#803 = CARTESIAN_POINT('',(-1.699762663476,-18.05039210044));
#804 = CARTESIAN_POINT('',(-1.725253248685,-18.07504959977));
#805 = CARTESIAN_POINT('',(-1.763143370935,-18.11853016346));
#806 = CARTESIAN_POINT('',(-1.775685124714,-18.13405907939));
#807 = CARTESIAN_POINT('',(-1.788180077513,-18.15064371516));
#808 = CARTESIAN_POINT('',(-1.800625829096,-18.16825193372));
#809 = CARTESIAN_POINT('',(-1.813019886099,-18.18684939034));
#810 = CARTESIAN_POINT('',(-1.825359662036,-18.2063995326));
#811 = CARTESIAN_POINT('',(-1.859952480752,-18.26403369645));
#812 = CARTESIAN_POINT('',(-1.882069387931,-18.30421059573));
#813 = CARTESIAN_POINT('',(-1.903990797467,-18.34718309279));
#814 = CARTESIAN_POINT('',(-1.925713637543,-18.39273155817));
#815 = CARTESIAN_POINT('',(-1.947234104695,-18.44062976724));
#816 = CARTESIAN_POINT('',(-1.968547602628,-18.490646729));
#817 = CARTESIAN_POINT('',(-2.061925156989,-18.72032512495));
#818 = CARTESIAN_POINT('',(-2.13161313573,-18.91997832747));
#819 = CARTESIAN_POINT('',(-2.199044034772,-19.13332641699));
#820 = CARTESIAN_POINT('',(-2.264499870019,-19.35332898931));
#821 = CARTESIAN_POINT('',(-2.328248184447,-19.57417896376));
#822 = CARTESIAN_POINT('',(-2.390549033371,-19.79107860678));
#823 = CARTESIAN_POINT('',(-2.451671807015,-20.0000006));
#824 = ( GEOMETRIC_REPRESENTATION_CONTEXT(2) 
PARAMETRIC_REPRESENTATION_CONTEXT() REPRESENTATION_CONTEXT('2D SPACE',''
  ) );
#825 = ORIENTED_EDGE('',*,*,#826,.T.);
#826 = EDGE_CURVE('',#663,#468,#827,.T.);
#827 = SURFACE_CURVE('',#828,(#832,#838),.PCURVE_S1.);
#828 = LINE('',#829,#830);
#829 = CARTESIAN_POINT('',(10.798147989354,28.15,10.));
#830 = VECTOR('',#831,1.);
#831 = DIRECTION('',(-0.,-0.,-1.));
#832 = PCURVE('',#331,#833);
#833 = DEFINITIONAL_REPRESENTATION('',(#834),#837);
#834 = B_SPLINE_CURVE_WITH_KNOTS('',1,(#835,#836),.UNSPECIFIED.,.F.,.F.,
  (2,2),(-34.3,-0.7),.PIECEWISE_BEZIER_KNOTS.);
#835 = CARTESIAN_POINT('',(-1.204513275899,-34.3));
#836 = CARTESIAN_POINT('',(-1.204513275899,-0.7));
#837 = ( GEOMETRIC_REPRESENTATION_CONTEXT(2) 
PARAMETRIC_REPRESENTATION_CONTEXT() REPRESENTATION_CONTEXT('2D SPACE',''
  ) );
#838 = PCURVE('',#839,#844);
#839 = PLANE('',#840);
#840 = AXIS2_PLACEMENT_3D('',#841,#842,#843);
#841 = CARTESIAN_POINT('',(-3.906971807255E-16,28.15,27.5));
#842 = DIRECTION('',(0.,-1.,2.22044604925E-16));
#843 = DIRECTION('',(1.,0.,0.));
#844 = DEFINITIONAL_REPRESENTATION('',(#845),#848);
#845 = B_SPLINE_CURVE_WITH_KNOTS('',1,(#846,#847),.UNSPECIFIED.,.F.,.F.,
  (2,2),(-34.3,-0.7),.PIECEWISE_BEZIER_KNOTS.);
#846 = CARTESIAN_POINT('',(10.798147989354,16.8));
#847 = CARTESIAN_POINT('',(10.798147989354,-16.8));
#848 = ( GEOMETRIC_REPRESENTATION_CONTEXT(2) 
PARAMETRIC_REPRESENTATION_CONTEXT() REPRESENTATION_CONTEXT('2D SPACE',''
  ) );
#849 = ADVANCED_FACE('',(#850),#389,.T.);
#850 = FACE_BOUND('',#851,.F.);
#851 = EDGE_LOOP('',(#852,#875,#902,#903));
#852 = ORIENTED_EDGE('',*,*,#853,.T.);
#853 = EDGE_CURVE('',#373,#854,#856,.T.);
#854 = VERTEX_POINT('',#855);
#855 = CARTESIAN_POINT('',(24.15,0.,80.));
#856 = SEAM_CURVE('',#857,(#861,#868),.PCURVE_S1.);
#857 = LINE('',#858,#859);
#858 = CARTESIAN_POINT('',(24.15,0.,55.));
#859 = VECTOR('',#860,1.);
#860 = DIRECTION('',(0.,0.,1.));
#861 = PCURVE('',#389,#862);
#862 = DEFINITIONAL_REPRESENTATION('',(#863),#867);
#863 = LINE('',#864,#865);
#864 = CARTESIAN_POINT('',(-0.,0.));
#865 = VECTOR('',#866,1.);
#866 = DIRECTION('',(-0.,-1.));
#867 = ( GEOMETRIC_REPRESENTATION_CONTEXT(2) 
PARAMETRIC_REPRESENTATION_CONTEXT() REPRESENTATION_CONTEXT('2D SPACE',''
  ) );
#868 = PCURVE('',#389,#869);
#869 = DEFINITIONAL_REPRESENTATION('',(#870),#874);
#870 = LINE('',#871,#872);
#871 = CARTESIAN_POINT('',(-6.28318530718,0.));
#872 = VECTOR('',#873,1.);
#873 = DIRECTION('',(-0.,-1.));
#874 = ( GEOMETRIC_REPRESENTATION_CONTEXT(2) 
PARAMETRIC_REPRESENTATION_CONTEXT() REPRESENTATION_CONTEXT('2D SPACE',''
  ) );
#875 = ORIENTED_EDGE('',*,*,#876,.T.);
#876 = EDGE_CURVE('',#854,#854,#877,.T.);
#877 = SURFACE_CURVE('',#878,(#883,#890),.PCURVE_S1.);
#878 = CIRCLE('',#879,24.15);
#879 = AXIS2_PLACEMENT_3D('',#880,#881,#882);
#880 = CARTESIAN_POINT('',(0.,0.,80.));
#881 = DIRECTION('',(0.,0.,1.));
#882 = DIRECTION('',(1.,0.,-0.));
#883 = PCURVE('',#389,#884);
#884 = DEFINITIONAL_REPRESENTATION('',(#885),#889);
#885 = LINE('',#886,#887);
#886 = CARTESIAN_POINT('',(-0.,-25.));
#887 = VECTOR('',#888,1.);
#888 = DIRECTION('',(-1.,0.));
#889 = ( GEOMETRIC_REPRESENTATION_CONTEXT(2) 
PARAMETRIC_REPRESENTATION_CONTEXT() REPRESENTATION_CONTEXT('2D SPACE',''
  ) );
#890 = PCURVE('',#891,#896);
#891 = PLANE('',#892);
#892 = AXIS2_PLACEMENT_3D('',#893,#894,#895);
#893 = CARTESIAN_POINT('',(-9.059644770448E-16,1.732052757821E-15,80.));
#894 = DIRECTION('',(0.,0.,1.));
#895 = DIRECTION('',(1.,0.,-0.));
#896 = DEFINITIONAL_REPRESENTATION('',(#897),#901);
#897 = CIRCLE('',#898,24.15);
#898 = AXIS2_PLACEMENT_2D('',#899,#900);
#899 = CARTESIAN_POINT('',(9.059644770448E-16,-1.732052757821E-15));
#900 = DIRECTION('',(1.,0.));
#901 = ( GEOMETRIC_REPRESENTATION_CONTEXT(2) 
PARAMETRIC_REPRESENTATION_CONTEXT() REPRESENTATION_CONTEXT('2D SPACE',''
  ) );
#902 = ORIENTED_EDGE('',*,*,#853,.F.);
#903 = ORIENTED_EDGE('',*,*,#372,.F.);
#904 = ADVANCED_FACE('',(#905,#1019,#1050,#1081,#1112,#1115),#428,.T.);
#905 = FACE_BOUND('',#906,.T.);
#906 = EDGE_LOOP('',(#907,#937,#965,#993));
#907 = ORIENTED_EDGE('',*,*,#908,.F.);
#908 = EDGE_CURVE('',#909,#911,#913,.T.);
#909 = VERTEX_POINT('',#910);
#910 = CARTESIAN_POINT('',(-67.5,-67.5,10.));
#911 = VERTEX_POINT('',#912);
#912 = CARTESIAN_POINT('',(-67.5,67.5,10.));
#913 = SURFACE_CURVE('',#914,(#918,#925),.PCURVE_S1.);
#914 = LINE('',#915,#916);
#915 = CARTESIAN_POINT('',(-67.5,0.,10.));
#916 = VECTOR('',#917,1.);
#917 = DIRECTION('',(-0.,1.,0.));
#918 = PCURVE('',#428,#919);
#919 = DEFINITIONAL_REPRESENTATION('',(#920),#924);
#920 = LINE('',#921,#922);
#921 = CARTESIAN_POINT('',(-67.5,0.));
#922 = VECTOR('',#923,1.);
#923 = DIRECTION('',(0.,1.));
#924 = ( GEOMETRIC_REPRESENTATION_CONTEXT(2) 
PARAMETRIC_REPRESENTATION_CONTEXT() REPRESENTATION_CONTEXT('2D SPACE',''
  ) );
#925 = PCURVE('',#926,#931);
#926 = PLANE('',#927);
#927 = AXIS2_PLACEMENT_3D('',#928,#929,#930);
#928 = CARTESIAN_POINT('',(-67.5,-67.5,0.));
#929 = DIRECTION('',(-1.,-0.,0.));
#930 = DIRECTION('',(-0.,1.,0.));
#931 = DEFINITIONAL_REPRESENTATION('',(#932),#936);
#932 = LINE('',#933,#934);
#933 = CARTESIAN_POINT('',(67.5,-10.));
#934 = VECTOR('',#935,1.);
#935 = DIRECTION('',(1.,0.));
#936 = ( GEOMETRIC_REPRESENTATION_CONTEXT(2) 
PARAMETRIC_REPRESENTATION_CONTEXT() REPRESENTATION_CONTEXT('2D SPACE',''
  ) );
#937 = ORIENTED_EDGE('',*,*,#938,.T.);
#938 = EDGE_CURVE('',#909,#939,#941,.T.);
#939 = VERTEX_POINT('',#940);
#940 = CARTESIAN_POINT('',(67.5,-67.5,10.));
#941 = SURFACE_CURVE('',#942,(#946,#953),.PCURVE_S1.);
#942 = LINE('',#943,#944);
#943 = CARTESIAN_POINT('',(0.,-67.5,10.));
#944 = VECTOR('',#945,1.);
#945 = DIRECTION('',(1.,0.,-0.));
#946 = PCURVE('',#428,#947);
#947 = DEFINITIONAL_REPRESENTATION('',(#948),#952);
#948 = LINE('',#949,#950);
#949 = CARTESIAN_POINT('',(0.,-67.5));
#950 = VECTOR('',#951,1.);
#951 = DIRECTION('',(1.,0.));
#952 = ( GEOMETRIC_REPRESENTATION_CONTEXT(2) 
PARAMETRIC_REPRESENTATION_CONTEXT() REPRESENTATION_CONTEXT('2D SPACE',''
  ) );
#953 = PCURVE('',#954,#959);
#954 = PLANE('',#955);
#955 = AXIS2_PLACEMENT_3D('',#956,#957,#958);
#956 = CARTESIAN_POINT('',(-67.5,-67.5,0.));
#957 = DIRECTION('',(-0.,1.,0.));
#958 = DIRECTION('',(1.,0.,-0.));
#959 = DEFINITIONAL_REPRESENTATION('',(#960),#964);
#960 = LINE('',#961,#962);
#961 = CARTESIAN_POINT('',(67.5,-10.));
#962 = VECTOR('',#963,1.);
#963 = DIRECTION('',(1.,0.));
#964 = ( GEOMETRIC_REPRESENTATION_CONTEXT(2) 
PARAMETRIC_REPRESENTATION_CONTEXT() REPRESENTATION_CONTEXT('2D SPACE',''
  ) );
#965 = ORIENTED_EDGE('',*,*,#966,.T.);
#966 = EDGE_CURVE('',#939,#967,#969,.T.);
#967 = VERTEX_POINT('',#968);
#968 = CARTESIAN_POINT('',(67.5,67.5,10.));
#969 = SURFACE_CURVE('',#970,(#974,#981),.PCURVE_S1.);
#970 = LINE('',#971,#972);
#971 = CARTESIAN_POINT('',(67.5,0.,10.));
#972 = VECTOR('',#973,1.);
#973 = DIRECTION('',(-0.,1.,0.));
#974 = PCURVE('',#428,#975);
#975 = DEFINITIONAL_REPRESENTATION('',(#976),#980);
#976 = LINE('',#977,#978);
#977 = CARTESIAN_POINT('',(67.5,0.));
#978 = VECTOR('',#979,1.);
#979 = DIRECTION('',(0.,1.));
#980 = ( GEOMETRIC_REPRESENTATION_CONTEXT(2) 
PARAMETRIC_REPRESENTATION_CONTEXT() REPRESENTATION_CONTEXT('2D SPACE',''
  ) );
#981 = PCURVE('',#982,#987);
#982 = PLANE('',#983);
#983 = AXIS2_PLACEMENT_3D('',#984,#985,#986);
#984 = CARTESIAN_POINT('',(67.5,-67.5,0.));
#985 = DIRECTION('',(-1.,-0.,0.));
#986 = DIRECTION('',(-0.,1.,0.));
#987 = DEFINITIONAL_REPRESENTATION('',(#988),#992);
#988 = LINE('',#989,#990);
#989 = CARTESIAN_POINT('',(67.5,-10.));
#990 = VECTOR('',#991,1.);
#991 = DIRECTION('',(1.,0.));
#992 = ( GEOMETRIC_REPRESENTATION_CONTEXT(2) 
PARAMETRIC_REPRESENTATION_CONTEXT() REPRESENTATION_CONTEXT('2D SPACE',''
  ) );
#993 = ORIENTED_EDGE('',*,*,#994,.F.);
#994 = EDGE_CURVE('',#911,#967,#995,.T.);
#995 = SURFACE_CURVE('',#996,(#1000,#1007),.PCURVE_S1.);
#996 = LINE('',#997,#998);
#997 = CARTESIAN_POINT('',(0.,67.5,10.));
#998 = VECTOR('',#999,1.);
#999 = DIRECTION('',(1.,0.,-0.));
#1000 = PCURVE('',#428,#1001);
#1001 = DEFINITIONAL_REPRESENTATION('',(#1002),#1006);
#1002 = LINE('',#1003,#1004);
#1003 = CARTESIAN_POINT('',(0.,67.5));
#1004 = VECTOR('',#1005,1.);
#1005 = DIRECTION('',(1.,0.));
#1006 = ( GEOMETRIC_REPRESENTATION_CONTEXT(2) 
PARAMETRIC_REPRESENTATION_CONTEXT() REPRESENTATION_CONTEXT('2D SPACE',''
  ) );
#1007 = PCURVE('',#1008,#1013);
#1008 = PLANE('',#1009);
#1009 = AXIS2_PLACEMENT_3D('',#1010,#1011,#1012);
#1010 = CARTESIAN_POINT('',(-67.5,67.5,0.));
#1011 = DIRECTION('',(-0.,1.,0.));
#1012 = DIRECTION('',(1.,0.,-0.));
#1013 = DEFINITIONAL_REPRESENTATION('',(#1014),#1018);
#1014 = LINE('',#1015,#1016);
#1015 = CARTESIAN_POINT('',(67.5,-10.));
#1016 = VECTOR('',#1017,1.);
#1017 = DIRECTION('',(1.,0.));
#1018 = ( GEOMETRIC_REPRESENTATION_CONTEXT(2) 
PARAMETRIC_REPRESENTATION_CONTEXT() REPRESENTATION_CONTEXT('2D SPACE',''
  ) );
#1019 = FACE_BOUND('',#1020,.T.);
#1020 = EDGE_LOOP('',(#1021));
#1021 = ORIENTED_EDGE('',*,*,#1022,.F.);
#1022 = EDGE_CURVE('',#1023,#1023,#1025,.T.);
#1023 = VERTEX_POINT('',#1024);
#1024 = CARTESIAN_POINT('',(-38.94166119757,-44.44166119757,10.));
#1025 = SURFACE_CURVE('',#1026,(#1031,#1038),.PCURVE_S1.);
#1026 = CIRCLE('',#1027,5.5);
#1027 = AXIS2_PLACEMENT_3D('',#1028,#1029,#1030);
#1028 = CARTESIAN_POINT('',(-44.44166119757,-44.44166119757,10.));
#1029 = DIRECTION('',(0.,0.,1.));
#1030 = DIRECTION('',(1.,0.,-0.));
#1031 = PCURVE('',#428,#1032);
#1032 = DEFINITIONAL_REPRESENTATION('',(#1033),#1037);
#1033 = CIRCLE('',#1034,5.5);
#1034 = AXIS2_PLACEMENT_2D('',#1035,#1036);
#1035 = CARTESIAN_POINT('',(-44.44166119757,-44.44166119757));
#1036 = DIRECTION('',(1.,0.));
#1037 = ( GEOMETRIC_REPRESENTATION_CONTEXT(2) 
PARAMETRIC_REPRESENTATION_CONTEXT() REPRESENTATION_CONTEXT('2D SPACE',''
  ) );
#1038 = PCURVE('',#1039,#1044);
#1039 = CYLINDRICAL_SURFACE('',#1040,5.5);
#1040 = AXIS2_PLACEMENT_3D('',#1041,#1042,#1043);
#1041 = CARTESIAN_POINT('',(-44.44166119757,-44.44166119757,0.));
#1042 = DIRECTION('',(-0.,-0.,-1.));
#1043 = DIRECTION('',(1.,0.,-0.));
#1044 = DEFINITIONAL_REPRESENTATION('',(#1045),#1049);
#1045 = LINE('',#1046,#1047);
#1046 = CARTESIAN_POINT('',(-0.,-10.));
#1047 = VECTOR('',#1048,1.);
#1048 = DIRECTION('',(-1.,0.));
#1049 = ( GEOMETRIC_REPRESENTATION_CONTEXT(2) 
PARAMETRIC_REPRESENTATION_CONTEXT() REPRESENTATION_CONTEXT('2D SPACE',''
  ) );
#1050 = FACE_BOUND('',#1051,.T.);
#1051 = EDGE_LOOP('',(#1052));
#1052 = ORIENTED_EDGE('',*,*,#1053,.F.);
#1053 = EDGE_CURVE('',#1054,#1054,#1056,.T.);
#1054 = VERTEX_POINT('',#1055);
#1055 = CARTESIAN_POINT('',(49.941661197575,-44.44166119757,10.));
#1056 = SURFACE_CURVE('',#1057,(#1062,#1069),.PCURVE_S1.);
#1057 = CIRCLE('',#1058,5.5);
#1058 = AXIS2_PLACEMENT_3D('',#1059,#1060,#1061);
#1059 = CARTESIAN_POINT('',(44.441661197575,-44.44166119757,10.));
#1060 = DIRECTION('',(0.,0.,1.));
#1061 = DIRECTION('',(1.,0.,-0.));
#1062 = PCURVE('',#428,#1063);
#1063 = DEFINITIONAL_REPRESENTATION('',(#1064),#1068);
#1064 = CIRCLE('',#1065,5.5);
#1065 = AXIS2_PLACEMENT_2D('',#1066,#1067);
#1066 = CARTESIAN_POINT('',(44.441661197575,-44.44166119757));
#1067 = DIRECTION('',(1.,0.));
#1068 = ( GEOMETRIC_REPRESENTATION_CONTEXT(2) 
PARAMETRIC_REPRESENTATION_CONTEXT() REPRESENTATION_CONTEXT('2D SPACE',''
  ) );
#1069 = PCURVE('',#1070,#1075);
#1070 = CYLINDRICAL_SURFACE('',#1071,5.5);
#1071 = AXIS2_PLACEMENT_3D('',#1072,#1073,#1074);
#1072 = CARTESIAN_POINT('',(44.441661197575,-44.44166119757,0.));
#1073 = DIRECTION('',(-0.,-0.,-1.));
#1074 = DIRECTION('',(1.,0.,-0.));
#1075 = DEFINITIONAL_REPRESENTATION('',(#1076),#1080);
#1076 = LINE('',#1077,#1078);
#1077 = CARTESIAN_POINT('',(-0.,-10.));
#1078 = VECTOR('',#1079,1.);
#1079 = DIRECTION('',(-1.,0.));
#1080 = ( GEOMETRIC_REPRESENTATION_CONTEXT(2) 
PARAMETRIC_REPRESENTATION_CONTEXT() REPRESENTATION_CONTEXT('2D SPACE',''
  ) );
#1081 = FACE_BOUND('',#1082,.T.);
#1082 = EDGE_LOOP('',(#1083));
#1083 = ORIENTED_EDGE('',*,*,#1084,.F.);
#1084 = EDGE_CURVE('',#1085,#1085,#1087,.T.);
#1085 = VERTEX_POINT('',#1086);
#1086 = CARTESIAN_POINT('',(-38.94166119757,44.441661197575,10.));
#1087 = SURFACE_CURVE('',#1088,(#1093,#1100),.PCURVE_S1.);
#1088 = CIRCLE('',#1089,5.5);
#1089 = AXIS2_PLACEMENT_3D('',#1090,#1091,#1092);
#1090 = CARTESIAN_POINT('',(-44.44166119757,44.441661197575,10.));
#1091 = DIRECTION('',(0.,0.,1.));
#1092 = DIRECTION('',(1.,0.,-0.));
#1093 = PCURVE('',#428,#1094);
#1094 = DEFINITIONAL_REPRESENTATION('',(#1095),#1099);
#1095 = CIRCLE('',#1096,5.5);
#1096 = AXIS2_PLACEMENT_2D('',#1097,#1098);
#1097 = CARTESIAN_POINT('',(-44.44166119757,44.441661197575));
#1098 = DIRECTION('',(1.,0.));
#1099 = ( GEOMETRIC_REPRESENTATION_CONTEXT(2) 
PARAMETRIC_REPRESENTATION_CONTEXT() REPRESENTATION_CONTEXT('2D SPACE',''
  ) );
#1100 = PCURVE('',#1101,#1106);
#1101 = CYLINDRICAL_SURFACE('',#1102,5.5);
#1102 = AXIS2_PLACEMENT_3D('',#1103,#1104,#1105);
#1103 = CARTESIAN_POINT('',(-44.44166119757,44.441661197575,0.));
#1104 = DIRECTION('',(-0.,-0.,-1.));
#1105 = DIRECTION('',(1.,0.,-0.));
#1106 = DEFINITIONAL_REPRESENTATION('',(#1107),#1111);
#1107 = LINE('',#1108,#1109);
#1108 = CARTESIAN_POINT('',(-0.,-10.));
#1109 = VECTOR('',#1110,1.);
#1110 = DIRECTION('',(-1.,0.));
#1111 = ( GEOMETRIC_REPRESENTATION_CONTEXT(2) 
PARAMETRIC_REPRESENTATION_CONTEXT() REPRESENTATION_CONTEXT('2D SPACE',''
  ) );
#1112 = FACE_BOUND('',#1113,.T.);
#1113 = EDGE_LOOP('',(#1114));
#1114 = ORIENTED_EDGE('',*,*,#411,.F.);
#1115 = FACE_BOUND('',#1116,.T.);
#1116 = EDGE_LOOP('',(#1117));
#1117 = ORIENTED_EDGE('',*,*,#1118,.F.);
#1118 = EDGE_CURVE('',#1119,#1119,#1121,.T.);
#1119 = VERTEX_POINT('',#1120);
#1120 = CARTESIAN_POINT('',(49.941661197575,44.441661197575,10.));
#1121 = SURFACE_CURVE('',#1122,(#1127,#1134),.PCURVE_S1.);
#1122 = CIRCLE('',#1123,5.5);
#1123 = AXIS2_PLACEMENT_3D('',#1124,#1125,#1126);
#1124 = CARTESIAN_POINT('',(44.441661197575,44.441661197575,10.));
#1125 = DIRECTION('',(0.,0.,1.));
#1126 = DIRECTION('',(1.,0.,-0.));
#1127 = PCURVE('',#428,#1128);
#1128 = DEFINITIONAL_REPRESENTATION('',(#1129),#1133);
#1129 = CIRCLE('',#1130,5.5);
#1130 = AXIS2_PLACEMENT_2D('',#1131,#1132);
#1131 = CARTESIAN_POINT('',(44.441661197575,44.441661197575));
#1132 = DIRECTION('',(1.,0.));
#1133 = ( GEOMETRIC_REPRESENTATION_CONTEXT(2) 
PARAMETRIC_REPRESENTATION_CONTEXT() REPRESENTATION_CONTEXT('2D SPACE',''
  ) );
#1134 = PCURVE('',#1135,#1140);
#1135 = CYLINDRICAL_SURFACE('',#1136,5.5);
#1136 = AXIS2_PLACEMENT_3D('',#1137,#1138,#1139);
#1137 = CARTESIAN_POINT('',(44.441661197575,44.441661197575,0.));
#1138 = DIRECTION('',(-0.,-0.,-1.));
#1139 = DIRECTION('',(1.,0.,-0.));
#1140 = DEFINITIONAL_REPRESENTATION('',(#1141),#1145);
#1141 = LINE('',#1142,#1143);
#1142 = CARTESIAN_POINT('',(-0.,-10.));
#1143 = VECTOR('',#1144,1.);
#1144 = DIRECTION('',(-1.,0.));
#1145 = ( GEOMETRIC_REPRESENTATION_CONTEXT(2) 
PARAMETRIC_REPRESENTATION_CONTEXT() REPRESENTATION_CONTEXT('2D SPACE',''
  ) );
#1146 = ADVANCED_FACE('',(#1147),#577,.T.);
#1147 = FACE_BOUND('',#1148,.F.);
#1148 = EDGE_LOOP('',(#1149,#1178,#1201,#1223,#1224,#1246,#1247,#1269));
#1149 = ORIENTED_EDGE('',*,*,#1150,.F.);
#1150 = EDGE_CURVE('',#1151,#1151,#1153,.T.);
#1151 = VERTEX_POINT('',#1152);
#1152 = CARTESIAN_POINT('',(14.,48.15,27.5));
#1153 = SURFACE_CURVE('',#1154,(#1159,#1166),.PCURVE_S1.);
#1154 = CIRCLE('',#1155,14.);
#1155 = AXIS2_PLACEMENT_3D('',#1156,#1157,#1158);
#1156 = CARTESIAN_POINT('',(0.,48.15,27.5));
#1157 = DIRECTION('',(0.,-1.,2.22044604925E-16));
#1158 = DIRECTION('',(1.,0.,0.));
#1159 = PCURVE('',#577,#1160);
#1160 = DEFINITIONAL_REPRESENTATION('',(#1161),#1165);
#1161 = LINE('',#1162,#1163);
#1162 = CARTESIAN_POINT('',(-0.,0.));
#1163 = VECTOR('',#1164,1.);
#1164 = DIRECTION('',(-1.,0.));
#1165 = ( GEOMETRIC_REPRESENTATION_CONTEXT(2) 
PARAMETRIC_REPRESENTATION_CONTEXT() REPRESENTATION_CONTEXT('2D SPACE',''
  ) );
#1166 = PCURVE('',#1167,#1172);
#1167 = PLANE('',#1168);
#1168 = AXIS2_PLACEMENT_3D('',#1169,#1170,#1171);
#1169 = CARTESIAN_POINT('',(-3.906971807255E-16,48.15,27.5));
#1170 = DIRECTION('',(0.,-1.,2.22044604925E-16));
#1171 = DIRECTION('',(1.,0.,0.));
#1172 = DEFINITIONAL_REPRESENTATION('',(#1173),#1177);
#1173 = CIRCLE('',#1174,14.);
#1174 = AXIS2_PLACEMENT_2D('',#1175,#1176);
#1175 = CARTESIAN_POINT('',(3.906971807255E-16,-9.912868833001E-16));
#1176 = DIRECTION('',(1.,0.));
#1177 = ( GEOMETRIC_REPRESENTATION_CONTEXT(2) 
PARAMETRIC_REPRESENTATION_CONTEXT() REPRESENTATION_CONTEXT('2D SPACE',''
  ) );
#1178 = ORIENTED_EDGE('',*,*,#1179,.T.);
#1179 = EDGE_CURVE('',#1151,#1180,#1182,.T.);
#1180 = VERTEX_POINT('',#1181);
#1181 = CARTESIAN_POINT('',(14.,28.15,27.5));
#1182 = SEAM_CURVE('',#1183,(#1187,#1194),.PCURVE_S1.);
#1183 = LINE('',#1184,#1185);
#1184 = CARTESIAN_POINT('',(14.,48.15,27.5));
#1185 = VECTOR('',#1186,1.);
#1186 = DIRECTION('',(0.,-1.,2.22044604925E-16));
#1187 = PCURVE('',#577,#1188);
#1188 = DEFINITIONAL_REPRESENTATION('',(#1189),#1193);
#1189 = LINE('',#1190,#1191);
#1190 = CARTESIAN_POINT('',(-6.28318530718,0.));
#1191 = VECTOR('',#1192,1.);
#1192 = DIRECTION('',(-0.,-1.));
#1193 = ( GEOMETRIC_REPRESENTATION_CONTEXT(2) 
PARAMETRIC_REPRESENTATION_CONTEXT() REPRESENTATION_CONTEXT('2D SPACE',''
  ) );
#1194 = PCURVE('',#577,#1195);
#1195 = DEFINITIONAL_REPRESENTATION('',(#1196),#1200);
#1196 = LINE('',#1197,#1198);
#1197 = CARTESIAN_POINT('',(-0.,0.));
#1198 = VECTOR('',#1199,1.);
#1199 = DIRECTION('',(-0.,-1.));
#1200 = ( GEOMETRIC_REPRESENTATION_CONTEXT(2) 
PARAMETRIC_REPRESENTATION_CONTEXT() REPRESENTATION_CONTEXT('2D SPACE',''
  ) );
#1201 = ORIENTED_EDGE('',*,*,#1202,.T.);
#1202 = EDGE_CURVE('',#1180,#663,#1203,.T.);
#1203 = SURFACE_CURVE('',#1204,(#1209,#1216),.PCURVE_S1.);
#1204 = CIRCLE('',#1205,14.);
#1205 = AXIS2_PLACEMENT_3D('',#1206,#1207,#1208);
#1206 = CARTESIAN_POINT('',(0.,28.15,27.5));
#1207 = DIRECTION('',(0.,-1.,2.22044604925E-16));
#1208 = DIRECTION('',(1.,0.,0.));
#1209 = PCURVE('',#577,#1210);
#1210 = DEFINITIONAL_REPRESENTATION('',(#1211),#1215);
#1211 = LINE('',#1212,#1213);
#1212 = CARTESIAN_POINT('',(-0.,-20.));
#1213 = VECTOR('',#1214,1.);
#1214 = DIRECTION('',(-1.,0.));
#1215 = ( GEOMETRIC_REPRESENTATION_CONTEXT(2) 
PARAMETRIC_REPRESENTATION_CONTEXT() REPRESENTATION_CONTEXT('2D SPACE',''
  ) );
#1216 = PCURVE('',#839,#1217);
#1217 = DEFINITIONAL_REPRESENTATION('',(#1218),#1222);
#1218 = CIRCLE('',#1219,14.);
#1219 = AXIS2_PLACEMENT_2D('',#1220,#1221);
#1220 = CARTESIAN_POINT('',(3.906971807255E-16,-9.912868833001E-16));
#1221 = DIRECTION('',(1.,0.));
#1222 = ( GEOMETRIC_REPRESENTATION_CONTEXT(2) 
PARAMETRIC_REPRESENTATION_CONTEXT() REPRESENTATION_CONTEXT('2D SPACE',''
  ) );
#1223 = ORIENTED_EDGE('',*,*,#662,.T.);
#1224 = ORIENTED_EDGE('',*,*,#1225,.T.);
#1225 = EDGE_CURVE('',#637,#466,#1226,.T.);
#1226 = SURFACE_CURVE('',#1227,(#1232,#1239),.PCURVE_S1.);
#1227 = CIRCLE('',#1228,14.);
#1228 = AXIS2_PLACEMENT_3D('',#1229,#1230,#1231);
#1229 = CARTESIAN_POINT('',(0.,28.15,27.5));
#1230 = DIRECTION('',(0.,-1.,2.22044604925E-16));
#1231 = DIRECTION('',(1.,0.,0.));
#1232 = PCURVE('',#577,#1233);
#1233 = DEFINITIONAL_REPRESENTATION('',(#1234),#1238);
#1234 = LINE('',#1235,#1236);
#1235 = CARTESIAN_POINT('',(-0.,-20.));
#1236 = VECTOR('',#1237,1.);
#1237 = DIRECTION('',(-1.,0.));
#1238 = ( GEOMETRIC_REPRESENTATION_CONTEXT(2) 
PARAMETRIC_REPRESENTATION_CONTEXT() REPRESENTATION_CONTEXT('2D SPACE',''
  ) );
#1239 = PCURVE('',#651,#1240);
#1240 = DEFINITIONAL_REPRESENTATION('',(#1241),#1245);
#1241 = CIRCLE('',#1242,14.);
#1242 = AXIS2_PLACEMENT_2D('',#1243,#1244);
#1243 = CARTESIAN_POINT('',(3.906971807255E-16,-9.912868833001E-16));
#1244 = DIRECTION('',(1.,0.));
#1245 = ( GEOMETRIC_REPRESENTATION_CONTEXT(2) 
PARAMETRIC_REPRESENTATION_CONTEXT() REPRESENTATION_CONTEXT('2D SPACE',''
  ) );
#1246 = ORIENTED_EDGE('',*,*,#465,.T.);
#1247 = ORIENTED_EDGE('',*,*,#1248,.T.);
#1248 = EDGE_CURVE('',#468,#1180,#1249,.T.);
#1249 = SURFACE_CURVE('',#1250,(#1255,#1262),.PCURVE_S1.);
#1250 = CIRCLE('',#1251,14.);
#1251 = AXIS2_PLACEMENT_3D('',#1252,#1253,#1254);
#1252 = CARTESIAN_POINT('',(0.,28.15,27.5));
#1253 = DIRECTION('',(0.,-1.,2.22044604925E-16));
#1254 = DIRECTION('',(1.,0.,0.));
#1255 = PCURVE('',#577,#1256);
#1256 = DEFINITIONAL_REPRESENTATION('',(#1257),#1261);
#1257 = LINE('',#1258,#1259);
#1258 = CARTESIAN_POINT('',(-0.,-20.));
#1259 = VECTOR('',#1260,1.);
#1260 = DIRECTION('',(-1.,0.));
#1261 = ( GEOMETRIC_REPRESENTATION_CONTEXT(2) 
PARAMETRIC_REPRESENTATION_CONTEXT() REPRESENTATION_CONTEXT('2D SPACE',''
  ) );
#1262 = PCURVE('',#839,#1263);
#1263 = DEFINITIONAL_REPRESENTATION('',(#1264),#1268);
#1264 = CIRCLE('',#1265,14.);
#1265 = AXIS2_PLACEMENT_2D('',#1266,#1267);
#1266 = CARTESIAN_POINT('',(3.906971807255E-16,-9.912868833001E-16));
#1267 = DIRECTION('',(1.,0.));
#1268 = ( GEOMETRIC_REPRESENTATION_CONTEXT(2) 
PARAMETRIC_REPRESENTATION_CONTEXT() REPRESENTATION_CONTEXT('2D SPACE',''
  ) );
#1269 = ORIENTED_EDGE('',*,*,#1179,.F.);
#1270 = ADVANCED_FACE('',(#1271),#839,.T.);
#1271 = FACE_BOUND('',#1272,.T.);
#1272 = EDGE_LOOP('',(#1273,#1274,#1275));
#1273 = ORIENTED_EDGE('',*,*,#1248,.T.);
#1274 = ORIENTED_EDGE('',*,*,#1202,.T.);
#1275 = ORIENTED_EDGE('',*,*,#826,.T.);
#1276 = ADVANCED_FACE('',(#1277),#651,.T.);
#1277 = FACE_BOUND('',#1278,.T.);
#1278 = EDGE_LOOP('',(#1279,#1280));
#1279 = ORIENTED_EDGE('',*,*,#636,.F.);
#1280 = ORIENTED_EDGE('',*,*,#1225,.T.);
#1281 = ADVANCED_FACE('',(#1282,#1285),#891,.T.);
#1282 = FACE_BOUND('',#1283,.T.);
#1283 = EDGE_LOOP('',(#1284));
#1284 = ORIENTED_EDGE('',*,*,#876,.T.);
#1285 = FACE_BOUND('',#1286,.T.);
#1286 = EDGE_LOOP('',(#1287));
#1287 = ORIENTED_EDGE('',*,*,#1288,.F.);
#1288 = EDGE_CURVE('',#1289,#1289,#1291,.T.);
#1289 = VERTEX_POINT('',#1290);
#1290 = CARTESIAN_POINT('',(13.5,0.,80.));
#1291 = SURFACE_CURVE('',#1292,(#1297,#1304),.PCURVE_S1.);
#1292 = CIRCLE('',#1293,13.5);
#1293 = AXIS2_PLACEMENT_3D('',#1294,#1295,#1296);
#1294 = CARTESIAN_POINT('',(0.,0.,80.));
#1295 = DIRECTION('',(0.,0.,1.));
#1296 = DIRECTION('',(1.,0.,-0.));
#1297 = PCURVE('',#891,#1298);
#1298 = DEFINITIONAL_REPRESENTATION('',(#1299),#1303);
#1299 = CIRCLE('',#1300,13.5);
#1300 = AXIS2_PLACEMENT_2D('',#1301,#1302);
#1301 = CARTESIAN_POINT('',(9.059644770448E-16,-1.732052757821E-15));
#1302 = DIRECTION('',(1.,0.));
#1303 = ( GEOMETRIC_REPRESENTATION_CONTEXT(2) 
PARAMETRIC_REPRESENTATION_CONTEXT() REPRESENTATION_CONTEXT('2D SPACE',''
  ) );
#1304 = PCURVE('',#1305,#1310);
#1305 = CYLINDRICAL_SURFACE('',#1306,13.5);
#1306 = AXIS2_PLACEMENT_3D('',#1307,#1308,#1309);
#1307 = CARTESIAN_POINT('',(0.,0.,55.));
#1308 = DIRECTION('',(-0.,-0.,-1.));
#1309 = DIRECTION('',(1.,0.,-0.));
#1310 = DEFINITIONAL_REPRESENTATION('',(#1311),#1315);
#1311 = LINE('',#1312,#1313);
#1312 = CARTESIAN_POINT('',(-0.,-25.));
#1313 = VECTOR('',#1314,1.);
#1314 = DIRECTION('',(-1.,0.));
#1315 = ( GEOMETRIC_REPRESENTATION_CONTEXT(2) 
PARAMETRIC_REPRESENTATION_CONTEXT() REPRESENTATION_CONTEXT('2D SPACE',''
  ) );
#1316 = ADVANCED_FACE('',(#1317),#926,.T.);
#1317 = FACE_BOUND('',#1318,.T.);
#1318 = EDGE_LOOP('',(#1319,#1342,#1343,#1366));
#1319 = ORIENTED_EDGE('',*,*,#1320,.T.);
#1320 = EDGE_CURVE('',#1321,#909,#1323,.T.);
#1321 = VERTEX_POINT('',#1322);
#1322 = CARTESIAN_POINT('',(-67.5,-67.5,0.));
#1323 = SURFACE_CURVE('',#1324,(#1328,#1335),.PCURVE_S1.);
#1324 = LINE('',#1325,#1326);
#1325 = CARTESIAN_POINT('',(-67.5,-67.5,0.));
#1326 = VECTOR('',#1327,1.);
#1327 = DIRECTION('',(0.,0.,1.));
#1328 = PCURVE('',#926,#1329);
#1329 = DEFINITIONAL_REPRESENTATION('',(#1330),#1334);
#1330 = LINE('',#1331,#1332);
#1331 = CARTESIAN_POINT('',(0.,0.));
#1332 = VECTOR('',#1333,1.);
#1333 = DIRECTION('',(0.,-1.));
#1334 = ( GEOMETRIC_REPRESENTATION_CONTEXT(2) 
PARAMETRIC_REPRESENTATION_CONTEXT() REPRESENTATION_CONTEXT('2D SPACE',''
  ) );
#1335 = PCURVE('',#954,#1336);
#1336 = DEFINITIONAL_REPRESENTATION('',(#1337),#1341);
#1337 = LINE('',#1338,#1339);
#1338 = CARTESIAN_POINT('',(0.,0.));
#1339 = VECTOR('',#1340,1.);
#1340 = DIRECTION('',(0.,-1.));
#1341 = ( GEOMETRIC_REPRESENTATION_CONTEXT(2) 
PARAMETRIC_REPRESENTATION_CONTEXT() REPRESENTATION_CONTEXT('2D SPACE',''
  ) );
#1342 = ORIENTED_EDGE('',*,*,#908,.T.);
#1343 = ORIENTED_EDGE('',*,*,#1344,.F.);
#1344 = EDGE_CURVE('',#1345,#911,#1347,.T.);
#1345 = VERTEX_POINT('',#1346);
#1346 = CARTESIAN_POINT('',(-67.5,67.5,0.));
#1347 = SURFACE_CURVE('',#1348,(#1352,#1359),.PCURVE_S1.);
#1348 = LINE('',#1349,#1350);
#1349 = CARTESIAN_POINT('',(-67.5,67.5,0.));
#1350 = VECTOR('',#1351,1.);
#1351 = DIRECTION('',(0.,0.,1.));
#1352 = PCURVE('',#926,#1353);
#1353 = DEFINITIONAL_REPRESENTATION('',(#1354),#1358);
#1354 = LINE('',#1355,#1356);
#1355 = CARTESIAN_POINT('',(135.,0.));
#1356 = VECTOR('',#1357,1.);
#1357 = DIRECTION('',(0.,-1.));
#1358 = ( GEOMETRIC_REPRESENTATION_CONTEXT(2) 
PARAMETRIC_REPRESENTATION_CONTEXT() REPRESENTATION_CONTEXT('2D SPACE',''
  ) );
#1359 = PCURVE('',#1008,#1360);
#1360 = DEFINITIONAL_REPRESENTATION('',(#1361),#1365);
#1361 = LINE('',#1362,#1363);
#1362 = CARTESIAN_POINT('',(0.,0.));
#1363 = VECTOR('',#1364,1.);
#1364 = DIRECTION('',(0.,-1.));
#1365 = ( GEOMETRIC_REPRESENTATION_CONTEXT(2) 
PARAMETRIC_REPRESENTATION_CONTEXT() REPRESENTATION_CONTEXT('2D SPACE',''
  ) );
#1366 = ORIENTED_EDGE('',*,*,#1367,.F.);
#1367 = EDGE_CURVE('',#1321,#1345,#1368,.T.);
#1368 = SURFACE_CURVE('',#1369,(#1373,#1380),.PCURVE_S1.);
#1369 = LINE('',#1370,#1371);
#1370 = CARTESIAN_POINT('',(-67.5,0.,0.));
#1371 = VECTOR('',#1372,1.);
#1372 = DIRECTION('',(-0.,1.,0.));
#1373 = PCURVE('',#926,#1374);
#1374 = DEFINITIONAL_REPRESENTATION('',(#1375),#1379);
#1375 = LINE('',#1376,#1377);
#1376 = CARTESIAN_POINT('',(67.5,0.));
#1377 = VECTOR('',#1378,1.);
#1378 = DIRECTION('',(1.,0.));
#1379 = ( GEOMETRIC_REPRESENTATION_CONTEXT(2) 
PARAMETRIC_REPRESENTATION_CONTEXT() REPRESENTATION_CONTEXT('2D SPACE',''
  ) );
#1380 = PCURVE('',#1381,#1386);
#1381 = PLANE('',#1382);
#1382 = AXIS2_PLACEMENT_3D('',#1383,#1384,#1385);
#1383 = CARTESIAN_POINT('',(0.,0.,0.));
#1384 = DIRECTION('',(0.,0.,1.));
#1385 = DIRECTION('',(1.,0.,-0.));
#1386 = DEFINITIONAL_REPRESENTATION('',(#1387),#1391);
#1387 = LINE('',#1388,#1389);
#1388 = CARTESIAN_POINT('',(-67.5,0.));
#1389 = VECTOR('',#1390,1.);
#1390 = DIRECTION('',(0.,1.));
#1391 = ( GEOMETRIC_REPRESENTATION_CONTEXT(2) 
PARAMETRIC_REPRESENTATION_CONTEXT() REPRESENTATION_CONTEXT('2D SPACE',''
  ) );
#1392 = ADVANCED_FACE('',(#1393),#954,.F.);
#1393 = FACE_BOUND('',#1394,.F.);
#1394 = EDGE_LOOP('',(#1395,#1396,#1397,#1420));
#1395 = ORIENTED_EDGE('',*,*,#1320,.T.);
#1396 = ORIENTED_EDGE('',*,*,#938,.T.);
#1397 = ORIENTED_EDGE('',*,*,#1398,.F.);
#1398 = EDGE_CURVE('',#1399,#939,#1401,.T.);
#1399 = VERTEX_POINT('',#1400);
#1400 = CARTESIAN_POINT('',(67.5,-67.5,0.));
#1401 = SURFACE_CURVE('',#1402,(#1406,#1413),.PCURVE_S1.);
#1402 = LINE('',#1403,#1404);
#1403 = CARTESIAN_POINT('',(67.5,-67.5,0.));
#1404 = VECTOR('',#1405,1.);
#1405 = DIRECTION('',(0.,0.,1.));
#1406 = PCURVE('',#954,#1407);
#1407 = DEFINITIONAL_REPRESENTATION('',(#1408),#1412);
#1408 = LINE('',#1409,#1410);
#1409 = CARTESIAN_POINT('',(135.,0.));
#1410 = VECTOR('',#1411,1.);
#1411 = DIRECTION('',(0.,-1.));
#1412 = ( GEOMETRIC_REPRESENTATION_CONTEXT(2) 
PARAMETRIC_REPRESENTATION_CONTEXT() REPRESENTATION_CONTEXT('2D SPACE',''
  ) );
#1413 = PCURVE('',#982,#1414);
#1414 = DEFINITIONAL_REPRESENTATION('',(#1415),#1419);
#1415 = LINE('',#1416,#1417);
#1416 = CARTESIAN_POINT('',(0.,0.));
#1417 = VECTOR('',#1418,1.);
#1418 = DIRECTION('',(0.,-1.));
#1419 = ( GEOMETRIC_REPRESENTATION_CONTEXT(2) 
PARAMETRIC_REPRESENTATION_CONTEXT() REPRESENTATION_CONTEXT('2D SPACE',''
  ) );
#1420 = ORIENTED_EDGE('',*,*,#1421,.F.);
#1421 = EDGE_CURVE('',#1321,#1399,#1422,.T.);
#1422 = SURFACE_CURVE('',#1423,(#1427,#1434),.PCURVE_S1.);
#1423 = LINE('',#1424,#1425);
#1424 = CARTESIAN_POINT('',(0.,-67.5,0.));
#1425 = VECTOR('',#1426,1.);
#1426 = DIRECTION('',(1.,0.,-0.));
#1427 = PCURVE('',#954,#1428);
#1428 = DEFINITIONAL_REPRESENTATION('',(#1429),#1433);
#1429 = LINE('',#1430,#1431);
#1430 = CARTESIAN_POINT('',(67.5,0.));
#1431 = VECTOR('',#1432,1.);
#1432 = DIRECTION('',(1.,0.));
#1433 = ( GEOMETRIC_REPRESENTATION_CONTEXT(2) 
PARAMETRIC_REPRESENTATION_CONTEXT() REPRESENTATION_CONTEXT('2D SPACE',''
  ) );
#1434 = PCURVE('',#1381,#1435);
#1435 = DEFINITIONAL_REPRESENTATION('',(#1436),#1440);
#1436 = LINE('',#1437,#1438);
#1437 = CARTESIAN_POINT('',(0.,-67.5));
#1438 = VECTOR('',#1439,1.);
#1439 = DIRECTION('',(1.,0.));
#1440 = ( GEOMETRIC_REPRESENTATION_CONTEXT(2) 
PARAMETRIC_REPRESENTATION_CONTEXT() REPRESENTATION_CONTEXT('2D SPACE',''
  ) );
#1441 = ADVANCED_FACE('',(#1442),#1008,.T.);
#1442 = FACE_BOUND('',#1443,.T.);
#1443 = EDGE_LOOP('',(#1444,#1445,#1446,#1469));
#1444 = ORIENTED_EDGE('',*,*,#1344,.T.);
#1445 = ORIENTED_EDGE('',*,*,#994,.T.);
#1446 = ORIENTED_EDGE('',*,*,#1447,.F.);
#1447 = EDGE_CURVE('',#1448,#967,#1450,.T.);
#1448 = VERTEX_POINT('',#1449);
#1449 = CARTESIAN_POINT('',(67.5,67.5,0.));
#1450 = SURFACE_CURVE('',#1451,(#1455,#1462),.PCURVE_S1.);
#1451 = LINE('',#1452,#1453);
#1452 = CARTESIAN_POINT('',(67.5,67.5,0.));
#1453 = VECTOR('',#1454,1.);
#1454 = DIRECTION('',(0.,0.,1.));
#1455 = PCURVE('',#1008,#1456);
#1456 = DEFINITIONAL_REPRESENTATION('',(#1457),#1461);
#1457 = LINE('',#1458,#1459);
#1458 = CARTESIAN_POINT('',(135.,0.));
#1459 = VECTOR('',#1460,1.);
#1460 = DIRECTION('',(0.,-1.));
#1461 = ( GEOMETRIC_REPRESENTATION_CONTEXT(2) 
PARAMETRIC_REPRESENTATION_CONTEXT() REPRESENTATION_CONTEXT('2D SPACE',''
  ) );
#1462 = PCURVE('',#982,#1463);
#1463 = DEFINITIONAL_REPRESENTATION('',(#1464),#1468);
#1464 = LINE('',#1465,#1466);
#1465 = CARTESIAN_POINT('',(135.,0.));
#1466 = VECTOR('',#1467,1.);
#1467 = DIRECTION('',(0.,-1.));
#1468 = ( GEOMETRIC_REPRESENTATION_CONTEXT(2) 
PARAMETRIC_REPRESENTATION_CONTEXT() REPRESENTATION_CONTEXT('2D SPACE',''
  ) );
#1469 = ORIENTED_EDGE('',*,*,#1470,.F.);
#1470 = EDGE_CURVE('',#1345,#1448,#1471,.T.);
#1471 = SURFACE_CURVE('',#1472,(#1476,#1483),.PCURVE_S1.);
#1472 = LINE('',#1473,#1474);
#1473 = CARTESIAN_POINT('',(0.,67.5,0.));
#1474 = VECTOR('',#1475,1.);
#1475 = DIRECTION('',(1.,0.,-0.));
#1476 = PCURVE('',#1008,#1477);
#1477 = DEFINITIONAL_REPRESENTATION('',(#1478),#1482);
#1478 = LINE('',#1479,#1480);
#1479 = CARTESIAN_POINT('',(67.5,0.));
#1480 = VECTOR('',#1481,1.);
#1481 = DIRECTION('',(1.,0.));
#1482 = ( GEOMETRIC_REPRESENTATION_CONTEXT(2) 
PARAMETRIC_REPRESENTATION_CONTEXT() REPRESENTATION_CONTEXT('2D SPACE',''
  ) );
#1483 = PCURVE('',#1381,#1484);
#1484 = DEFINITIONAL_REPRESENTATION('',(#1485),#1489);
#1485 = LINE('',#1486,#1487);
#1486 = CARTESIAN_POINT('',(0.,67.5));
#1487 = VECTOR('',#1488,1.);
#1488 = DIRECTION('',(1.,0.));
#1489 = ( GEOMETRIC_REPRESENTATION_CONTEXT(2) 
PARAMETRIC_REPRESENTATION_CONTEXT() REPRESENTATION_CONTEXT('2D SPACE',''
  ) );
#1490 = ADVANCED_FACE('',(#1491),#982,.F.);
#1491 = FACE_BOUND('',#1492,.F.);
#1492 = EDGE_LOOP('',(#1493,#1494,#1495,#1496));
#1493 = ORIENTED_EDGE('',*,*,#1398,.T.);
#1494 = ORIENTED_EDGE('',*,*,#966,.T.);
#1495 = ORIENTED_EDGE('',*,*,#1447,.F.);
#1496 = ORIENTED_EDGE('',*,*,#1497,.F.);
#1497 = EDGE_CURVE('',#1399,#1448,#1498,.T.);
#1498 = SURFACE_CURVE('',#1499,(#1503,#1510),.PCURVE_S1.);
#1499 = LINE('',#1500,#1501);
#1500 = CARTESIAN_POINT('',(67.5,0.,0.));
#1501 = VECTOR('',#1502,1.);
#1502 = DIRECTION('',(-0.,1.,0.));
#1503 = PCURVE('',#982,#1504);
#1504 = DEFINITIONAL_REPRESENTATION('',(#1505),#1509);
#1505 = LINE('',#1506,#1507);
#1506 = CARTESIAN_POINT('',(67.5,0.));
#1507 = VECTOR('',#1508,1.);
#1508 = DIRECTION('',(1.,0.));
#1509 = ( GEOMETRIC_REPRESENTATION_CONTEXT(2) 
PARAMETRIC_REPRESENTATION_CONTEXT() REPRESENTATION_CONTEXT('2D SPACE',''
  ) );
#1510 = PCURVE('',#1381,#1511);
#1511 = DEFINITIONAL_REPRESENTATION('',(#1512),#1516);
#1512 = LINE('',#1513,#1514);
#1513 = CARTESIAN_POINT('',(67.5,0.));
#1514 = VECTOR('',#1515,1.);
#1515 = DIRECTION('',(0.,1.));
#1516 = ( GEOMETRIC_REPRESENTATION_CONTEXT(2) 
PARAMETRIC_REPRESENTATION_CONTEXT() REPRESENTATION_CONTEXT('2D SPACE',''
  ) );
#1517 = ADVANCED_FACE('',(#1518),#1039,.F.);
#1518 = FACE_BOUND('',#1519,.T.);
#1519 = EDGE_LOOP('',(#1520,#1543,#1544,#1545));
#1520 = ORIENTED_EDGE('',*,*,#1521,.T.);
#1521 = EDGE_CURVE('',#1522,#1023,#1524,.T.);
#1522 = VERTEX_POINT('',#1523);
#1523 = CARTESIAN_POINT('',(-38.94166119757,-44.44166119757,0.));
#1524 = SEAM_CURVE('',#1525,(#1529,#1536),.PCURVE_S1.);
#1525 = LINE('',#1526,#1527);
#1526 = CARTESIAN_POINT('',(-38.94166119757,-44.44166119757,0.));
#1527 = VECTOR('',#1528,1.);
#1528 = DIRECTION('',(0.,0.,1.));
#1529 = PCURVE('',#1039,#1530);
#1530 = DEFINITIONAL_REPRESENTATION('',(#1531),#1535);
#1531 = LINE('',#1532,#1533);
#1532 = CARTESIAN_POINT('',(-0.,0.));
#1533 = VECTOR('',#1534,1.);
#1534 = DIRECTION('',(-0.,-1.));
#1535 = ( GEOMETRIC_REPRESENTATION_CONTEXT(2) 
PARAMETRIC_REPRESENTATION_CONTEXT() REPRESENTATION_CONTEXT('2D SPACE',''
  ) );
#1536 = PCURVE('',#1039,#1537);
#1537 = DEFINITIONAL_REPRESENTATION('',(#1538),#1542);
#1538 = LINE('',#1539,#1540);
#1539 = CARTESIAN_POINT('',(-6.28318530718,0.));
#1540 = VECTOR('',#1541,1.);
#1541 = DIRECTION('',(-0.,-1.));
#1542 = ( GEOMETRIC_REPRESENTATION_CONTEXT(2) 
PARAMETRIC_REPRESENTATION_CONTEXT() REPRESENTATION_CONTEXT('2D SPACE',''
  ) );
#1543 = ORIENTED_EDGE('',*,*,#1022,.T.);
#1544 = ORIENTED_EDGE('',*,*,#1521,.F.);
#1545 = ORIENTED_EDGE('',*,*,#1546,.F.);
#1546 = EDGE_CURVE('',#1522,#1522,#1547,.T.);
#1547 = SURFACE_CURVE('',#1548,(#1553,#1560),.PCURVE_S1.);
#1548 = CIRCLE('',#1549,5.5);
#1549 = AXIS2_PLACEMENT_3D('',#1550,#1551,#1552);
#1550 = CARTESIAN_POINT('',(-44.44166119757,-44.44166119757,0.));
#1551 = DIRECTION('',(0.,0.,1.));
#1552 = DIRECTION('',(1.,0.,-0.));
#1553 = PCURVE('',#1039,#1554);
#1554 = DEFINITIONAL_REPRESENTATION('',(#1555),#1559);
#1555 = LINE('',#1556,#1557);
#1556 = CARTESIAN_POINT('',(-0.,0.));
#1557 = VECTOR('',#1558,1.);
#1558 = DIRECTION('',(-1.,0.));
#1559 = ( GEOMETRIC_REPRESENTATION_CONTEXT(2) 
PARAMETRIC_REPRESENTATION_CONTEXT() REPRESENTATION_CONTEXT('2D SPACE',''
  ) );
#1560 = PCURVE('',#1381,#1561);
#1561 = DEFINITIONAL_REPRESENTATION('',(#1562),#1566);
#1562 = CIRCLE('',#1563,5.5);
#1563 = AXIS2_PLACEMENT_2D('',#1564,#1565);
#1564 = CARTESIAN_POINT('',(-44.44166119757,-44.44166119757));
#1565 = DIRECTION('',(1.,0.));
#1566 = ( GEOMETRIC_REPRESENTATION_CONTEXT(2) 
PARAMETRIC_REPRESENTATION_CONTEXT() REPRESENTATION_CONTEXT('2D SPACE',''
  ) );
#1567 = ADVANCED_FACE('',(#1568),#1070,.F.);
#1568 = FACE_BOUND('',#1569,.T.);
#1569 = EDGE_LOOP('',(#1570,#1593,#1594,#1595));
#1570 = ORIENTED_EDGE('',*,*,#1571,.T.);
#1571 = EDGE_CURVE('',#1572,#1054,#1574,.T.);
#1572 = VERTEX_POINT('',#1573);
#1573 = CARTESIAN_POINT('',(49.941661197575,-44.44166119757,0.));
#1574 = SEAM_CURVE('',#1575,(#1579,#1586),.PCURVE_S1.);
#1575 = LINE('',#1576,#1577);
#1576 = CARTESIAN_POINT('',(49.941661197575,-44.44166119757,0.));
#1577 = VECTOR('',#1578,1.);
#1578 = DIRECTION('',(0.,0.,1.));
#1579 = PCURVE('',#1070,#1580);
#1580 = DEFINITIONAL_REPRESENTATION('',(#1581),#1585);
#1581 = LINE('',#1582,#1583);
#1582 = CARTESIAN_POINT('',(-0.,0.));
#1583 = VECTOR('',#1584,1.);
#1584 = DIRECTION('',(-0.,-1.));
#1585 = ( GEOMETRIC_REPRESENTATION_CONTEXT(2) 
PARAMETRIC_REPRESENTATION_CONTEXT() REPRESENTATION_CONTEXT('2D SPACE',''
  ) );
#1586 = PCURVE('',#1070,#1587);
#1587 = DEFINITIONAL_REPRESENTATION('',(#1588),#1592);
#1588 = LINE('',#1589,#1590);
#1589 = CARTESIAN_POINT('',(-6.28318530718,0.));
#1590 = VECTOR('',#1591,1.);
#1591 = DIRECTION('',(-0.,-1.));
#1592 = ( GEOMETRIC_REPRESENTATION_CONTEXT(2) 
PARAMETRIC_REPRESENTATION_CONTEXT() REPRESENTATION_CONTEXT('2D SPACE',''
  ) );
#1593 = ORIENTED_EDGE('',*,*,#1053,.T.);
#1594 = ORIENTED_EDGE('',*,*,#1571,.F.);
#1595 = ORIENTED_EDGE('',*,*,#1596,.F.);
#1596 = EDGE_CURVE('',#1572,#1572,#1597,.T.);
#1597 = SURFACE_CURVE('',#1598,(#1603,#1610),.PCURVE_S1.);
#1598 = CIRCLE('',#1599,5.5);
#1599 = AXIS2_PLACEMENT_3D('',#1600,#1601,#1602);
#1600 = CARTESIAN_POINT('',(44.441661197575,-44.44166119757,0.));
#1601 = DIRECTION('',(0.,0.,1.));
#1602 = DIRECTION('',(1.,0.,-0.));
#1603 = PCURVE('',#1070,#1604);
#1604 = DEFINITIONAL_REPRESENTATION('',(#1605),#1609);
#1605 = LINE('',#1606,#1607);
#1606 = CARTESIAN_POINT('',(-0.,0.));
#1607 = VECTOR('',#1608,1.);
#1608 = DIRECTION('',(-1.,0.));
#1609 = ( GEOMETRIC_REPRESENTATION_CONTEXT(2) 
PARAMETRIC_REPRESENTATION_CONTEXT() REPRESENTATION_CONTEXT('2D SPACE',''
  ) );
#1610 = PCURVE('',#1381,#1611);
#1611 = DEFINITIONAL_REPRESENTATION('',(#1612),#1616);
#1612 = CIRCLE('',#1613,5.5);
#1613 = AXIS2_PLACEMENT_2D('',#1614,#1615);
#1614 = CARTESIAN_POINT('',(44.441661197575,-44.44166119757));
#1615 = DIRECTION('',(1.,0.));
#1616 = ( GEOMETRIC_REPRESENTATION_CONTEXT(2) 
PARAMETRIC_REPRESENTATION_CONTEXT() REPRESENTATION_CONTEXT('2D SPACE',''
  ) );
#1617 = ADVANCED_FACE('',(#1618),#1101,.F.);
#1618 = FACE_BOUND('',#1619,.T.);
#1619 = EDGE_LOOP('',(#1620,#1643,#1644,#1645));
#1620 = ORIENTED_EDGE('',*,*,#1621,.T.);
#1621 = EDGE_CURVE('',#1622,#1085,#1624,.T.);
#1622 = VERTEX_POINT('',#1623);
#1623 = CARTESIAN_POINT('',(-38.94166119757,44.441661197575,0.));
#1624 = SEAM_CURVE('',#1625,(#1629,#1636),.PCURVE_S1.);
#1625 = LINE('',#1626,#1627);
#1626 = CARTESIAN_POINT('',(-38.94166119757,44.441661197575,0.));
#1627 = VECTOR('',#1628,1.);
#1628 = DIRECTION('',(0.,0.,1.));
#1629 = PCURVE('',#1101,#1630);
#1630 = DEFINITIONAL_REPRESENTATION('',(#1631),#1635);
#1631 = LINE('',#1632,#1633);
#1632 = CARTESIAN_POINT('',(-0.,0.));
#1633 = VECTOR('',#1634,1.);
#1634 = DIRECTION('',(-0.,-1.));
#1635 = ( GEOMETRIC_REPRESENTATION_CONTEXT(2) 
PARAMETRIC_REPRESENTATION_CONTEXT() REPRESENTATION_CONTEXT('2D SPACE',''
  ) );
#1636 = PCURVE('',#1101,#1637);
#1637 = DEFINITIONAL_REPRESENTATION('',(#1638),#1642);
#1638 = LINE('',#1639,#1640);
#1639 = CARTESIAN_POINT('',(-6.28318530718,0.));
#1640 = VECTOR('',#1641,1.);
#1641 = DIRECTION('',(-0.,-1.));
#1642 = ( GEOMETRIC_REPRESENTATION_CONTEXT(2) 
PARAMETRIC_REPRESENTATION_CONTEXT() REPRESENTATION_CONTEXT('2D SPACE',''
  ) );
#1643 = ORIENTED_EDGE('',*,*,#1084,.T.);
#1644 = ORIENTED_EDGE('',*,*,#1621,.F.);
#1645 = ORIENTED_EDGE('',*,*,#1646,.F.);
#1646 = EDGE_CURVE('',#1622,#1622,#1647,.T.);
#1647 = SURFACE_CURVE('',#1648,(#1653,#1660),.PCURVE_S1.);
#1648 = CIRCLE('',#1649,5.5);
#1649 = AXIS2_PLACEMENT_3D('',#1650,#1651,#1652);
#1650 = CARTESIAN_POINT('',(-44.44166119757,44.441661197575,0.));
#1651 = DIRECTION('',(0.,0.,1.));
#1652 = DIRECTION('',(1.,0.,-0.));
#1653 = PCURVE('',#1101,#1654);
#1654 = DEFINITIONAL_REPRESENTATION('',(#1655),#1659);
#1655 = LINE('',#1656,#1657);
#1656 = CARTESIAN_POINT('',(-0.,0.));
#1657 = VECTOR('',#1658,1.);
#1658 = DIRECTION('',(-1.,0.));
#1659 = ( GEOMETRIC_REPRESENTATION_CONTEXT(2) 
PARAMETRIC_REPRESENTATION_CONTEXT() REPRESENTATION_CONTEXT('2D SPACE',''
  ) );
#1660 = PCURVE('',#1381,#1661);
#1661 = DEFINITIONAL_REPRESENTATION('',(#1662),#1666);
#1662 = CIRCLE('',#1663,5.5);
#1663 = AXIS2_PLACEMENT_2D('',#1664,#1665);
#1664 = CARTESIAN_POINT('',(-44.44166119757,44.441661197575));
#1665 = DIRECTION('',(1.,0.));
#1666 = ( GEOMETRIC_REPRESENTATION_CONTEXT(2) 
PARAMETRIC_REPRESENTATION_CONTEXT() REPRESENTATION_CONTEXT('2D SPACE',''
  ) );
#1667 = ADVANCED_FACE('',(#1668),#1135,.F.);
#1668 = FACE_BOUND('',#1669,.T.);
#1669 = EDGE_LOOP('',(#1670,#1693,#1694,#1695));
#1670 = ORIENTED_EDGE('',*,*,#1671,.T.);
#1671 = EDGE_CURVE('',#1672,#1119,#1674,.T.);
#1672 = VERTEX_POINT('',#1673);
#1673 = CARTESIAN_POINT('',(49.941661197575,44.441661197575,0.));
#1674 = SEAM_CURVE('',#1675,(#1679,#1686),.PCURVE_S1.);
#1675 = LINE('',#1676,#1677);
#1676 = CARTESIAN_POINT('',(49.941661197575,44.441661197575,0.));
#1677 = VECTOR('',#1678,1.);
#1678 = DIRECTION('',(0.,0.,1.));
#1679 = PCURVE('',#1135,#1680);
#1680 = DEFINITIONAL_REPRESENTATION('',(#1681),#1685);
#1681 = LINE('',#1682,#1683);
#1682 = CARTESIAN_POINT('',(-0.,0.));
#1683 = VECTOR('',#1684,1.);
#1684 = DIRECTION('',(-0.,-1.));
#1685 = ( GEOMETRIC_REPRESENTATION_CONTEXT(2) 
PARAMETRIC_REPRESENTATION_CONTEXT() REPRESENTATION_CONTEXT('2D SPACE',''
  ) );
#1686 = PCURVE('',#1135,#1687);
#1687 = DEFINITIONAL_REPRESENTATION('',(#1688),#1692);
#1688 = LINE('',#1689,#1690);
#1689 = CARTESIAN_POINT('',(-6.28318530718,0.));
#1690 = VECTOR('',#1691,1.);
#1691 = DIRECTION('',(-0.,-1.));
#1692 = ( GEOMETRIC_REPRESENTATION_CONTEXT(2) 
PARAMETRIC_REPRESENTATION_CONTEXT() REPRESENTATION_CONTEXT('2D SPACE',''
  ) );
#1693 = ORIENTED_EDGE('',*,*,#1118,.T.);
#1694 = ORIENTED_EDGE('',*,*,#1671,.F.);
#1695 = ORIENTED_EDGE('',*,*,#1696,.F.);
#1696 = EDGE_CURVE('',#1672,#1672,#1697,.T.);
#1697 = SURFACE_CURVE('',#1698,(#1703,#1710),.PCURVE_S1.);
#1698 = CIRCLE('',#1699,5.5);
#1699 = AXIS2_PLACEMENT_3D('',#1700,#1701,#1702);
#1700 = CARTESIAN_POINT('',(44.441661197575,44.441661197575,0.));
#1701 = DIRECTION('',(0.,0.,1.));
#1702 = DIRECTION('',(1.,0.,-0.));
#1703 = PCURVE('',#1135,#1704);
#1704 = DEFINITIONAL_REPRESENTATION('',(#1705),#1709);
#1705 = LINE('',#1706,#1707);
#1706 = CARTESIAN_POINT('',(-0.,0.));
#1707 = VECTOR('',#1708,1.);
#1708 = DIRECTION('',(-1.,0.));
#1709 = ( GEOMETRIC_REPRESENTATION_CONTEXT(2) 
PARAMETRIC_REPRESENTATION_CONTEXT() REPRESENTATION_CONTEXT('2D SPACE',''
  ) );
#1710 = PCURVE('',#1381,#1711);
#1711 = DEFINITIONAL_REPRESENTATION('',(#1712),#1716);
#1712 = CIRCLE('',#1713,5.5);
#1713 = AXIS2_PLACEMENT_2D('',#1714,#1715);
#1714 = CARTESIAN_POINT('',(44.441661197575,44.441661197575));
#1715 = DIRECTION('',(1.,0.));
#1716 = ( GEOMETRIC_REPRESENTATION_CONTEXT(2) 
PARAMETRIC_REPRESENTATION_CONTEXT() REPRESENTATION_CONTEXT('2D SPACE',''
  ) );
#1717 = ADVANCED_FACE('',(#1718,#1721),#1167,.F.);
#1718 = FACE_BOUND('',#1719,.F.);
#1719 = EDGE_LOOP('',(#1720));
#1720 = ORIENTED_EDGE('',*,*,#1150,.T.);
#1721 = FACE_BOUND('',#1722,.F.);
#1722 = EDGE_LOOP('',(#1723));
#1723 = ORIENTED_EDGE('',*,*,#1724,.F.);
#1724 = EDGE_CURVE('',#1725,#1725,#1727,.T.);
#1725 = VERTEX_POINT('',#1726);
#1726 = CARTESIAN_POINT('',(6.,48.15,27.5));
#1727 = SURFACE_CURVE('',#1728,(#1733,#1740),.PCURVE_S1.);
#1728 = CIRCLE('',#1729,6.);
#1729 = AXIS2_PLACEMENT_3D('',#1730,#1731,#1732);
#1730 = CARTESIAN_POINT('',(0.,48.15,27.5));
#1731 = DIRECTION('',(0.,-1.,2.22044604925E-16));
#1732 = DIRECTION('',(1.,0.,0.));
#1733 = PCURVE('',#1167,#1734);
#1734 = DEFINITIONAL_REPRESENTATION('',(#1735),#1739);
#1735 = CIRCLE('',#1736,6.);
#1736 = AXIS2_PLACEMENT_2D('',#1737,#1738);
#1737 = CARTESIAN_POINT('',(3.906971807255E-16,-9.912868833001E-16));
#1738 = DIRECTION('',(1.,0.));
#1739 = ( GEOMETRIC_REPRESENTATION_CONTEXT(2) 
PARAMETRIC_REPRESENTATION_CONTEXT() REPRESENTATION_CONTEXT('2D SPACE',''
  ) );
#1740 = PCURVE('',#1741,#1746);
#1741 = CYLINDRICAL_SURFACE('',#1742,6.);
#1742 = AXIS2_PLACEMENT_3D('',#1743,#1744,#1745);
#1743 = CARTESIAN_POINT('',(0.,48.15,27.5));
#1744 = DIRECTION('',(0.,1.,-2.22044604925E-16));
#1745 = DIRECTION('',(1.,0.,0.));
#1746 = DEFINITIONAL_REPRESENTATION('',(#1747),#1751);
#1747 = LINE('',#1748,#1749);
#1748 = CARTESIAN_POINT('',(-0.,0.));
#1749 = VECTOR('',#1750,1.);
#1750 = DIRECTION('',(-1.,0.));
#1751 = ( GEOMETRIC_REPRESENTATION_CONTEXT(2) 
PARAMETRIC_REPRESENTATION_CONTEXT() REPRESENTATION_CONTEXT('2D SPACE',''
  ) );
#1752 = ADVANCED_FACE('',(#1753),#1305,.F.);
#1753 = FACE_BOUND('',#1754,.T.);
#1754 = EDGE_LOOP('',(#1755,#1756,#1779,#1806));
#1755 = ORIENTED_EDGE('',*,*,#1288,.T.);
#1756 = ORIENTED_EDGE('',*,*,#1757,.T.);
#1757 = EDGE_CURVE('',#1289,#1758,#1760,.T.);
#1758 = VERTEX_POINT('',#1759);
#1759 = CARTESIAN_POINT('',(13.5,0.,45.));
#1760 = SEAM_CURVE('',#1761,(#1765,#1772),.PCURVE_S1.);
#1761 = LINE('',#1762,#1763);
#1762 = CARTESIAN_POINT('',(13.5,0.,80.));
#1763 = VECTOR('',#1764,1.);
#1764 = DIRECTION('',(0.,0.,-1.));
#1765 = PCURVE('',#1305,#1766);
#1766 = DEFINITIONAL_REPRESENTATION('',(#1767),#1771);
#1767 = LINE('',#1768,#1769);
#1768 = CARTESIAN_POINT('',(-6.28318530718,-25.));
#1769 = VECTOR('',#1770,1.);
#1770 = DIRECTION('',(0.,1.));
#1771 = ( GEOMETRIC_REPRESENTATION_CONTEXT(2) 
PARAMETRIC_REPRESENTATION_CONTEXT() REPRESENTATION_CONTEXT('2D SPACE',''
  ) );
#1772 = PCURVE('',#1305,#1773);
#1773 = DEFINITIONAL_REPRESENTATION('',(#1774),#1778);
#1774 = LINE('',#1775,#1776);
#1775 = CARTESIAN_POINT('',(-0.,-25.));
#1776 = VECTOR('',#1777,1.);
#1777 = DIRECTION('',(0.,1.));
#1778 = ( GEOMETRIC_REPRESENTATION_CONTEXT(2) 
PARAMETRIC_REPRESENTATION_CONTEXT() REPRESENTATION_CONTEXT('2D SPACE',''
  ) );
#1779 = ORIENTED_EDGE('',*,*,#1780,.F.);
#1780 = EDGE_CURVE('',#1758,#1758,#1781,.T.);
#1781 = SURFACE_CURVE('',#1782,(#1787,#1794),.PCURVE_S1.);
#1782 = CIRCLE('',#1783,13.5);
#1783 = AXIS2_PLACEMENT_3D('',#1784,#1785,#1786);
#1784 = CARTESIAN_POINT('',(0.,0.,45.));
#1785 = DIRECTION('',(0.,0.,1.));
#1786 = DIRECTION('',(1.,0.,-0.));
#1787 = PCURVE('',#1305,#1788);
#1788 = DEFINITIONAL_REPRESENTATION('',(#1789),#1793);
#1789 = LINE('',#1790,#1791);
#1790 = CARTESIAN_POINT('',(-0.,10.));
#1791 = VECTOR('',#1792,1.);
#1792 = DIRECTION('',(-1.,0.));
#1793 = ( GEOMETRIC_REPRESENTATION_CONTEXT(2) 
PARAMETRIC_REPRESENTATION_CONTEXT() REPRESENTATION_CONTEXT('2D SPACE',''
  ) );
#1794 = PCURVE('',#1795,#1800);
#1795 = PLANE('',#1796);
#1796 = AXIS2_PLACEMENT_3D('',#1797,#1798,#1799);
#1797 = CARTESIAN_POINT('',(0.,0.,45.));
#1798 = DIRECTION('',(0.,0.,1.));
#1799 = DIRECTION('',(1.,0.,-0.));
#1800 = DEFINITIONAL_REPRESENTATION('',(#1801),#1805);
#1801 = CIRCLE('',#1802,13.5);
#1802 = AXIS2_PLACEMENT_2D('',#1803,#1804);
#1803 = CARTESIAN_POINT('',(0.,0.));
#1804 = DIRECTION('',(1.,0.));
#1805 = ( GEOMETRIC_REPRESENTATION_CONTEXT(2) 
PARAMETRIC_REPRESENTATION_CONTEXT() REPRESENTATION_CONTEXT('2D SPACE',''
  ) );
#1806 = ORIENTED_EDGE('',*,*,#1757,.F.);
#1807 = ADVANCED_FACE('',(#1808,#1814,#1817,#1820,#1823,#1854),#1381,.F.
  );
#1808 = FACE_BOUND('',#1809,.F.);
#1809 = EDGE_LOOP('',(#1810,#1811,#1812,#1813));
#1810 = ORIENTED_EDGE('',*,*,#1367,.F.);
#1811 = ORIENTED_EDGE('',*,*,#1421,.T.);
#1812 = ORIENTED_EDGE('',*,*,#1497,.T.);
#1813 = ORIENTED_EDGE('',*,*,#1470,.F.);
#1814 = FACE_BOUND('',#1815,.F.);
#1815 = EDGE_LOOP('',(#1816));
#1816 = ORIENTED_EDGE('',*,*,#1546,.F.);
#1817 = FACE_BOUND('',#1818,.F.);
#1818 = EDGE_LOOP('',(#1819));
#1819 = ORIENTED_EDGE('',*,*,#1596,.F.);
#1820 = FACE_BOUND('',#1821,.F.);
#1821 = EDGE_LOOP('',(#1822));
#1822 = ORIENTED_EDGE('',*,*,#1646,.F.);
#1823 = FACE_BOUND('',#1824,.F.);
#1824 = EDGE_LOOP('',(#1825));
#1825 = ORIENTED_EDGE('',*,*,#1826,.F.);
#1826 = EDGE_CURVE('',#1827,#1827,#1829,.T.);
#1827 = VERTEX_POINT('',#1828);
#1828 = CARTESIAN_POINT('',(27.,0.,0.));
#1829 = SURFACE_CURVE('',#1830,(#1835,#1842),.PCURVE_S1.);
#1830 = CIRCLE('',#1831,27.);
#1831 = AXIS2_PLACEMENT_3D('',#1832,#1833,#1834);
#1832 = CARTESIAN_POINT('',(0.,0.,0.));
#1833 = DIRECTION('',(0.,0.,1.));
#1834 = DIRECTION('',(1.,0.,-0.));
#1835 = PCURVE('',#1381,#1836);
#1836 = DEFINITIONAL_REPRESENTATION('',(#1837),#1841);
#1837 = CIRCLE('',#1838,27.);
#1838 = AXIS2_PLACEMENT_2D('',#1839,#1840);
#1839 = CARTESIAN_POINT('',(0.,0.));
#1840 = DIRECTION('',(1.,0.));
#1841 = ( GEOMETRIC_REPRESENTATION_CONTEXT(2) 
PARAMETRIC_REPRESENTATION_CONTEXT() REPRESENTATION_CONTEXT('2D SPACE',''
  ) );
#1842 = PCURVE('',#1843,#1848);
#1843 = CYLINDRICAL_SURFACE('',#1844,27.);
#1844 = AXIS2_PLACEMENT_3D('',#1845,#1846,#1847);
#1845 = CARTESIAN_POINT('',(0.,0.,0.));
#1846 = DIRECTION('',(-0.,-0.,-1.));
#1847 = DIRECTION('',(1.,0.,-0.));
#1848 = DEFINITIONAL_REPRESENTATION('',(#1849),#1853);
#1849 = LINE('',#1850,#1851);
#1850 = CARTESIAN_POINT('',(-0.,0.));
#1851 = VECTOR('',#1852,1.);
#1852 = DIRECTION('',(-1.,0.));
#1853 = ( GEOMETRIC_REPRESENTATION_CONTEXT(2) 
PARAMETRIC_REPRESENTATION_CONTEXT() REPRESENTATION_CONTEXT('2D SPACE',''
  ) );
#1854 = FACE_BOUND('',#1855,.F.);
#1855 = EDGE_LOOP('',(#1856));
#1856 = ORIENTED_EDGE('',*,*,#1696,.F.);
#1857 = ADVANCED_FACE('',(#1858),#1741,.F.);
#1858 = FACE_BOUND('',#1859,.T.);
#1859 = EDGE_LOOP('',(#1860,#1861,#1884,#2087));
#1860 = ORIENTED_EDGE('',*,*,#1724,.F.);
#1861 = ORIENTED_EDGE('',*,*,#1862,.T.);
#1862 = EDGE_CURVE('',#1725,#1863,#1865,.T.);
#1863 = VERTEX_POINT('',#1864);
#1864 = CARTESIAN_POINT('',(6.,25.555087556101,27.5));
#1865 = SEAM_CURVE('',#1866,(#1870,#1877),.PCURVE_S1.);
#1866 = LINE('',#1867,#1868);
#1867 = CARTESIAN_POINT('',(6.,48.15,27.5));
#1868 = VECTOR('',#1869,1.);
#1869 = DIRECTION('',(0.,-1.,2.22044604925E-16));
#1870 = PCURVE('',#1741,#1871);
#1871 = DEFINITIONAL_REPRESENTATION('',(#1872),#1876);
#1872 = LINE('',#1873,#1874);
#1873 = CARTESIAN_POINT('',(-6.28318530718,0.));
#1874 = VECTOR('',#1875,1.);
#1875 = DIRECTION('',(-0.,-1.));
#1876 = ( GEOMETRIC_REPRESENTATION_CONTEXT(2) 
PARAMETRIC_REPRESENTATION_CONTEXT() REPRESENTATION_CONTEXT('2D SPACE',''
  ) );
#1877 = PCURVE('',#1741,#1878);
#1878 = DEFINITIONAL_REPRESENTATION('',(#1879),#1883);
#1879 = LINE('',#1880,#1881);
#1880 = CARTESIAN_POINT('',(-0.,0.));
#1881 = VECTOR('',#1882,1.);
#1882 = DIRECTION('',(-0.,-1.));
#1883 = ( GEOMETRIC_REPRESENTATION_CONTEXT(2) 
PARAMETRIC_REPRESENTATION_CONTEXT() REPRESENTATION_CONTEXT('2D SPACE',''
  ) );
#1884 = ORIENTED_EDGE('',*,*,#1885,.T.);
#1885 = EDGE_CURVE('',#1863,#1863,#1886,.T.);
#1886 = SURFACE_CURVE('',#1887,(#1950,#2016),.PCURVE_S1.);
#1887 = B_SPLINE_CURVE_WITH_KNOTS('',7,(#1888,#1889,#1890,#1891,#1892,
    #1893,#1894,#1895,#1896,#1897,#1898,#1899,#1900,#1901,#1902,#1903,
    #1904,#1905,#1906,#1907,#1908,#1909,#1910,#1911,#1912,#1913,#1914,
    #1915,#1916,#1917,#1918,#1919,#1920,#1921,#1922,#1923,#1924,#1925,
    #1926,#1927,#1928,#1929,#1930,#1931,#1932,#1933,#1934,#1935,#1936,
    #1937,#1938,#1939,#1940,#1941,#1942,#1943,#1944,#1945,#1946,#1947,
    #1948,#1949),.UNSPECIFIED.,.T.,.F.,(8,6,6,6,6,6,6,6,6,6,8),(0.,
    0.108438042505,0.219658522667,0.295747395359,0.392636644858,
    0.500759080548,0.608881516238,0.719778291354,0.79564570886,
    0.887805142751,1.),.UNSPECIFIED.);
#1888 = CARTESIAN_POINT('',(6.,25.555087556101,27.5));
#1889 = CARTESIAN_POINT('',(6.,25.555087556101,28.002983863604));
#1890 = CARTESIAN_POINT('',(5.950807704442,25.56663766174,
    28.505586308013));
#1891 = CARTESIAN_POINT('',(5.852552285447,25.589705331029,
    29.004938903825));
#1892 = CARTESIAN_POINT('',(5.70452744584,25.623832267887,
    29.498006964994));
#1893 = CARTESIAN_POINT('',(5.505304851478,25.66809682742,
    29.981253195041));
#1894 = CARTESIAN_POINT('',(5.252866657962,25.720970351427,
    30.450135279065));
#1895 = CARTESIAN_POINT('',(4.628741749512,25.840680903001,
    31.358242655879));
#1896 = CARTESIAN_POINT('',(4.251369299548,25.908376636926,
    31.800459291299));
#1897 = CARTESIAN_POINT('',(3.80987231064,25.980461684611,
    32.215150721366));
#1898 = CARTESIAN_POINT('',(3.302646904238,26.052871627884,
    32.590715929229));
#1899 = CARTESIAN_POINT('',(2.729804868789,26.12014731584,
    32.913562795609));
#1900 = CARTESIAN_POINT('',(2.093638667473,26.175575462704,
    33.167852988742));
#1901 = CARTESIAN_POINT('',(0.926595479547,26.237936490215,
    33.448035269092));
#1902 = CARTESIAN_POINT('',(0.430757924492,26.254399637152,
    33.519542494459));
#1903 = CARTESIAN_POINT('',(-7.668410063229E-02,26.259836326621,
    33.542339187699));
#1904 = CARTESIAN_POINT('',(-0.584608463018,26.253194113437,
    33.514015319946));
#1905 = CARTESIAN_POINT('',(-1.081755216639,26.235074260526,
    33.435994027336));
#1906 = CARTESIAN_POINT('',(-1.557555618655,26.207555413355,
    33.313532825195));
#1907 = CARTESIAN_POINT('',(-2.569854175071,26.130092534755,
    32.955059105422));
#1908 = CARTESIAN_POINT('',(-3.08899093516,26.075952361605,
    32.696589071556));
#1909 = CARTESIAN_POINT('',(-3.558105265863,26.01550757326,
    32.392750583973));
#1910 = CARTESIAN_POINT('',(-3.977035927868,25.952844798102,
    32.053493071151));
#1911 = CARTESIAN_POINT('',(-4.346709463225,25.891199374019,
    31.687031154723));
#1912 = CARTESIAN_POINT('',(-4.668658091146,25.833024731602,
    31.300164018409));
#1913 = CARTESIAN_POINT('',(-5.252866657961,25.720970351428,
    30.450135279065));
#1914 = CARTESIAN_POINT('',(-5.505304851478,25.66809682742,
    29.981253195041));
#1915 = CARTESIAN_POINT('',(-5.70452744584,25.623832267887,
    29.498006964994));
#1916 = CARTESIAN_POINT('',(-5.852552285447,25.589705331029,
    29.004938903825));
#1917 = CARTESIAN_POINT('',(-5.950807704442,25.56663766174,
    28.505586308012));
#1918 = CARTESIAN_POINT('',(-6.,25.555087556101,28.002983863604));
#1919 = CARTESIAN_POINT('',(-6.,25.555087556101,26.997016136396));
#1920 = CARTESIAN_POINT('',(-5.950807704442,25.56663766174,
    26.494413691987));
#1921 = CARTESIAN_POINT('',(-5.852552285447,25.589705331029,
    25.995061096175));
#1922 = CARTESIAN_POINT('',(-5.70452744584,25.623832267887,
    25.501993035006));
#1923 = CARTESIAN_POINT('',(-5.505304851478,25.66809682742,
    25.018746804959));
#1924 = CARTESIAN_POINT('',(-5.252866657961,25.720970351428,
    24.549864720935));
#1925 = CARTESIAN_POINT('',(-4.628741749511,25.840680903001,
    23.64175734412));
#1926 = CARTESIAN_POINT('',(-4.25136929955,25.908376636926,
    23.199540708703));
#1927 = CARTESIAN_POINT('',(-3.809872310635,25.980461684611,
    22.784849278631));
#1928 = CARTESIAN_POINT('',(-3.302646904243,26.052871627884,
    22.409284070773));
#1929 = CARTESIAN_POINT('',(-2.729804868786,26.12014731584,
    22.086437204391));
#1930 = CARTESIAN_POINT('',(-2.093638667473,26.175575462704,
    21.832147011258));
#1931 = CARTESIAN_POINT('',(-0.926595479547,26.237936490215,
    21.551964730908));
#1932 = CARTESIAN_POINT('',(-0.430757924491,26.254399637152,
    21.480457505541));
#1933 = CARTESIAN_POINT('',(7.668410062974E-02,26.259836326621,
    21.457660812302));
#1934 = CARTESIAN_POINT('',(0.58460846302,26.253194113437,
    21.485984680054));
#1935 = CARTESIAN_POINT('',(1.081755216638,26.235074260526,
    21.564005972664));
#1936 = CARTESIAN_POINT('',(1.557555618656,26.207555413355,
    21.686467174805));
#1937 = CARTESIAN_POINT('',(2.543748758889,26.132090167441,
    22.035696481865));
#1938 = CARTESIAN_POINT('',(3.04125368047,26.080902113327,
    22.279792308098));
#1939 = CARTESIAN_POINT('',(3.49338523544,26.023771053832,
    22.565786404715));
#1940 = CARTESIAN_POINT('',(3.899827538016,25.964271489623,
    22.884918502083));
#1941 = CARTESIAN_POINT('',(4.261221997695,25.905299201665,
    23.229836673214));
#1942 = CARTESIAN_POINT('',(4.578784846546,25.849095004627,
    23.594346980288));
#1943 = CARTESIAN_POINT('',(5.189272915542,25.734223586528,
    24.434611721118));
#1944 = CARTESIAN_POINT('',(5.46352400747,25.677359242812,
    24.919649913727));
#1945 = CARTESIAN_POINT('',(5.67970167937,25.629549815136,25.42104347934
    ));
#1946 = CARTESIAN_POINT('',(5.840188467969,25.592609177542,
    25.933532172427));
#1947 = CARTESIAN_POINT('',(5.946673867785,25.567607842031,
    26.453087099732));
#1948 = CARTESIAN_POINT('',(6.,25.555087556101,26.976308953683));
#1949 = CARTESIAN_POINT('',(6.,25.555087556101,27.5));
#1950 = PCURVE('',#1741,#1951);
#1951 = DEFINITIONAL_REPRESENTATION('',(#1952),#2015);
#1952 = B_SPLINE_CURVE_WITH_KNOTS('',7,(#1953,#1954,#1955,#1956,#1957,
    #1958,#1959,#1960,#1961,#1962,#1963,#1964,#1965,#1966,#1967,#1968,
    #1969,#1970,#1971,#1972,#1973,#1974,#1975,#1976,#1977,#1978,#1979,
    #1980,#1981,#1982,#1983,#1984,#1985,#1986,#1987,#1988,#1989,#1990,
    #1991,#1992,#1993,#1994,#1995,#1996,#1997,#1998,#1999,#2000,#2001,
    #2002,#2003,#2004,#2005,#2006,#2007,#2008,#2009,#2010,#2011,#2012,
    #2013,#2014),.UNSPECIFIED.,.F.,.F.,(8,6,6,6,6,6,6,6,6,6,8),(0.,
    0.108438042505,0.219658522667,0.295747395359,0.392636644858,
    0.500759080548,0.608881516238,0.719778291354,0.79564570886,
    0.887805142751,1.),.UNSPECIFIED.);
#1953 = CARTESIAN_POINT('',(0.,-22.59491244389));
#1954 = CARTESIAN_POINT('',(-8.383064393395E-02,-22.59491244389));
#1955 = CARTESIAN_POINT('',(-0.167598359898,-22.58336233826));
#1956 = CARTESIAN_POINT('',(-0.251783835959,-22.56029466897));
#1957 = CARTESIAN_POINT('',(-0.336845007687,-22.52616773211));
#1958 = CARTESIAN_POINT('',(-0.423242323977,-22.48190317258));
#1959 = CARTESIAN_POINT('',(-0.51147647638,-22.42902964857));
#1960 = CARTESIAN_POINT('',(-0.695127028393,-22.30931909699));
#1961 = CARTESIAN_POINT('',(-0.791491447467,-22.24162336307));
#1962 = CARTESIAN_POINT('',(-0.891443810043,-22.16953831538));
#1963 = CARTESIAN_POINT('',(-0.995276803805,-22.09712837211));
#1964 = CARTESIAN_POINT('',(-1.103408310856,-22.02985268416));
#1965 = CARTESIAN_POINT('',(-1.216400667577,-21.97442453729));
#1966 = CARTESIAN_POINT('',(-1.416434825265,-21.91206350978));
#1967 = CARTESIAN_POINT('',(-1.499573221722,-21.89560036284));
#1968 = CARTESIAN_POINT('',(-1.58357352886,-21.89016367337));
#1969 = CARTESIAN_POINT('',(-1.667598065695,-21.89680588656));
#1970 = CARTESIAN_POINT('',(-1.750840808757,-21.91492573947));
#1971 = CARTESIAN_POINT('',(-1.832405433833,-21.94244458664));
#1972 = CARTESIAN_POINT('',(-2.011388035028,-22.01990746524));
#1973 = CARTESIAN_POINT('',(-2.107327972168,-22.07404763839));
#1974 = CARTESIAN_POINT('',(-2.199577997462,-22.13449242674));
#1975 = CARTESIAN_POINT('',(-2.288571851166,-22.19715520189));
#1976 = CARTESIAN_POINT('',(-2.374681083491,-22.25880062598));
#1977 = CARTESIAN_POINT('',(-2.458211123696,-22.31697526839));
#1978 = CARTESIAN_POINT('',(-2.63011617721,-22.42902964857));
#1979 = CARTESIAN_POINT('',(-2.718350329613,-22.48190317258));
#1980 = CARTESIAN_POINT('',(-2.804747645903,-22.52616773211));
#1981 = CARTESIAN_POINT('',(-2.889808817631,-22.56029466897));
#1982 = CARTESIAN_POINT('',(-2.973994293692,-22.58336233826));
#1983 = CARTESIAN_POINT('',(-3.057762009656,-22.59491244389));
#1984 = CARTESIAN_POINT('',(-3.225423297524,-22.59491244389));
#1985 = CARTESIAN_POINT('',(-3.309191013487,-22.58336233826));
#1986 = CARTESIAN_POINT('',(-3.393376489549,-22.56029466897));
#1987 = CARTESIAN_POINT('',(-3.478437661276,-22.52616773211));
#1988 = CARTESIAN_POINT('',(-3.564834977566,-22.48190317258));
#1989 = CARTESIAN_POINT('',(-3.65306912997,-22.42902964857));
#1990 = CARTESIAN_POINT('',(-3.836719681983,-22.30931909699));
#1991 = CARTESIAN_POINT('',(-3.933084101056,-22.24162336307));
#1992 = CARTESIAN_POINT('',(-4.033036463633,-22.16953831538));
#1993 = CARTESIAN_POINT('',(-4.136869457394,-22.09712837211));
#1994 = CARTESIAN_POINT('',(-4.245000964446,-22.02985268416));
#1995 = CARTESIAN_POINT('',(-4.357993321166,-21.97442453729));
#1996 = CARTESIAN_POINT('',(-4.558027478854,-21.91206350978));
#1997 = CARTESIAN_POINT('',(-4.641165875313,-21.89560036284));
#1998 = CARTESIAN_POINT('',(-4.725166182449,-21.89016367337));
#1999 = CARTESIAN_POINT('',(-4.809190719285,-21.89680588656));
#2000 = CARTESIAN_POINT('',(-4.892433462346,-21.91492573947));
#2001 = CARTESIAN_POINT('',(-4.973998087423,-21.94244458664));
#2002 = CARTESIAN_POINT('',(-5.148365039149,-22.01790983255));
#2003 = CARTESIAN_POINT('',(-5.240106729312,-22.06909788667));
#2004 = CARTESIAN_POINT('',(-5.328479083646,-22.12622894616));
#2005 = CARTESIAN_POINT('',(-5.413852943266,-22.18572851037));
#2006 = CARTESIAN_POINT('',(-5.496541663111,-22.24470079833));
#2007 = CARTESIAN_POINT('',(-5.576800532985,-22.30090499537));
#2008 = CARTESIAN_POINT('',(-5.749904589446,-22.41577641347));
#2009 = CARTESIAN_POINT('',(-5.842172114157,-22.47264075718));
#2010 = CARTESIAN_POINT('',(-5.932357529642,-22.52045018486));
#2011 = CARTESIAN_POINT('',(-6.021021040174,-22.55739082245));
#2012 = CARTESIAN_POINT('',(-6.108699893641,-22.58239215796));
#2013 = CARTESIAN_POINT('',(-6.195903466127,-22.59491244389));
#2014 = CARTESIAN_POINT('',(-6.28318530718,-22.59491244389));
#2015 = ( GEOMETRIC_REPRESENTATION_CONTEXT(2) 
PARAMETRIC_REPRESENTATION_CONTEXT() REPRESENTATION_CONTEXT('2D SPACE',''
  ) );
#2016 = PCURVE('',#2017,#2022);
#2017 = CYLINDRICAL_SURFACE('',#2018,26.25);
#2018 = AXIS2_PLACEMENT_3D('',#2019,#2020,#2021);
#2019 = CARTESIAN_POINT('',(0.,0.,10.));
#2020 = DIRECTION('',(-0.,-0.,-1.));
#2021 = DIRECTION('',(1.,0.,-0.));
#2022 = DEFINITIONAL_REPRESENTATION('',(#2023),#2086);
#2023 = B_SPLINE_CURVE_WITH_KNOTS('',7,(#2024,#2025,#2026,#2027,#2028,
    #2029,#2030,#2031,#2032,#2033,#2034,#2035,#2036,#2037,#2038,#2039,
    #2040,#2041,#2042,#2043,#2044,#2045,#2046,#2047,#2048,#2049,#2050,
    #2051,#2052,#2053,#2054,#2055,#2056,#2057,#2058,#2059,#2060,#2061,
    #2062,#2063,#2064,#2065,#2066,#2067,#2068,#2069,#2070,#2071,#2072,
    #2073,#2074,#2075,#2076,#2077,#2078,#2079,#2080,#2081,#2082,#2083,
    #2084,#2085),.UNSPECIFIED.,.F.,.F.,(8,6,6,6,6,6,6,6,6,6,8),(0.,
    0.108438042505,0.219658522667,0.295747395359,0.392636644858,
    0.500759080548,0.608881516238,0.719778291354,0.79564570886,
    0.887805142751,1.),.UNSPECIFIED.);
#2024 = CARTESIAN_POINT('',(-1.340186315509,-17.5));
#2025 = CARTESIAN_POINT('',(-1.340186315509,-18.0029838636));
#2026 = CARTESIAN_POINT('',(-1.342111280212,-18.50558630801));
#2027 = CARTESIAN_POINT('',(-1.345956082274,-19.00493890382));
#2028 = CARTESIAN_POINT('',(-1.351743040967,-19.49800696499));
#2029 = CARTESIAN_POINT('',(-1.359516993306,-19.98125319504));
#2030 = CARTESIAN_POINT('',(-1.369340962818,-20.45013527906));
#2031 = CARTESIAN_POINT('',(-1.39355055459,-21.35824265587));
#2032 = CARTESIAN_POINT('',(-1.408155089373,-21.80045929129));
#2033 = CARTESIAN_POINT('',(-1.425193138166,-22.21515072136));
#2034 = CARTESIAN_POINT('',(-1.444704139305,-22.59071592922));
#2035 = CARTESIAN_POINT('',(-1.466662615399,-22.9135627956));
#2036 = CARTESIAN_POINT('',(-1.490975649036,-23.16785298874));
#2037 = CARTESIAN_POINT('',(-1.535497863628,-23.44803526909));
#2038 = CARTESIAN_POINT('',(-1.554393471023,-23.51954249445));
#2039 = CARTESIAN_POINT('',(-1.573717761092,-23.54233918769));
#2040 = CARTESIAN_POINT('',(-1.593059090361,-23.51401531994));
#2041 = CARTESIAN_POINT('',(-1.612003532293,-23.43599402733));
#2042 = CARTESIAN_POINT('',(-1.630156409899,-23.31353282519));
#2043 = CARTESIAN_POINT('',(-1.668832906231,-22.95505910542));
#2044 = CARTESIAN_POINT('',(-1.688709255556,-22.69658907155));
#2045 = CARTESIAN_POINT('',(-1.706720508846,-22.39275058397));
#2046 = CARTESIAN_POINT('',(-1.722852786734,-22.05349307115));
#2047 = CARTESIAN_POINT('',(-1.737127825561,-21.68703115472));
#2048 = CARTESIAN_POINT('',(-1.749590440242,-21.3001640184));
#2049 = CARTESIAN_POINT('',(-1.772251690772,-20.45013527906));
#2050 = CARTESIAN_POINT('',(-1.782075660284,-19.98125319504));
#2051 = CARTESIAN_POINT('',(-1.789849612623,-19.49800696499));
#2052 = CARTESIAN_POINT('',(-1.795636571316,-19.00493890382));
#2053 = CARTESIAN_POINT('',(-1.799481373377,-18.50558630801));
#2054 = CARTESIAN_POINT('',(-1.801406338081,-18.0029838636));
#2055 = CARTESIAN_POINT('',(-1.801406338081,-16.99701613639));
#2056 = CARTESIAN_POINT('',(-1.799481373377,-16.49441369198));
#2057 = CARTESIAN_POINT('',(-1.795636571316,-15.99506109617));
#2058 = CARTESIAN_POINT('',(-1.789849612623,-15.501993035));
#2059 = CARTESIAN_POINT('',(-1.782075660284,-15.01874680495));
#2060 = CARTESIAN_POINT('',(-1.772251690772,-14.54986472093));
#2061 = CARTESIAN_POINT('',(-1.748042099,-13.64175734412));
#2062 = CARTESIAN_POINT('',(-1.733437564217,-13.1995407087));
#2063 = CARTESIAN_POINT('',(-1.716399515424,-12.78484927863));
#2064 = CARTESIAN_POINT('',(-1.696888514285,-12.40928407077));
#2065 = CARTESIAN_POINT('',(-1.67493003819,-12.08643720439));
#2066 = CARTESIAN_POINT('',(-1.650617004554,-11.83214701125));
#2067 = CARTESIAN_POINT('',(-1.606094789962,-11.5519647309));
#2068 = CARTESIAN_POINT('',(-1.587199182566,-11.48045750554));
#2069 = CARTESIAN_POINT('',(-1.567874892498,-11.4576608123));
#2070 = CARTESIAN_POINT('',(-1.548533563229,-11.48598468005));
#2071 = CARTESIAN_POINT('',(-1.529589121297,-11.56400597266));
#2072 = CARTESIAN_POINT('',(-1.511436243691,-11.6864671748));
#2073 = CARTESIAN_POINT('',(-1.473757146818,-12.03569648186));
#2074 = CARTESIAN_POINT('',(-1.454711044539,-12.27979230809));
#2075 = CARTESIAN_POINT('',(-1.437356698305,-12.56578640471));
#2076 = CARTESIAN_POINT('',(-1.421712358412,-12.88491850208));
#2077 = CARTESIAN_POINT('',(-1.407764987891,-13.22983667321));
#2078 = CARTESIAN_POINT('',(-1.395480057999,-13.59434698028));
#2079 = CARTESIAN_POINT('',(-1.371815244425,-14.43461172111));
#2080 = CARTESIAN_POINT('',(-1.36114718269,-14.91964991372));
#2081 = CARTESIAN_POINT('',(-1.352713501328,-15.42104347933));
#2082 = CARTESIAN_POINT('',(-1.34643993077,-15.93353217242));
#2083 = CARTESIAN_POINT('',(-1.342273027129,-16.45308709973));
#2084 = CARTESIAN_POINT('',(-1.340186315509,-16.97630895368));
#2085 = CARTESIAN_POINT('',(-1.340186315509,-17.5));
#2086 = ( GEOMETRIC_REPRESENTATION_CONTEXT(2) 
PARAMETRIC_REPRESENTATION_CONTEXT() REPRESENTATION_CONTEXT('2D SPACE',''
  ) );
#2087 = ORIENTED_EDGE('',*,*,#1862,.F.);
#2088 = ADVANCED_FACE('',(#2089,#2115),#1795,.F.);
#2089 = FACE_BOUND('',#2090,.F.);
#2090 = EDGE_LOOP('',(#2091));
#2091 = ORIENTED_EDGE('',*,*,#2092,.T.);
#2092 = EDGE_CURVE('',#2093,#2093,#2095,.T.);
#2093 = VERTEX_POINT('',#2094);
#2094 = CARTESIAN_POINT('',(26.25,0.,45.));
#2095 = SURFACE_CURVE('',#2096,(#2101,#2108),.PCURVE_S1.);
#2096 = CIRCLE('',#2097,26.25);
#2097 = AXIS2_PLACEMENT_3D('',#2098,#2099,#2100);
#2098 = CARTESIAN_POINT('',(0.,0.,45.));
#2099 = DIRECTION('',(0.,0.,1.));
#2100 = DIRECTION('',(1.,0.,-0.));
#2101 = PCURVE('',#1795,#2102);
#2102 = DEFINITIONAL_REPRESENTATION('',(#2103),#2107);
#2103 = CIRCLE('',#2104,26.25);
#2104 = AXIS2_PLACEMENT_2D('',#2105,#2106);
#2105 = CARTESIAN_POINT('',(0.,0.));
#2106 = DIRECTION('',(1.,0.));
#2107 = ( GEOMETRIC_REPRESENTATION_CONTEXT(2) 
PARAMETRIC_REPRESENTATION_CONTEXT() REPRESENTATION_CONTEXT('2D SPACE',''
  ) );
#2108 = PCURVE('',#2017,#2109);
#2109 = DEFINITIONAL_REPRESENTATION('',(#2110),#2114);
#2110 = LINE('',#2111,#2112);
#2111 = CARTESIAN_POINT('',(-0.,-35.));
#2112 = VECTOR('',#2113,1.);
#2113 = DIRECTION('',(-1.,0.));
#2114 = ( GEOMETRIC_REPRESENTATION_CONTEXT(2) 
PARAMETRIC_REPRESENTATION_CONTEXT() REPRESENTATION_CONTEXT('2D SPACE',''
  ) );
#2115 = FACE_BOUND('',#2116,.F.);
#2116 = EDGE_LOOP('',(#2117));
#2117 = ORIENTED_EDGE('',*,*,#1780,.F.);
#2118 = ADVANCED_FACE('',(#2119),#1843,.F.);
#2119 = FACE_BOUND('',#2120,.T.);
#2120 = EDGE_LOOP('',(#2121,#2144,#2171,#2172));
#2121 = ORIENTED_EDGE('',*,*,#2122,.T.);
#2122 = EDGE_CURVE('',#1827,#2123,#2125,.T.);
#2123 = VERTEX_POINT('',#2124);
#2124 = CARTESIAN_POINT('',(27.,0.,10.));
#2125 = SEAM_CURVE('',#2126,(#2130,#2137),.PCURVE_S1.);
#2126 = LINE('',#2127,#2128);
#2127 = CARTESIAN_POINT('',(27.,0.,0.));
#2128 = VECTOR('',#2129,1.);
#2129 = DIRECTION('',(0.,0.,1.));
#2130 = PCURVE('',#1843,#2131);
#2131 = DEFINITIONAL_REPRESENTATION('',(#2132),#2136);
#2132 = LINE('',#2133,#2134);
#2133 = CARTESIAN_POINT('',(-0.,0.));
#2134 = VECTOR('',#2135,1.);
#2135 = DIRECTION('',(-0.,-1.));
#2136 = ( GEOMETRIC_REPRESENTATION_CONTEXT(2) 
PARAMETRIC_REPRESENTATION_CONTEXT() REPRESENTATION_CONTEXT('2D SPACE',''
  ) );
#2137 = PCURVE('',#1843,#2138);
#2138 = DEFINITIONAL_REPRESENTATION('',(#2139),#2143);
#2139 = LINE('',#2140,#2141);
#2140 = CARTESIAN_POINT('',(-6.28318530718,0.));
#2141 = VECTOR('',#2142,1.);
#2142 = DIRECTION('',(-0.,-1.));
#2143 = ( GEOMETRIC_REPRESENTATION_CONTEXT(2) 
PARAMETRIC_REPRESENTATION_CONTEXT() REPRESENTATION_CONTEXT('2D SPACE',''
  ) );
#2144 = ORIENTED_EDGE('',*,*,#2145,.T.);
#2145 = EDGE_CURVE('',#2123,#2123,#2146,.T.);
#2146 = SURFACE_CURVE('',#2147,(#2152,#2159),.PCURVE_S1.);
#2147 = CIRCLE('',#2148,27.);
#2148 = AXIS2_PLACEMENT_3D('',#2149,#2150,#2151);
#2149 = CARTESIAN_POINT('',(0.,0.,10.));
#2150 = DIRECTION('',(0.,0.,1.));
#2151 = DIRECTION('',(1.,0.,-0.));
#2152 = PCURVE('',#1843,#2153);
#2153 = DEFINITIONAL_REPRESENTATION('',(#2154),#2158);
#2154 = LINE('',#2155,#2156);
#2155 = CARTESIAN_POINT('',(-0.,-10.));
#2156 = VECTOR('',#2157,1.);
#2157 = DIRECTION('',(-1.,0.));
#2158 = ( GEOMETRIC_REPRESENTATION_CONTEXT(2) 
PARAMETRIC_REPRESENTATION_CONTEXT() REPRESENTATION_CONTEXT('2D SPACE',''
  ) );
#2159 = PCURVE('',#2160,#2165);
#2160 = PLANE('',#2161);
#2161 = AXIS2_PLACEMENT_3D('',#2162,#2163,#2164);
#2162 = CARTESIAN_POINT('',(-1.451346077654E-15,3.123268199818E-15,10.)
  );
#2163 = DIRECTION('',(0.,0.,1.));
#2164 = DIRECTION('',(1.,0.,-0.));
#2165 = DEFINITIONAL_REPRESENTATION('',(#2166),#2170);
#2166 = CIRCLE('',#2167,27.);
#2167 = AXIS2_PLACEMENT_2D('',#2168,#2169);
#2168 = CARTESIAN_POINT('',(1.451346077654E-15,-3.123268199818E-15));
#2169 = DIRECTION('',(1.,0.));
#2170 = ( GEOMETRIC_REPRESENTATION_CONTEXT(2) 
PARAMETRIC_REPRESENTATION_CONTEXT() REPRESENTATION_CONTEXT('2D SPACE',''
  ) );
#2171 = ORIENTED_EDGE('',*,*,#2122,.F.);
#2172 = ORIENTED_EDGE('',*,*,#1826,.F.);
#2173 = ADVANCED_FACE('',(#2174,#2223),#2017,.F.);
#2174 = FACE_BOUND('',#2175,.T.);
#2175 = EDGE_LOOP('',(#2176,#2200,#2221,#2222));
#2176 = ORIENTED_EDGE('',*,*,#2177,.F.);
#2177 = EDGE_CURVE('',#2178,#2178,#2180,.T.);
#2178 = VERTEX_POINT('',#2179);
#2179 = CARTESIAN_POINT('',(26.25,0.,10.));
#2180 = SURFACE_CURVE('',#2181,(#2186,#2193),.PCURVE_S1.);
#2181 = CIRCLE('',#2182,26.25);
#2182 = AXIS2_PLACEMENT_3D('',#2183,#2184,#2185);
#2183 = CARTESIAN_POINT('',(0.,0.,10.));
#2184 = DIRECTION('',(0.,0.,1.));
#2185 = DIRECTION('',(1.,0.,-0.));
#2186 = PCURVE('',#2017,#2187);
#2187 = DEFINITIONAL_REPRESENTATION('',(#2188),#2192);
#2188 = LINE('',#2189,#2190);
#2189 = CARTESIAN_POINT('',(-0.,0.));
#2190 = VECTOR('',#2191,1.);
#2191 = DIRECTION('',(-1.,0.));
#2192 = ( GEOMETRIC_REPRESENTATION_CONTEXT(2) 
PARAMETRIC_REPRESENTATION_CONTEXT() REPRESENTATION_CONTEXT('2D SPACE',''
  ) );
#2193 = PCURVE('',#2160,#2194);
#2194 = DEFINITIONAL_REPRESENTATION('',(#2195),#2199);
#2195 = CIRCLE('',#2196,26.25);
#2196 = AXIS2_PLACEMENT_2D('',#2197,#2198);
#2197 = CARTESIAN_POINT('',(1.451346077654E-15,-3.123268199818E-15));
#2198 = DIRECTION('',(1.,0.));
#2199 = ( GEOMETRIC_REPRESENTATION_CONTEXT(2) 
PARAMETRIC_REPRESENTATION_CONTEXT() REPRESENTATION_CONTEXT('2D SPACE',''
  ) );
#2200 = ORIENTED_EDGE('',*,*,#2201,.T.);
#2201 = EDGE_CURVE('',#2178,#2093,#2202,.T.);
#2202 = SEAM_CURVE('',#2203,(#2207,#2214),.PCURVE_S1.);
#2203 = LINE('',#2204,#2205);
#2204 = CARTESIAN_POINT('',(26.25,0.,10.));
#2205 = VECTOR('',#2206,1.);
#2206 = DIRECTION('',(0.,0.,1.));
#2207 = PCURVE('',#2017,#2208);
#2208 = DEFINITIONAL_REPRESENTATION('',(#2209),#2213);
#2209 = LINE('',#2210,#2211);
#2210 = CARTESIAN_POINT('',(-6.28318530718,0.));
#2211 = VECTOR('',#2212,1.);
#2212 = DIRECTION('',(-0.,-1.));
#2213 = ( GEOMETRIC_REPRESENTATION_CONTEXT(2) 
PARAMETRIC_REPRESENTATION_CONTEXT() REPRESENTATION_CONTEXT('2D SPACE',''
  ) );
#2214 = PCURVE('',#2017,#2215);
#2215 = DEFINITIONAL_REPRESENTATION('',(#2216),#2220);
#2216 = LINE('',#2217,#2218);
#2217 = CARTESIAN_POINT('',(-0.,0.));
#2218 = VECTOR('',#2219,1.);
#2219 = DIRECTION('',(-0.,-1.));
#2220 = ( GEOMETRIC_REPRESENTATION_CONTEXT(2) 
PARAMETRIC_REPRESENTATION_CONTEXT() REPRESENTATION_CONTEXT('2D SPACE',''
  ) );
#2221 = ORIENTED_EDGE('',*,*,#2092,.T.);
#2222 = ORIENTED_EDGE('',*,*,#2201,.F.);
#2223 = FACE_BOUND('',#2224,.T.);
#2224 = EDGE_LOOP('',(#2225));
#2225 = ORIENTED_EDGE('',*,*,#1885,.F.);
#2226 = ADVANCED_FACE('',(#2227,#2230),#2160,.F.);
#2227 = FACE_BOUND('',#2228,.F.);
#2228 = EDGE_LOOP('',(#2229));
#2229 = ORIENTED_EDGE('',*,*,#2145,.T.);
#2230 = FACE_BOUND('',#2231,.F.);
#2231 = EDGE_LOOP('',(#2232));
#2232 = ORIENTED_EDGE('',*,*,#2177,.F.);
#2233 = ( GEOMETRIC_REPRESENTATION_CONTEXT(3) 
GLOBAL_UNCERTAINTY_ASSIGNED_CONTEXT((#2237)) 
GLOBAL_UNIT_ASSIGNED_CONTEXT((#2234,#2235,#2236)) REPRESENTATION_CONTEXT
('Context #1','3D Context with UNIT and UNCERTAINTY') );
#2234 = ( LENGTH_UNIT() NAMED_UNIT(*) SI_UNIT(.MILLI.,.METRE.) );
#2235 = ( NAMED_UNIT(*) PLANE_ANGLE_UNIT() SI_UNIT($,.RADIAN.) );
#2236 = ( NAMED_UNIT(*) SI_UNIT($,.STERADIAN.) SOLID_ANGLE_UNIT() );
#2237 = UNCERTAINTY_MEASURE_WITH_UNIT(LENGTH_MEASURE(1.E-07),#2234,
  'distance_accuracy_value','confusion accuracy');
#2238 = PRODUCT_RELATED_PRODUCT_CATEGORY('part',$,(#7));
ENDSEC;
END-ISO-10303-21;
