ISO-10303-21;
HEADER;
FILE_DESCRIPTION(('Open CASCADE Model'),'2;1');
FILE_NAME('Open CASCADE Shape Model','2026-09-06T13:44:55',('Author'),(
    'Open CASCADE'),'Open CASCADE STEP processor 7.9','build123d',
  'Unknown');
FILE_SCHEMA(('AUTOMOTIVE_DESIGN { 1 0 10303 214 1 1 1 1 }'));
ENDSEC;
DATA;
#1 = APPLICATION_PROTOCOL_DEFINITION('international standard',
  'automotive_design',2000,#2);
#2 = APPLICATION_CONTEXT(
  'core data for automotive mechanical design processes');
#3 = SHAPE_DEFINITION_REPRESENTATION(#4,#10);
#4 = PRODUCT_DEFINITION_SHAPE('','',#5);
#5 = PRODUCT_DEFINITION('design','',#6,#9);
#6 = PRODUCT_DEFINITION_FORMATION('','',#7);
#7 = PRODUCT('COMPOUND','COMPOUND','',(#8));
#8 = PRODUCT_CONTEXT('',#2,'mechanical');
#9 = PRODUCT_DEFINITION_CONTEXT('part definition',#2,'design');
#10 = ADVANCED_BREP_SHAPE_REPRESENTATION('',(#11,#15),#2585);
#11 = AXIS2_PLACEMENT_3D('',#12,#13,#14);
#12 = CARTESIAN_POINT('',(0.,0.,0.));
#13 = DIRECTION('',(0.,0.,1.));
#14 = DIRECTION('',(1.,0.,-0.));
#15 = MANIFOLD_SOLID_BREP('',#16);
#16 = CLOSED_SHELL('',(#17,#2415,#2419,#2423,#2450,#2477,#2504,#2531,
    #2558));
#17 = ADVANCED_FACE('',(#18,#105,#300,#495,#690,#885,#1075,#1265,#1455,
    #1645,#1840,#2035,#2225),#32,.T.);
#18 = FACE_BOUND('',#19,.F.);
#19 = EDGE_LOOP('',(#20,#50,#77,#78));
#20 = ORIENTED_EDGE('',*,*,#21,.F.);
#21 = EDGE_CURVE('',#22,#24,#26,.T.);
#22 = VERTEX_POINT('',#23);
#23 = CARTESIAN_POINT('',(17.5,0.,-930.));
#24 = VERTEX_POINT('',#25);
#25 = CARTESIAN_POINT('',(17.5,0.,0.));
#26 = SEAM_CURVE('',#27,(#31,#43),.PCURVE_S1.);
#27 = LINE('',#28,#29);
#28 = CARTESIAN_POINT('',(17.5,0.,-930.));
#29 = VECTOR('',#30,1.);
#30 = DIRECTION('',(0.,0.,1.));
#31 = PCURVE('',#32,#37);
#32 = CYLINDRICAL_SURFACE('',#33,17.5);
#33 = AXIS2_PLACEMENT_3D('',#34,#35,#36);
#34 = CARTESIAN_POINT('',(0.,0.,-930.));
#35 = DIRECTION('',(-0.,-0.,-1.));
#36 = DIRECTION('',(1.,0.,-0.));
#37 = DEFINITIONAL_REPRESENTATION('',(#38),#42);
#38 = LINE('',#39,#40);
#39 = CARTESIAN_POINT('',(-6.28318530718,0.));
#40 = VECTOR('',#41,1.);
#41 = DIRECTION('',(-0.,-1.));
#42 = ( GEOMETRIC_REPRESENTATION_CONTEXT(2) 
PARAMETRIC_REPRESENTATION_CONTEXT() REPRESENTATION_CONTEXT('2D SPACE',''
  ) );
#43 = PCURVE('',#32,#44);
#44 = DEFINITIONAL_REPRESENTATION('',(#45),#49);
#45 = LINE('',#46,#47);
#46 = CARTESIAN_POINT('',(-0.,0.));
#47 = VECTOR('',#48,1.);
#48 = DIRECTION('',(-0.,-1.));
#49 = ( GEOMETRIC_REPRESENTATION_CONTEXT(2) 
PARAMETRIC_REPRESENTATION_CONTEXT() REPRESENTATION_CONTEXT('2D SPACE',''
  ) );
#50 = ORIENTED_EDGE('',*,*,#51,.F.);
#51 = EDGE_CURVE('',#22,#22,#52,.T.);
#52 = SURFACE_CURVE('',#53,(#58,#65),.PCURVE_S1.);
#53 = CIRCLE('',#54,17.5);
#54 = AXIS2_PLACEMENT_3D('',#55,#56,#57);
#55 = CARTESIAN_POINT('',(0.,0.,-930.));
#56 = DIRECTION('',(0.,0.,1.));
#57 = DIRECTION('',(1.,0.,-0.));
#58 = PCURVE('',#32,#59);
#59 = DEFINITIONAL_REPRESENTATION('',(#60),#64);
#60 = LINE('',#61,#62);
#61 = CARTESIAN_POINT('',(-0.,0.));
#62 = VECTOR('',#63,1.);
#63 = DIRECTION('',(-1.,0.));
#64 = ( GEOMETRIC_REPRESENTATION_CONTEXT(2) 
PARAMETRIC_REPRESENTATION_CONTEXT() REPRESENTATION_CONTEXT('2D SPACE',''
  ) );
#65 = PCURVE('',#66,#71);
#66 = PLANE('',#67);
#67 = AXIS2_PLACEMENT_3D('',#68,#69,#70);
#68 = CARTESIAN_POINT('',(-6.251154891609E-16,1.16096916798E-15,-930.));
#69 = DIRECTION('',(0.,0.,1.));
#70 = DIRECTION('',(1.,0.,-0.));
#71 = DEFINITIONAL_REPRESENTATION('',(#72),#76);
#72 = CIRCLE('',#73,17.5);
#73 = AXIS2_PLACEMENT_2D('',#74,#75);
#74 = CARTESIAN_POINT('',(6.251154891609E-16,-1.16096916798E-15));
#75 = DIRECTION('',(1.,0.));
#76 = ( GEOMETRIC_REPRESENTATION_CONTEXT(2) 
PARAMETRIC_REPRESENTATION_CONTEXT() REPRESENTATION_CONTEXT('2D SPACE',''
  ) );
#77 = ORIENTED_EDGE('',*,*,#21,.T.);
#78 = ORIENTED_EDGE('',*,*,#79,.T.);
#79 = EDGE_CURVE('',#24,#24,#80,.T.);
#80 = SURFACE_CURVE('',#81,(#86,#93),.PCURVE_S1.);
#81 = CIRCLE('',#82,17.5);
#82 = AXIS2_PLACEMENT_3D('',#83,#84,#85);
#83 = CARTESIAN_POINT('',(0.,0.,0.));
#84 = DIRECTION('',(0.,0.,1.));
#85 = DIRECTION('',(1.,0.,-0.));
#86 = PCURVE('',#32,#87);
#87 = DEFINITIONAL_REPRESENTATION('',(#88),#92);
#88 = LINE('',#89,#90);
#89 = CARTESIAN_POINT('',(-0.,-930.));
#90 = VECTOR('',#91,1.);
#91 = DIRECTION('',(-1.,0.));
#92 = ( GEOMETRIC_REPRESENTATION_CONTEXT(2) 
PARAMETRIC_REPRESENTATION_CONTEXT() REPRESENTATION_CONTEXT('2D SPACE',''
  ) );
#93 = PCURVE('',#94,#99);
#94 = PLANE('',#95);
#95 = AXIS2_PLACEMENT_3D('',#96,#97,#98);
#96 = CARTESIAN_POINT('',(-6.251154891609E-16,1.16096916798E-15,0.));
#97 = DIRECTION('',(0.,0.,1.));
#98 = DIRECTION('',(1.,0.,-0.));
#99 = DEFINITIONAL_REPRESENTATION('',(#100),#104);
#100 = CIRCLE('',#101,17.5);
#101 = AXIS2_PLACEMENT_2D('',#102,#103);
#102 = CARTESIAN_POINT('',(6.251154891609E-16,-1.16096916798E-15));
#103 = DIRECTION('',(1.,0.));
#104 = ( GEOMETRIC_REPRESENTATION_CONTEXT(2) 
PARAMETRIC_REPRESENTATION_CONTEXT() REPRESENTATION_CONTEXT('2D SPACE',''
  ) );
#105 = FACE_BOUND('',#106,.F.);
#106 = EDGE_LOOP('',(#107));
#107 = ORIENTED_EDGE('',*,*,#108,.F.);
#108 = EDGE_CURVE('',#109,#109,#111,.T.);
#109 = VERTEX_POINT('',#110);
#110 = CARTESIAN_POINT('',(3.,17.240939649567,-95.));
#111 = SURFACE_CURVE('',#112,(#171,#233),.PCURVE_S1.);
#112 = B_SPLINE_CURVE_WITH_KNOTS('',8,(#113,#114,#115,#116,#117,#118,
    #119,#120,#121,#122,#123,#124,#125,#126,#127,#128,#129,#130,#131,
    #132,#133,#134,#135,#136,#137,#138,#139,#140,#141,#142,#143,#144,
    #145,#146,#147,#148,#149,#150,#151,#152,#153,#154,#155,#156,#157,
    #158,#159,#160,#161,#162,#163,#164,#165,#166,#167,#168,#169,#170),
  .UNSPECIFIED.,.T.,.F.,(9,7,7,7,7,7,7,7,9),(0.,0.106503748036,
    0.21031998481,0.310274050681,0.43099162588,0.556158722017,
    0.670746043446,0.814421833137,1.),.UNSPECIFIED.);
#113 = CARTESIAN_POINT('',(3.,17.240939649567,-95.));
#114 = CARTESIAN_POINT('',(3.,17.240939649567,-94.76436693379));
#115 = CARTESIAN_POINT('',(2.978848294483,17.244619914233,
    -94.52874792518));
#116 = CARTESIAN_POINT('',(2.936549886936,17.251980589293,-94.2953592442
    ));
#117 = CARTESIAN_POINT('',(2.873386795263,17.262821260691,
    -94.06639884738));
#118 = CARTESIAN_POINT('',(2.789909279669,17.276747504732,
    -93.84402222575));
#119 = CARTESIAN_POINT('',(2.686931312392,17.29319735927,-93.63031248479
    ));
#120 = CARTESIAN_POINT('',(2.565530289265,17.311487715917,
    -93.42724465645));
#121 = CARTESIAN_POINT('',(2.292066058184,17.34978419057,-93.05085343289
    ));
#122 = CARTESIAN_POINT('',(2.136884582389,17.370290950514,
    -92.87144511969));
#123 = CARTESIAN_POINT('',(1.960977783653,17.391839046472,
    -92.70118790878));
#124 = CARTESIAN_POINT('',(1.764129295351,17.41366668664,-92.54309024865
    ));
#125 = CARTESIAN_POINT('',(1.546462241562,17.434822240464,
    -92.40041312574));
#126 = CARTESIAN_POINT('',(1.308496864007,17.454190581431,
    -92.27670288761));
#127 = CARTESIAN_POINT('',(1.051258676828,17.470561526062,
    -92.17585537226));
#128 = CARTESIAN_POINT('',(0.511878758783,17.494516853325,-92.0313289588
    ));
#129 = CARTESIAN_POINT('',(0.234108254156,17.502267727703,
    -91.98649021427));
#130 = CARTESIAN_POINT('',(-5.09640346734E-02,17.504973105223,
    -91.97155627317));
#131 = CARTESIAN_POINT('',(-0.336807868713,17.502058964519,
    -91.98813982858));
#132 = CARTESIAN_POINT('',(-0.616745273699,17.493697350231,
    -92.03569952666));
#133 = CARTESIAN_POINT('',(-0.884433569063,17.480782502834,
    -92.11157463332));
#134 = CARTESIAN_POINT('',(-1.134310349081,17.464692538889,
    -92.21098127757));
#135 = CARTESIAN_POINT('',(-1.636924816747,17.42545658424,
    -92.46707614013));
#136 = CARTESIAN_POINT('',(-1.883804988351,17.401201723068,
    -92.63358112335));
#137 = CARTESIAN_POINT('',(-2.102488834045,17.375922548348,
    -92.82042484058));
#138 = CARTESIAN_POINT('',(-2.293558684541,17.351097270249,
    -93.02286478475));
#139 = CARTESIAN_POINT('',(-2.457937790271,17.327844296363,
    -93.23716714956));
#140 = CARTESIAN_POINT('',(-2.596649740501,17.306966239466,
    -93.46038735945));
#141 = CARTESIAN_POINT('',(-2.710657951098,17.289032991935,
    -93.69022105765));
#142 = CARTESIAN_POINT('',(-2.894144983193,17.259283832224,
    -94.16822111847));
#143 = CARTESIAN_POINT('',(-2.961911513935,17.247704360209,
    -94.41697015683));
#144 = CARTESIAN_POINT('',(-3.004808905293,17.240131469216,
    -94.66915239193));
#145 = CARTESIAN_POINT('',(-3.023318188238,17.236813307238,
    -94.92312205276));
#146 = CARTESIAN_POINT('',(-3.017638943512,17.237844391875,
    -95.17741162974));
#147 = CARTESIAN_POINT('',(-2.98768832263,17.243182108137,
    -95.43058165383));
#148 = CARTESIAN_POINT('',(-2.933092503783,17.252638362683,
    -95.68107342059));
#149 = CARTESIAN_POINT('',(-2.780002098293,17.277936450818,
    -96.15223724127));
#150 = CARTESIAN_POINT('',(-2.685625189791,17.293168053667,
    -96.37358775876));
#151 = CARTESIAN_POINT('',(-2.569492826915,17.311262825941,
    -96.58980689964));
#152 = CARTESIAN_POINT('',(-2.430841981524,17.331814457927,
    -96.79922398787));
#153 = CARTESIAN_POINT('',(-2.268780241269,17.354253230438,
    -96.99969870538));
#154 = CARTESIAN_POINT('',(-2.082395423939,17.377783070993,
    -97.18849490793));
#155 = CARTESIAN_POINT('',(-1.87091174255,17.401331835167,
    -97.36210558669));
#156 = CARTESIAN_POINT('',(-1.336760392841,17.451422586496,
    -97.70898752911));
#157 = CARTESIAN_POINT('',(-0.987381497981,17.478343134318,
    -97.87885383801));
#158 = CARTESIAN_POINT('',(-0.596185334651,17.499785608575,
    -98.00125005644));
#159 = CARTESIAN_POINT('',(-0.179077914174,17.5110093778,-98.06094536761
    ));
#160 = CARTESIAN_POINT('',(0.244160842805,17.509005544669,-98.0514718844
    ));
#161 = CARTESIAN_POINT('',(0.653305989366,17.49499255016,-97.97486548217
    ));
#162 = CARTESIAN_POINT('',(1.030313768232,17.47281089877,-97.84200762702
    ));
#163 = CARTESIAN_POINT('',(1.790355668012,17.413479201356,-97.4547469364
    ));
#164 = CARTESIAN_POINT('',(2.150044735727,17.373305415589,
    -97.17264565848));
#165 = CARTESIAN_POINT('',(2.441334598992,17.33307848923,-96.84974417578
    ));
#166 = CARTESIAN_POINT('',(2.668262149813,17.297654802403,-96.5005404096
    ));
#167 = CARTESIAN_POINT('',(2.834921835234,17.269660153566,
    -96.13513912795));
#168 = CARTESIAN_POINT('',(2.944835399916,17.250539335927,
    -95.76024134306));
#169 = CARTESIAN_POINT('',(3.,17.240939649567,-95.38053847163));
#170 = CARTESIAN_POINT('',(3.,17.240939649567,-95.));
#171 = PCURVE('',#32,#172);
#172 = DEFINITIONAL_REPRESENTATION('',(#173),#232);
#173 = B_SPLINE_CURVE_WITH_KNOTS('',8,(#174,#175,#176,#177,#178,#179,
    #180,#181,#182,#183,#184,#185,#186,#187,#188,#189,#190,#191,#192,
    #193,#194,#195,#196,#197,#198,#199,#200,#201,#202,#203,#204,#205,
    #206,#207,#208,#209,#210,#211,#212,#213,#214,#215,#216,#217,#218,
    #219,#220,#221,#222,#223,#224,#225,#226,#227,#228,#229,#230,#231),
  .UNSPECIFIED.,.F.,.F.,(9,7,7,7,7,7,7,7,9),(0.,0.106503748036,
    0.21031998481,0.310274050681,0.43099162588,0.556158722017,
    0.670746043446,0.814421833137,1.),.UNSPECIFIED.);
#174 = CARTESIAN_POINT('',(-1.398516803067,-835.));
#175 = CARTESIAN_POINT('',(-1.398516803067,-835.2356330662));
#176 = CARTESIAN_POINT('',(-1.399743623805,-835.4712520748));
#177 = CARTESIAN_POINT('',(-1.402197017402,-835.7046407557));
#178 = CARTESIAN_POINT('',(-1.405859093272,-835.9336011526));
#179 = CARTESIAN_POINT('',(-1.410695024137,-836.1559777742));
#180 = CARTESIAN_POINT('',(-1.416653778989,-836.3696875152));
#181 = CARTESIAN_POINT('',(-1.423668883002,-836.5727553435));
#182 = CARTESIAN_POINT('',(-1.439447898325,-836.9491465671));
#183 = CARTESIAN_POINT('',(-1.448392235628,-837.1285548803));
#184 = CARTESIAN_POINT('',(-1.45851839281,-837.2988120912));
#185 = CARTESIAN_POINT('',(-1.469834232162,-837.4569097513));
#186 = CARTESIAN_POINT('',(-1.482328335744,-837.5995868742));
#187 = CARTESIAN_POINT('',(-1.495967999159,-837.7232971123));
#188 = CARTESIAN_POINT('',(-1.510694352668,-837.8241446277));
#189 = CARTESIAN_POINT('',(-1.541546445043,-837.9686710411));
#190 = CARTESIAN_POINT('',(-1.557423073512,-838.0135097857));
#191 = CARTESIAN_POINT('',(-1.573708987535,-838.0284437268));
#192 = CARTESIAN_POINT('',(-1.590037507,-838.0118601714));
#193 = CARTESIAN_POINT('',(-1.60603541526,-837.9643004733));
#194 = CARTESIAN_POINT('',(-1.621346351913,-837.8884253666));
#195 = CARTESIAN_POINT('',(-1.635653264187,-837.7890187224));
#196 = CARTESIAN_POINT('',(-1.664461469551,-837.5329238598));
#197 = CARTESIAN_POINT('',(-1.678633981621,-837.3664188766));
#198 = CARTESIAN_POINT('',(-1.691210705539,-837.1795751594));
#199 = CARTESIAN_POINT('',(-1.70221907706,-836.9771352152));
#200 = CARTESIAN_POINT('',(-1.711704902509,-836.7628328504));
#201 = CARTESIAN_POINT('',(-1.719720264968,-836.5396126405));
#202 = CARTESIAN_POINT('',(-1.726315054306,-836.3097789423));
#203 = CARTESIAN_POINT('',(-1.736936942136,-835.8317788815));
#204 = CARTESIAN_POINT('',(-1.74086529961,-835.5830298431));
#205 = CARTESIAN_POINT('',(-1.743354474823,-835.330847608));
#206 = CARTESIAN_POINT('',(-1.744429038491,-835.0768779472));
#207 = CARTESIAN_POINT('',(-1.744099185315,-834.8225883702));
#208 = CARTESIAN_POINT('',(-1.742360746042,-834.5694183461));
#209 = CARTESIAN_POINT('',(-1.739194628096,-834.3189265794));
#210 = CARTESIAN_POINT('',(-1.730327966756,-833.8477627587));
#211 = CARTESIAN_POINT('',(-1.724865253422,-833.6264122412));
#212 = CARTESIAN_POINT('',(-1.718149222323,-833.4101931003));
#213 = CARTESIAN_POINT('',(-1.710140219784,-833.2007760121));
#214 = CARTESIAN_POINT('',(-1.700792218419,-833.0003012946));
#215 = CARTESIAN_POINT('',(-1.690058801421,-832.811505092));
#216 = CARTESIAN_POINT('',(-1.677901171908,-832.6378944133));
#217 = CARTESIAN_POINT('',(-1.647244322075,-832.2910124708));
#218 = CARTESIAN_POINT('',(-1.627223448723,-832.1211461619));
#219 = CARTESIAN_POINT('',(-1.604844758166,-831.9987499435));
#220 = CARTESIAN_POINT('',(-1.581021478494,-831.9390546323));
#221 = CARTESIAN_POINT('',(-1.556858616189,-831.9485281155));
#222 = CARTESIAN_POINT('',(-1.533476679437,-832.0251345178));
#223 = CARTESIAN_POINT('',(-1.511900130788,-832.1579923729));
#224 = CARTESIAN_POINT('',(-1.46833703314,-832.5452530635));
#225 = CARTESIAN_POINT('',(-1.447667066707,-832.8273543415));
#226 = CARTESIAN_POINT('',(-1.430870858519,-833.1502558242));
#227 = CARTESIAN_POINT('',(-1.417748028695,-833.4994595903));
#228 = CARTESIAN_POINT('',(-1.408091616988,-833.864860872));
#229 = CARTESIAN_POINT('',(-1.401716423537,-834.2397586569));
#230 = CARTESIAN_POINT('',(-1.398516803067,-834.6194615283));
#231 = CARTESIAN_POINT('',(-1.398516803067,-835.));
#232 = ( GEOMETRIC_REPRESENTATION_CONTEXT(2) 
PARAMETRIC_REPRESENTATION_CONTEXT() REPRESENTATION_CONTEXT('2D SPACE',''
  ) );
#233 = PCURVE('',#234,#239);
#234 = CYLINDRICAL_SURFACE('',#235,3.);
#235 = AXIS2_PLACEMENT_3D('',#236,#237,#238);
#236 = CARTESIAN_POINT('',(0.,40.,-95.));
#237 = DIRECTION('',(0.,1.,-2.22044604925E-16));
#238 = DIRECTION('',(1.,0.,0.));
#239 = DEFINITIONAL_REPRESENTATION('',(#240),#299);
#240 = B_SPLINE_CURVE_WITH_KNOTS('',8,(#241,#242,#243,#244,#245,#246,
    #247,#248,#249,#250,#251,#252,#253,#254,#255,#256,#257,#258,#259,
    #260,#261,#262,#263,#264,#265,#266,#267,#268,#269,#270,#271,#272,
    #273,#274,#275,#276,#277,#278,#279,#280,#281,#282,#283,#284,#285,
    #286,#287,#288,#289,#290,#291,#292,#293,#294,#295,#296,#297,#298),
  .UNSPECIFIED.,.F.,.F.,(9,7,7,7,7,7,7,7,9),(0.,0.106503748036,
    0.21031998481,0.310274050681,0.43099162588,0.556158722017,
    0.670746043446,0.814421833137,1.),.UNSPECIFIED.);
#241 = CARTESIAN_POINT('',(0.,-22.75906035043));
#242 = CARTESIAN_POINT('',(-7.854435540219E-02,-22.75906035043));
#243 = CARTESIAN_POINT('',(-0.15708390721,-22.75538008576));
#244 = CARTESIAN_POINT('',(-0.235618813678,-22.7480194107));
#245 = CARTESIAN_POINT('',(-0.314153491467,-22.7371787393));
#246 = CARTESIAN_POINT('',(-0.392693020895,-22.72325249526));
#247 = CARTESIAN_POINT('',(-0.47123928488,-22.70680264073));
#248 = CARTESIAN_POINT('',(-0.549786841579,-22.68851228408));
#249 = CARTESIAN_POINT('',(-0.704868554395,-22.65021580943));
#250 = CARTESIAN_POINT('',(-0.783654351429,-22.62970904948));
#251 = CARTESIAN_POINT('',(-0.864717159922,-22.60816095352));
#252 = CARTESIAN_POINT('',(-0.948137600623,-22.58633331336));
#253 = CARTESIAN_POINT('',(-1.034049391137,-22.56517775953));
#254 = CARTESIAN_POINT('',(-1.122640243297,-22.54580941856));
#255 = CARTESIAN_POINT('',(-1.214165108904,-22.52943847393));
#256 = CARTESIAN_POINT('',(-1.400300836018,-22.50548314667));
#257 = CARTESIAN_POINT('',(-1.493604274574,-22.49773227229));
#258 = CARTESIAN_POINT('',(-1.587839306012,-22.49502689477));
#259 = CARTESIAN_POINT('',(-1.682135712667,-22.49794103548));
#260 = CARTESIAN_POINT('',(-1.775681109781,-22.50630264976));
#261 = CARTESIAN_POINT('',(-1.86760785049,-22.51921749716));
#262 = CARTESIAN_POINT('',(-1.95686519747,-22.53530746111));
#263 = CARTESIAN_POINT('',(-2.144897665629,-22.57454341576));
#264 = CARTESIAN_POINT('',(-2.243419080488,-22.59879827693));
#265 = CARTESIAN_POINT('',(-2.338301024206,-22.62407745165));
#266 = CARTESIAN_POINT('',(-2.430074747935,-22.64890272975));
#267 = CARTESIAN_POINT('',(-2.519209636623,-22.67215570363));
#268 = CARTESIAN_POINT('',(-2.606141723841,-22.69303376053));
#269 = CARTESIAN_POINT('',(-2.691283160085,-22.71096700806));
#270 = CARTESIAN_POINT('',(-2.861952284121,-22.74071616777));
#271 = CARTESIAN_POINT('',(-2.947456468804,-22.75229563979));
#272 = CARTESIAN_POINT('',(-3.032057518449,-22.75986853078));
#273 = CARTESIAN_POINT('',(-3.116167456969,-22.76318669276));
#274 = CARTESIAN_POINT('',(-3.200184417289,-22.76215560812));
#275 = CARTESIAN_POINT('',(-3.284505613401,-22.75681789186));
#276 = CARTESIAN_POINT('',(-3.369539880612,-22.74736163731));
#277 = CARTESIAN_POINT('',(-3.534676866901,-22.72206354918));
#278 = CARTESIAN_POINT('',(-3.614570359019,-22.70683194633));
#279 = CARTESIAN_POINT('',(-3.6958279002,-22.68873717405));
#280 = CARTESIAN_POINT('',(-3.778822855971,-22.66818554207));
#281 = CARTESIAN_POINT('',(-3.863942210276,-22.64574676956));
#282 = CARTESIAN_POINT('',(-3.951595534741,-22.622216929));
#283 = CARTESIAN_POINT('',(-4.04223575844,-22.59866816483));
#284 = CARTESIAN_POINT('',(-4.254536579177,-22.5485774135));
#285 = CARTESIAN_POINT('',(-4.383047799817,-22.52165686568));
#286 = CARTESIAN_POINT('',(-4.517132156744,-22.50021439142));
#287 = CARTESIAN_POINT('',(-4.653991022688,-22.4889906222));
#288 = CARTESIAN_POINT('',(-4.791459916382,-22.49099445533));
#289 = CARTESIAN_POINT('',(-4.927473049238,-22.50500744984));
#290 = CARTESIAN_POINT('',(-5.059551820623,-22.52718910123));
#291 = CARTESIAN_POINT('',(-5.343890142564,-22.58652079864));
#292 = CARTESIAN_POINT('',(-5.493410351556,-22.62669458441));
#293 = CARTESIAN_POINT('',(-5.635052403344,-22.66692151077));
#294 = CARTESIAN_POINT('',(-5.770611346434,-22.70234519759));
#295 = CARTESIAN_POINT('',(-5.901700029808,-22.73033984643));
#296 = CARTESIAN_POINT('',(-6.029770576078,-22.74946066407));
#297 = CARTESIAN_POINT('',(-6.156339149967,-22.75906035043));
#298 = CARTESIAN_POINT('',(-6.28318530718,-22.75906035043));
#299 = ( GEOMETRIC_REPRESENTATION_CONTEXT(2) 
PARAMETRIC_REPRESENTATION_CONTEXT() REPRESENTATION_CONTEXT('2D SPACE',''
  ) );
#300 = FACE_BOUND('',#301,.F.);
#301 = EDGE_LOOP('',(#302));
#302 = ORIENTED_EDGE('',*,*,#303,.F.);
#303 = EDGE_CURVE('',#304,#304,#306,.T.);
#304 = VERTEX_POINT('',#305);
#305 = CARTESIAN_POINT('',(3.,17.240939649567,-225.));
#306 = SURFACE_CURVE('',#307,(#366,#428),.PCURVE_S1.);
#307 = B_SPLINE_CURVE_WITH_KNOTS('',8,(#308,#309,#310,#311,#312,#313,
    #314,#315,#316,#317,#318,#319,#320,#321,#322,#323,#324,#325,#326,
    #327,#328,#329,#330,#331,#332,#333,#334,#335,#336,#337,#338,#339,
    #340,#341,#342,#343,#344,#345,#346,#347,#348,#349,#350,#351,#352,
    #353,#354,#355,#356,#357,#358,#359,#360,#361,#362,#363,#364,#365),
  .UNSPECIFIED.,.T.,.F.,(9,7,7,7,7,7,7,7,9),(0.,0.121224600335,
    0.229926243623,0.322774134566,0.434977813818,0.559268052204,
    0.673052632466,0.815721901804,1.),.UNSPECIFIED.);
#308 = CARTESIAN_POINT('',(3.,17.240939649567,-225.));
#309 = CARTESIAN_POINT('',(3.,17.240939649567,-224.7529709127));
#310 = CARTESIAN_POINT('',(2.976753407394,17.244984647878,
    -224.5061366901));
#311 = CARTESIAN_POINT('',(2.93032195681,17.253063974054,-224.2607385738
    ));
#312 = CARTESIAN_POINT('',(2.86042156475,17.265046038532,-224.0180990832
    ));
#313 = CARTESIAN_POINT('',(2.766475818644,17.280672057403,
    -223.7797437738));
#314 = CARTESIAN_POINT('',(2.647669483904,17.299518004147,
    -223.5475471228));
#315 = CARTESIAN_POINT('',(2.503014118471,17.320937926905,
    -223.3239178304));
#316 = CARTESIAN_POINT('',(2.177586120418,17.364683031026,-222.922047721
    ));
#317 = CARTESIAN_POINT('',(2.000299991448,17.386926461969,
    -222.7392964041));
#318 = CARTESIAN_POINT('',(1.799197928473,17.40994468833,-222.5680410217
    ));
#319 = CARTESIAN_POINT('',(1.574562000248,17.432666300697,
    -222.4125897014));
#320 = CARTESIAN_POINT('',(1.327312262847,17.453792047466,-222.277292398
    ));
#321 = CARTESIAN_POINT('',(1.059016002167,17.471897357514,-222.166552428
    ));
#322 = CARTESIAN_POINT('',(0.7719586801,17.485586805745,-222.0848708661)
  );
#323 = CARTESIAN_POINT('',(0.21078931895,17.500641287877,-221.9959903709
    ));
#324 = CARTESIAN_POINT('',(-5.358526064058E-02,17.503364326431,
    -221.9805401526));
#325 = CARTESIAN_POINT('',(-0.319074401715,17.501409727089,
    -221.9919733195));
#326 = CARTESIAN_POINT('',(-0.580735049221,17.494734210842,
    -222.0302265526));
#327 = CARTESIAN_POINT('',(-0.833735490616,17.483811085818,
    -222.0938445197));
#328 = CARTESIAN_POINT('',(-1.073645943892,17.469545936184,
    -222.1800092516));
#329 = CARTESIAN_POINT('',(-1.296698044792,17.453086024382,-222.28454735
    ));
#330 = CARTESIAN_POINT('',(-1.745683850669,17.414459371325,
    -222.5437694259));
#331 = CARTESIAN_POINT('',(-1.966604566036,17.391467504883,
    -222.7067198363));
#332 = CARTESIAN_POINT('',(-2.162921212298,17.367993865324,
    -222.8861128227));
#333 = CARTESIAN_POINT('',(-2.335239531951,17.345169579042,
    -223.0782776583));
#334 = CARTESIAN_POINT('',(-2.484371543252,17.323855490938,
    -223.2803078729));
#335 = CARTESIAN_POINT('',(-2.611171193986,17.304680155779,
    -223.489898885));
#336 = CARTESIAN_POINT('',(-2.716420585067,17.288098683301,
    -223.7052332323));
#337 = CARTESIAN_POINT('',(-2.894144983193,17.259283832224,
    -224.1682211184));
#338 = CARTESIAN_POINT('',(-2.961911513935,17.247704360209,
    -224.4169701568));
#339 = CARTESIAN_POINT('',(-3.004808905293,17.240131469216,
    -224.6691523919));
#340 = CARTESIAN_POINT('',(-3.023318188238,17.236813307238,
    -224.9231220527));
#341 = CARTESIAN_POINT('',(-3.017638943512,17.237844391875,
    -225.1774116297));
#342 = CARTESIAN_POINT('',(-2.98768832263,17.243182108137,
    -225.4305816538));
#343 = CARTESIAN_POINT('',(-2.933092503783,17.252638362683,
    -225.6810734205));
#344 = CARTESIAN_POINT('',(-2.780002098293,17.277936450818,
    -226.1522372412));
#345 = CARTESIAN_POINT('',(-2.685625189791,17.293168053667,
    -226.3735877587));
#346 = CARTESIAN_POINT('',(-2.569492826915,17.311262825941,
    -226.5898068996));
#347 = CARTESIAN_POINT('',(-2.430841981524,17.331814457927,
    -226.7992239878));
#348 = CARTESIAN_POINT('',(-2.268780241269,17.354253230438,
    -226.9996987053));
#349 = CARTESIAN_POINT('',(-2.082395423939,17.377783070993,
    -227.1884949079));
#350 = CARTESIAN_POINT('',(-1.87091174255,17.401331835167,
    -227.3621055866));
#351 = CARTESIAN_POINT('',(-1.336760392842,17.451422586496,
    -227.7089875291));
#352 = CARTESIAN_POINT('',(-0.987381497977,17.478343134318,
    -227.878853838));
#353 = CARTESIAN_POINT('',(-0.596185334659,17.499785608574,
    -228.0012500564));
#354 = CARTESIAN_POINT('',(-0.179077914166,17.5110093778,-228.0609453676
    ));
#355 = CARTESIAN_POINT('',(0.244160842801,17.509005544669,
    -228.0514718844));
#356 = CARTESIAN_POINT('',(0.653305989367,17.49499255016,-227.9748654821
    ));
#357 = CARTESIAN_POINT('',(1.030313768231,17.47281089877,-227.842007627)
  );
#358 = CARTESIAN_POINT('',(1.790355664933,17.413479201596,
    -227.4547469379));
#359 = CARTESIAN_POINT('',(2.150044747239,17.373305414607,
    -227.1726456498));
#360 = CARTESIAN_POINT('',(2.441334578539,17.333078491094,
    -226.8497441967));
#361 = CARTESIAN_POINT('',(2.66826217031,17.297654800441,-226.5005403807
    ));
#362 = CARTESIAN_POINT('',(2.834921823752,17.269660154704,
    -226.1351391516));
#363 = CARTESIAN_POINT('',(2.944835402853,17.250539335629,
    -225.7602413317));
#364 = CARTESIAN_POINT('',(3.,17.240939649567,-225.3805384742));
#365 = CARTESIAN_POINT('',(3.,17.240939649567,-225.));
#366 = PCURVE('',#32,#367);
#367 = DEFINITIONAL_REPRESENTATION('',(#368),#427);
#368 = B_SPLINE_CURVE_WITH_KNOTS('',8,(#369,#370,#371,#372,#373,#374,
    #375,#376,#377,#378,#379,#380,#381,#382,#383,#384,#385,#386,#387,
    #388,#389,#390,#391,#392,#393,#394,#395,#396,#397,#398,#399,#400,
    #401,#402,#403,#404,#405,#406,#407,#408,#409,#410,#411,#412,#413,
    #414,#415,#416,#417,#418,#419,#420,#421,#422,#423,#424,#425,#426),
  .UNSPECIFIED.,.T.,.F.,(9,7,7,7,7,7,7,7,9),(0.,0.121224600335,
    0.229926243623,0.322774134566,0.434977813818,0.559268052204,
    0.673052632466,0.815721901804,1.),.UNSPECIFIED.);
#369 = CARTESIAN_POINT('',(-1.398516803067,-705.));
#370 = CARTESIAN_POINT('',(-1.398516803067,-705.2470290872));
#371 = CARTESIAN_POINT('',(-1.399865139017,-705.4938633098));
#372 = CARTESIAN_POINT('',(-1.402558235267,-705.7392614261));
#373 = CARTESIAN_POINT('',(-1.406610783358,-705.9819009167));
#374 = CARTESIAN_POINT('',(-1.412052720163,-706.2202562261));
#375 = CARTESIAN_POINT('',(-1.418926080105,-706.4524528771));
#376 = CARTESIAN_POINT('',(-1.427281483586,-706.6760821695));
#377 = CARTESIAN_POINT('',(-1.446044627315,-707.0779522789));
#378 = CARTESIAN_POINT('',(-1.456254294624,-707.2607035958));
#379 = CARTESIAN_POINT('',(-1.467819694474,-707.4319589782));
#380 = CARTESIAN_POINT('',(-1.480719136979,-707.5874102985));
#381 = CARTESIAN_POINT('',(-1.494895270257,-707.7227076019));
#382 = CARTESIAN_POINT('',(-1.510256611565,-707.8334475719));
#383 = CARTESIAN_POINT('',(-1.526674964582,-707.9151291338));
#384 = CARTESIAN_POINT('',(-1.558753322182,-708.004009629));
#385 = CARTESIAN_POINT('',(-1.573859186963,-708.0194598473));
#386 = CARTESIAN_POINT('',(-1.589026435509,-708.0080266804));
#387 = CARTESIAN_POINT('',(-1.603978576013,-707.9697734473));
#388 = CARTESIAN_POINT('',(-1.618445181489,-707.9061554802));
#389 = CARTESIAN_POINT('',(-1.632176210201,-707.8199907483));
#390 = CARTESIAN_POINT('',(-1.644955750488,-707.7154526499));
#391 = CARTESIAN_POINT('',(-1.670706852526,-707.456230574));
#392 = CARTESIAN_POINT('',(-1.683397044926,-707.2932801636));
#393 = CARTESIAN_POINT('',(-1.694693099839,-707.1138871772));
#394 = CARTESIAN_POINT('',(-1.704624624075,-706.9217223416));
#395 = CARTESIAN_POINT('',(-1.713232444068,-706.719692127));
#396 = CARTESIAN_POINT('',(-1.72056027529,-706.5101011149));
#397 = CARTESIAN_POINT('',(-1.726648647645,-706.2947667676));
#398 = CARTESIAN_POINT('',(-1.736936942136,-705.8317788815));
#399 = CARTESIAN_POINT('',(-1.74086529961,-705.5830298431));
#400 = CARTESIAN_POINT('',(-1.743354474823,-705.330847608));
#401 = CARTESIAN_POINT('',(-1.744429038491,-705.0768779472));
#402 = CARTESIAN_POINT('',(-1.744099185315,-704.8225883702));
#403 = CARTESIAN_POINT('',(-1.742360746042,-704.5694183461));
#404 = CARTESIAN_POINT('',(-1.739194628096,-704.3189265794));
#405 = CARTESIAN_POINT('',(-1.730327966756,-703.8477627587));
#406 = CARTESIAN_POINT('',(-1.724865253422,-703.6264122412));
#407 = CARTESIAN_POINT('',(-1.718149222323,-703.4101931003));
#408 = CARTESIAN_POINT('',(-1.710140219784,-703.2007760121));
#409 = CARTESIAN_POINT('',(-1.700792218419,-703.0003012946));
#410 = CARTESIAN_POINT('',(-1.690058801421,-702.811505092));
#411 = CARTESIAN_POINT('',(-1.677901171908,-702.6378944133));
#412 = CARTESIAN_POINT('',(-1.647244322075,-702.2910124708));
#413 = CARTESIAN_POINT('',(-1.627223448723,-702.1211461619));
#414 = CARTESIAN_POINT('',(-1.604844758166,-701.9987499435));
#415 = CARTESIAN_POINT('',(-1.581021478494,-701.9390546323));
#416 = CARTESIAN_POINT('',(-1.556858616189,-701.9485281155));
#417 = CARTESIAN_POINT('',(-1.533476679437,-702.0251345178));
#418 = CARTESIAN_POINT('',(-1.511900130788,-702.1579923729));
#419 = CARTESIAN_POINT('',(-1.468337033317,-702.545253062));
#420 = CARTESIAN_POINT('',(-1.447667066047,-702.8273543501));
#421 = CARTESIAN_POINT('',(-1.430870859693,-703.1502558032));
#422 = CARTESIAN_POINT('',(-1.417748027517,-703.4994596192));
#423 = CARTESIAN_POINT('',(-1.408091617648,-703.8648608483));
#424 = CARTESIAN_POINT('',(-1.401716423368,-704.2397586682));
#425 = CARTESIAN_POINT('',(-1.398516803067,-704.6194615257));
#426 = CARTESIAN_POINT('',(-1.398516803067,-705.));
#427 = ( GEOMETRIC_REPRESENTATION_CONTEXT(2) 
PARAMETRIC_REPRESENTATION_CONTEXT() REPRESENTATION_CONTEXT('2D SPACE',''
  ) );
#428 = PCURVE('',#429,#434);
#429 = CYLINDRICAL_SURFACE('',#430,3.);
#430 = AXIS2_PLACEMENT_3D('',#431,#432,#433);
#431 = CARTESIAN_POINT('',(0.,40.,-225.));
#432 = DIRECTION('',(0.,1.,-2.22044604925E-16));
#433 = DIRECTION('',(1.,0.,0.));
#434 = DEFINITIONAL_REPRESENTATION('',(#435),#494);
#435 = B_SPLINE_CURVE_WITH_KNOTS('',8,(#436,#437,#438,#439,#440,#441,
    #442,#443,#444,#445,#446,#447,#448,#449,#450,#451,#452,#453,#454,
    #455,#456,#457,#458,#459,#460,#461,#462,#463,#464,#465,#466,#467,
    #468,#469,#470,#471,#472,#473,#474,#475,#476,#477,#478,#479,#480,
    #481,#482,#483,#484,#485,#486,#487,#488,#489,#490,#491,#492,#493),
  .UNSPECIFIED.,.F.,.F.,(9,7,7,7,7,7,7,7,9),(0.,0.121224600335,
    0.229926243623,0.322774134566,0.434977813818,0.559268052204,
    0.673052632466,0.815721901804,1.),.UNSPECIFIED.);
#436 = CARTESIAN_POINT('',(0.,-22.75906035043));
#437 = CARTESIAN_POINT('',(-8.234302909594E-02,-22.75906035043));
#438 = CARTESIAN_POINT('',(-0.164621012002,-22.75501535212));
#439 = CARTESIAN_POINT('',(-0.24727147333,-22.74693602594));
#440 = CARTESIAN_POINT('',(-0.330697630408,-22.73495396146));
#441 = CARTESIAN_POINT('',(-0.415307465362,-22.71932794259));
#442 = CARTESIAN_POINT('',(-0.501523510723,-22.70048199585));
#443 = CARTESIAN_POINT('',(-0.589799296705,-22.67906207309));
#444 = CARTESIAN_POINT('',(-0.7621693659,-22.63531696897));
#445 = CARTESIAN_POINT('',(-0.8467006346,-22.61307353803));
#446 = CARTESIAN_POINT('',(-0.93407513306,-22.59005531167));
#447 = CARTESIAN_POINT('',(-1.024198885238,-22.5673336993));
#448 = CARTESIAN_POINT('',(-1.117078112354,-22.54620795253));
#449 = CARTESIAN_POINT('',(-1.212806937941,-22.52810264248));
#450 = CARTESIAN_POINT('',(-1.311574053723,-22.51441319425));
#451 = CARTESIAN_POINT('',(-1.500962189665,-22.49935871212));
#452 = CARTESIAN_POINT('',(-1.588807602798,-22.49663567356));
#453 = CARTESIAN_POINT('',(-1.676630715855,-22.49859027291));
#454 = CARTESIAN_POINT('',(-1.763876024798,-22.50526578915));
#455 = CARTESIAN_POINT('',(-1.8499849092,-22.51618891418));
#456 = CARTESIAN_POINT('',(-1.934331402018,-22.53045406381));
#457 = CARTESIAN_POINT('',(-2.016144143349,-22.54691397561));
#458 = CARTESIAN_POINT('',(-2.188958860606,-22.58554062867));
#459 = CARTESIAN_POINT('',(-2.279891713219,-22.60853249511));
#460 = CARTESIAN_POINT('',(-2.367750192096,-22.63200613467));
#461 = CARTESIAN_POINT('',(-2.452973331312,-22.65483042095));
#462 = CARTESIAN_POINT('',(-2.535954005314,-22.67614450906));
#463 = CARTESIAN_POINT('',(-2.617060072176,-22.69531984422));
#464 = CARTESIAN_POINT('',(-2.696643232023,-22.71190131669));
#465 = CARTESIAN_POINT('',(-2.861952284121,-22.74071616777));
#466 = CARTESIAN_POINT('',(-2.947456468804,-22.75229563979));
#467 = CARTESIAN_POINT('',(-3.032057518449,-22.75986853078));
#468 = CARTESIAN_POINT('',(-3.116167456969,-22.76318669276));
#469 = CARTESIAN_POINT('',(-3.200184417289,-22.76215560812));
#470 = CARTESIAN_POINT('',(-3.284505613401,-22.75681789186));
#471 = CARTESIAN_POINT('',(-3.369539880612,-22.74736163731));
#472 = CARTESIAN_POINT('',(-3.534676866901,-22.72206354918));
#473 = CARTESIAN_POINT('',(-3.614570359019,-22.70683194633));
#474 = CARTESIAN_POINT('',(-3.6958279002,-22.68873717405));
#475 = CARTESIAN_POINT('',(-3.778822855971,-22.66818554207));
#476 = CARTESIAN_POINT('',(-3.863942210277,-22.64574676956));
#477 = CARTESIAN_POINT('',(-3.951595534741,-22.622216929));
#478 = CARTESIAN_POINT('',(-4.04223575844,-22.59866816483));
#479 = CARTESIAN_POINT('',(-4.254536579177,-22.5485774135));
#480 = CARTESIAN_POINT('',(-4.383047799819,-22.52165686568));
#481 = CARTESIAN_POINT('',(-4.51713215674,-22.50021439142));
#482 = CARTESIAN_POINT('',(-4.653991022692,-22.4889906222));
#483 = CARTESIAN_POINT('',(-4.79145991638,-22.49099445533));
#484 = CARTESIAN_POINT('',(-4.927473049239,-22.50500744984));
#485 = CARTESIAN_POINT('',(-5.059551820623,-22.52718910123));
#486 = CARTESIAN_POINT('',(-5.343890141413,-22.5865207984));
#487 = CARTESIAN_POINT('',(-5.493410356647,-22.62669458539));
#488 = CARTESIAN_POINT('',(-5.635052392606,-22.6669215089));
#489 = CARTESIAN_POINT('',(-5.770611359641,-22.70234519955));
#490 = CARTESIAN_POINT('',(-5.90170001995,-22.73033984529));
#491 = CARTESIAN_POINT('',(-6.029770580337,-22.74946066437));
#492 = CARTESIAN_POINT('',(-6.156339149107,-22.75906035043));
#493 = CARTESIAN_POINT('',(-6.28318530718,-22.75906035043));
#494 = ( GEOMETRIC_REPRESENTATION_CONTEXT(2) 
PARAMETRIC_REPRESENTATION_CONTEXT() REPRESENTATION_CONTEXT('2D SPACE',''
  ) );
#495 = FACE_BOUND('',#496,.F.);
#496 = EDGE_LOOP('',(#497));
#497 = ORIENTED_EDGE('',*,*,#498,.F.);
#498 = EDGE_CURVE('',#499,#499,#501,.T.);
#499 = VERTEX_POINT('',#500);
#500 = CARTESIAN_POINT('',(3.,17.240939649567,-355.));
#501 = SURFACE_CURVE('',#502,(#561,#623),.PCURVE_S1.);
#502 = B_SPLINE_CURVE_WITH_KNOTS('',8,(#503,#504,#505,#506,#507,#508,
    #509,#510,#511,#512,#513,#514,#515,#516,#517,#518,#519,#520,#521,
    #522,#523,#524,#525,#526,#527,#528,#529,#530,#531,#532,#533,#534,
    #535,#536,#537,#538,#539,#540,#541,#542,#543,#544,#545,#546,#547,
    #548,#549,#550,#551,#552,#553,#554,#555,#556,#557,#558,#559,#560),
  .UNSPECIFIED.,.T.,.F.,(9,7,7,7,7,7,7,7,9),(0.,0.121224600431,
    0.229926243806,0.322774134822,0.434977814162,0.559268052647,
    0.673052632998,0.815721901836,1.),.UNSPECIFIED.);
#503 = CARTESIAN_POINT('',(3.,17.240939649567,-355.));
#504 = CARTESIAN_POINT('',(3.,17.240939649567,-354.7529709127));
#505 = CARTESIAN_POINT('',(2.976753407394,17.244984647878,
    -354.5061366901));
#506 = CARTESIAN_POINT('',(2.93032195681,17.253063974054,-354.2607385738
    ));
#507 = CARTESIAN_POINT('',(2.86042156475,17.265046038532,-354.0180990832
    ));
#508 = CARTESIAN_POINT('',(2.766475818644,17.280672057403,
    -353.7797437738));
#509 = CARTESIAN_POINT('',(2.647669483904,17.299518004147,
    -353.5475471228));
#510 = CARTESIAN_POINT('',(2.503014118471,17.320937926905,
    -353.3239178304));
#511 = CARTESIAN_POINT('',(2.177586120418,17.364683031026,-352.922047721
    ));
#512 = CARTESIAN_POINT('',(2.000299991448,17.386926461969,
    -352.7392964041));
#513 = CARTESIAN_POINT('',(1.799197928473,17.40994468833,-352.5680410217
    ));
#514 = CARTESIAN_POINT('',(1.574562000249,17.432666300697,
    -352.4125897014));
#515 = CARTESIAN_POINT('',(1.327312262847,17.453792047466,-352.277292398
    ));
#516 = CARTESIAN_POINT('',(1.059016002166,17.471897357514,-352.166552428
    ));
#517 = CARTESIAN_POINT('',(0.771958680101,17.485586805745,
    -352.0848708661));
#518 = CARTESIAN_POINT('',(0.21078931895,17.500641287877,-351.9959903709
    ));
#519 = CARTESIAN_POINT('',(-5.358526064014E-02,17.503364326431,
    -351.9805401526));
#520 = CARTESIAN_POINT('',(-0.319074401716,17.501409727089,
    -351.9919733195));
#521 = CARTESIAN_POINT('',(-0.580735049221,17.494734210842,
    -352.0302265526));
#522 = CARTESIAN_POINT('',(-0.833735490615,17.483811085818,
    -352.0938445197));
#523 = CARTESIAN_POINT('',(-1.073645943893,17.469545936184,
    -352.1800092517));
#524 = CARTESIAN_POINT('',(-1.296698044792,17.453086024382,-352.28454735
    ));
#525 = CARTESIAN_POINT('',(-1.745683850669,17.414459371325,
    -352.5437694259));
#526 = CARTESIAN_POINT('',(-1.966604566036,17.391467504883,
    -352.7067198363));
#527 = CARTESIAN_POINT('',(-2.162921212298,17.367993865324,
    -352.8861128227));
#528 = CARTESIAN_POINT('',(-2.335239531951,17.345169579042,
    -353.0782776583));
#529 = CARTESIAN_POINT('',(-2.484371543252,17.323855490937,
    -353.2803078729));
#530 = CARTESIAN_POINT('',(-2.611171193986,17.304680155779,
    -353.489898885));
#531 = CARTESIAN_POINT('',(-2.716420585067,17.288098683301,
    -353.7052332323));
#532 = CARTESIAN_POINT('',(-2.894144983193,17.259283832224,
    -354.1682211184));
#533 = CARTESIAN_POINT('',(-2.961911513935,17.247704360209,
    -354.4169701568));
#534 = CARTESIAN_POINT('',(-3.004808905293,17.240131469216,
    -354.6691523919));
#535 = CARTESIAN_POINT('',(-3.023318188238,17.236813307238,
    -354.9231220527));
#536 = CARTESIAN_POINT('',(-3.017638943512,17.237844391875,
    -355.1774116297));
#537 = CARTESIAN_POINT('',(-2.98768832263,17.243182108137,
    -355.4305816538));
#538 = CARTESIAN_POINT('',(-2.933092503783,17.252638362683,
    -355.6810734205));
#539 = CARTESIAN_POINT('',(-2.780002098293,17.277936450818,
    -356.1522372412));
#540 = CARTESIAN_POINT('',(-2.685625189791,17.293168053667,
    -356.3735877587));
#541 = CARTESIAN_POINT('',(-2.569492826915,17.311262825941,
    -356.5898068996));
#542 = CARTESIAN_POINT('',(-2.430841981524,17.331814457927,
    -356.7992239878));
#543 = CARTESIAN_POINT('',(-2.268780241269,17.354253230438,
    -356.9996987053));
#544 = CARTESIAN_POINT('',(-2.082395423939,17.377783070993,
    -357.1884949079));
#545 = CARTESIAN_POINT('',(-1.87091174255,17.401331835167,
    -357.3621055866));
#546 = CARTESIAN_POINT('',(-1.336760394117,17.451422586376,
    -357.7089875282));
#547 = CARTESIAN_POINT('',(-0.98738149146,17.478343134681,
    -357.8788538405));
#548 = CARTESIAN_POINT('',(-0.596185349656,17.499785608128,
    -358.0012500533));
#549 = CARTESIAN_POINT('',(-0.179077894696,17.511009377948,
    -358.0609453687));
#550 = CARTESIAN_POINT('',(0.244160827837,17.509005544887,
    -358.0514718857));
#551 = CARTESIAN_POINT('',(0.653305995869,17.494992549897,
    -357.9748654804));
#552 = CARTESIAN_POINT('',(1.030313766951,17.47281089887,-357.8420076276
    ));
#553 = CARTESIAN_POINT('',(1.790355668012,17.413479201356,
    -357.4547469364));
#554 = CARTESIAN_POINT('',(2.150044735726,17.373305415589,
    -357.1726456584));
#555 = CARTESIAN_POINT('',(2.441334598995,17.33307848923,-356.8497441757
    ));
#556 = CARTESIAN_POINT('',(2.66826214981,17.297654802403,-356.5005404096
    ));
#557 = CARTESIAN_POINT('',(2.834921835237,17.269660153566,
    -356.1351391279));
#558 = CARTESIAN_POINT('',(2.944835399915,17.250539335927,-355.760241343
    ));
#559 = CARTESIAN_POINT('',(3.,17.240939649567,-355.3805384716));
#560 = CARTESIAN_POINT('',(3.,17.240939649567,-355.));
#561 = PCURVE('',#32,#562);
#562 = DEFINITIONAL_REPRESENTATION('',(#563),#622);
#563 = B_SPLINE_CURVE_WITH_KNOTS('',8,(#564,#565,#566,#567,#568,#569,
    #570,#571,#572,#573,#574,#575,#576,#577,#578,#579,#580,#581,#582,
    #583,#584,#585,#586,#587,#588,#589,#590,#591,#592,#593,#594,#595,
    #596,#597,#598,#599,#600,#601,#602,#603,#604,#605,#606,#607,#608,
    #609,#610,#611,#612,#613,#614,#615,#616,#617,#618,#619,#620,#621),
  .UNSPECIFIED.,.T.,.F.,(9,7,7,7,7,7,7,7,9),(0.,0.121224600431,
    0.229926243806,0.322774134822,0.434977814162,0.559268052647,
    0.673052632998,0.815721901836,1.),.UNSPECIFIED.);
#564 = CARTESIAN_POINT('',(-1.398516803067,-575.));
#565 = CARTESIAN_POINT('',(-1.398516803067,-575.2470290872));
#566 = CARTESIAN_POINT('',(-1.399865139017,-575.4938633098));
#567 = CARTESIAN_POINT('',(-1.402558235267,-575.7392614261));
#568 = CARTESIAN_POINT('',(-1.406610783358,-575.9819009167));
#569 = CARTESIAN_POINT('',(-1.412052720163,-576.2202562261));
#570 = CARTESIAN_POINT('',(-1.418926080105,-576.4524528771));
#571 = CARTESIAN_POINT('',(-1.427281483586,-576.6760821695));
#572 = CARTESIAN_POINT('',(-1.446044627315,-577.0779522789));
#573 = CARTESIAN_POINT('',(-1.456254294624,-577.2607035958));
#574 = CARTESIAN_POINT('',(-1.467819694474,-577.4319589782));
#575 = CARTESIAN_POINT('',(-1.480719136979,-577.5874102985));
#576 = CARTESIAN_POINT('',(-1.494895270257,-577.7227076019));
#577 = CARTESIAN_POINT('',(-1.510256611565,-577.8334475719));
#578 = CARTESIAN_POINT('',(-1.526674964581,-577.9151291338));
#579 = CARTESIAN_POINT('',(-1.558753322182,-578.004009629));
#580 = CARTESIAN_POINT('',(-1.573859186963,-578.0194598473));
#581 = CARTESIAN_POINT('',(-1.58902643551,-578.0080266804));
#582 = CARTESIAN_POINT('',(-1.603978576013,-577.9697734473));
#583 = CARTESIAN_POINT('',(-1.618445181489,-577.9061554802));
#584 = CARTESIAN_POINT('',(-1.632176210201,-577.8199907483));
#585 = CARTESIAN_POINT('',(-1.644955750488,-577.7154526499));
#586 = CARTESIAN_POINT('',(-1.670706852526,-577.456230574));
#587 = CARTESIAN_POINT('',(-1.683397044926,-577.2932801636));
#588 = CARTESIAN_POINT('',(-1.694693099839,-577.1138871772));
#589 = CARTESIAN_POINT('',(-1.704624624075,-576.9217223416));
#590 = CARTESIAN_POINT('',(-1.713232444068,-576.719692127));
#591 = CARTESIAN_POINT('',(-1.72056027529,-576.5101011149));
#592 = CARTESIAN_POINT('',(-1.726648647645,-576.2947667676));
#593 = CARTESIAN_POINT('',(-1.736936942136,-575.8317788815));
#594 = CARTESIAN_POINT('',(-1.74086529961,-575.5830298431));
#595 = CARTESIAN_POINT('',(-1.743354474823,-575.330847608));
#596 = CARTESIAN_POINT('',(-1.744429038491,-575.0768779472));
#597 = CARTESIAN_POINT('',(-1.744099185315,-574.8225883702));
#598 = CARTESIAN_POINT('',(-1.742360746042,-574.5694183461));
#599 = CARTESIAN_POINT('',(-1.739194628096,-574.3189265794));
#600 = CARTESIAN_POINT('',(-1.730327966756,-573.8477627587));
#601 = CARTESIAN_POINT('',(-1.724865253422,-573.6264122412));
#602 = CARTESIAN_POINT('',(-1.718149222323,-573.4101931003));
#603 = CARTESIAN_POINT('',(-1.710140219784,-573.2007760121));
#604 = CARTESIAN_POINT('',(-1.700792218419,-573.0003012946));
#605 = CARTESIAN_POINT('',(-1.690058801421,-572.811505092));
#606 = CARTESIAN_POINT('',(-1.677901171908,-572.6378944133));
#607 = CARTESIAN_POINT('',(-1.647244322148,-572.2910124717));
#608 = CARTESIAN_POINT('',(-1.627223448349,-572.1211461594));
#609 = CARTESIAN_POINT('',(-1.604844759025,-571.9987499466));
#610 = CARTESIAN_POINT('',(-1.581021477378,-571.9390546312));
#611 = CARTESIAN_POINT('',(-1.556858617046,-571.9485281142));
#612 = CARTESIAN_POINT('',(-1.533476679065,-572.0251345195));
#613 = CARTESIAN_POINT('',(-1.511900130862,-572.1579923723));
#614 = CARTESIAN_POINT('',(-1.46833703314,-572.5452530635));
#615 = CARTESIAN_POINT('',(-1.447667066708,-572.8273543415));
#616 = CARTESIAN_POINT('',(-1.430870858519,-573.1502558242));
#617 = CARTESIAN_POINT('',(-1.417748028695,-573.4994595903));
#618 = CARTESIAN_POINT('',(-1.408091616988,-573.864860872));
#619 = CARTESIAN_POINT('',(-1.401716423537,-574.2397586569));
#620 = CARTESIAN_POINT('',(-1.398516803067,-574.6194615283));
#621 = CARTESIAN_POINT('',(-1.398516803067,-575.));
#622 = ( GEOMETRIC_REPRESENTATION_CONTEXT(2) 
PARAMETRIC_REPRESENTATION_CONTEXT() REPRESENTATION_CONTEXT('2D SPACE',''
  ) );
#623 = PCURVE('',#624,#629);
#624 = CYLINDRICAL_SURFACE('',#625,3.);
#625 = AXIS2_PLACEMENT_3D('',#626,#627,#628);
#626 = CARTESIAN_POINT('',(0.,40.,-355.));
#627 = DIRECTION('',(0.,1.,-2.22044604925E-16));
#628 = DIRECTION('',(1.,0.,0.));
#629 = DEFINITIONAL_REPRESENTATION('',(#630),#689);
#630 = B_SPLINE_CURVE_WITH_KNOTS('',8,(#631,#632,#633,#634,#635,#636,
    #637,#638,#639,#640,#641,#642,#643,#644,#645,#646,#647,#648,#649,
    #650,#651,#652,#653,#654,#655,#656,#657,#658,#659,#660,#661,#662,
    #663,#664,#665,#666,#667,#668,#669,#670,#671,#672,#673,#674,#675,
    #676,#677,#678,#679,#680,#681,#682,#683,#684,#685,#686,#687,#688),
  .UNSPECIFIED.,.F.,.F.,(9,7,7,7,7,7,7,7,9),(0.,0.121224600431,
    0.229926243806,0.322774134822,0.434977814162,0.559268052647,
    0.673052632998,0.815721901836,1.),.UNSPECIFIED.);
#631 = CARTESIAN_POINT('',(0.,-22.75906035043));
#632 = CARTESIAN_POINT('',(-8.23430290959E-02,-22.75906035043));
#633 = CARTESIAN_POINT('',(-0.164621012002,-22.75501535212));
#634 = CARTESIAN_POINT('',(-0.247271473329,-22.74693602594));
#635 = CARTESIAN_POINT('',(-0.330697630408,-22.73495396146));
#636 = CARTESIAN_POINT('',(-0.415307465362,-22.71932794259));
#637 = CARTESIAN_POINT('',(-0.501523510723,-22.70048199585));
#638 = CARTESIAN_POINT('',(-0.589799296705,-22.67906207309));
#639 = CARTESIAN_POINT('',(-0.762169365899,-22.63531696897));
#640 = CARTESIAN_POINT('',(-0.8467006346,-22.61307353803));
#641 = CARTESIAN_POINT('',(-0.93407513306,-22.59005531167));
#642 = CARTESIAN_POINT('',(-1.024198885237,-22.5673336993));
#643 = CARTESIAN_POINT('',(-1.117078112354,-22.54620795253));
#644 = CARTESIAN_POINT('',(-1.212806937941,-22.52810264248));
#645 = CARTESIAN_POINT('',(-1.311574053723,-22.51441319425));
#646 = CARTESIAN_POINT('',(-1.500962189665,-22.49935871212));
#647 = CARTESIAN_POINT('',(-1.588807602798,-22.49663567356));
#648 = CARTESIAN_POINT('',(-1.676630715855,-22.49859027291));
#649 = CARTESIAN_POINT('',(-1.763876024798,-22.50526578915));
#650 = CARTESIAN_POINT('',(-1.8499849092,-22.51618891418));
#651 = CARTESIAN_POINT('',(-1.934331402018,-22.53045406381));
#652 = CARTESIAN_POINT('',(-2.016144143349,-22.54691397561));
#653 = CARTESIAN_POINT('',(-2.188958860606,-22.58554062867));
#654 = CARTESIAN_POINT('',(-2.27989171322,-22.60853249511));
#655 = CARTESIAN_POINT('',(-2.367750192095,-22.63200613467));
#656 = CARTESIAN_POINT('',(-2.452973331312,-22.65483042095));
#657 = CARTESIAN_POINT('',(-2.535954005314,-22.67614450906));
#658 = CARTESIAN_POINT('',(-2.617060072176,-22.69531984422));
#659 = CARTESIAN_POINT('',(-2.696643232023,-22.71190131669));
#660 = CARTESIAN_POINT('',(-2.861952284121,-22.74071616777));
#661 = CARTESIAN_POINT('',(-2.947456468804,-22.75229563979));
#662 = CARTESIAN_POINT('',(-3.032057518449,-22.75986853078));
#663 = CARTESIAN_POINT('',(-3.116167456969,-22.76318669276));
#664 = CARTESIAN_POINT('',(-3.200184417289,-22.76215560812));
#665 = CARTESIAN_POINT('',(-3.284505613401,-22.75681789186));
#666 = CARTESIAN_POINT('',(-3.369539880612,-22.74736163731));
#667 = CARTESIAN_POINT('',(-3.534676866901,-22.72206354918));
#668 = CARTESIAN_POINT('',(-3.614570359019,-22.70683194633));
#669 = CARTESIAN_POINT('',(-3.6958279002,-22.68873717405));
#670 = CARTESIAN_POINT('',(-3.778822855971,-22.66818554207));
#671 = CARTESIAN_POINT('',(-3.863942210277,-22.64574676956));
#672 = CARTESIAN_POINT('',(-3.951595534741,-22.622216929));
#673 = CARTESIAN_POINT('',(-4.04223575844,-22.59866816483));
#674 = CARTESIAN_POINT('',(-4.25453657867,-22.54857741362));
#675 = CARTESIAN_POINT('',(-4.383047802299,-22.52165686531));
#676 = CARTESIAN_POINT('',(-4.517132151165,-22.50021439187));
#677 = CARTESIAN_POINT('',(-4.653991029842,-22.48899062205));
#678 = CARTESIAN_POINT('',(-4.791459910903,-22.49099445511));
#679 = CARTESIAN_POINT('',(-4.927473051631,-22.5050074501));
#680 = CARTESIAN_POINT('',(-5.059551820144,-22.52718910113));
#681 = CARTESIAN_POINT('',(-5.343890142565,-22.58652079864));
#682 = CARTESIAN_POINT('',(-5.493410351555,-22.62669458441));
#683 = CARTESIAN_POINT('',(-5.635052403346,-22.66692151077));
#684 = CARTESIAN_POINT('',(-5.770611346431,-22.70234519759));
#685 = CARTESIAN_POINT('',(-5.901700029812,-22.73033984643));
#686 = CARTESIAN_POINT('',(-6.029770576075,-22.74946066407));
#687 = CARTESIAN_POINT('',(-6.156339149967,-22.75906035043));
#688 = CARTESIAN_POINT('',(-6.28318530718,-22.75906035043));
#689 = ( GEOMETRIC_REPRESENTATION_CONTEXT(2) 
PARAMETRIC_REPRESENTATION_CONTEXT() REPRESENTATION_CONTEXT('2D SPACE',''
  ) );
#690 = FACE_BOUND('',#691,.F.);
#691 = EDGE_LOOP('',(#692));
#692 = ORIENTED_EDGE('',*,*,#693,.F.);
#693 = EDGE_CURVE('',#694,#694,#696,.T.);
#694 = VERTEX_POINT('',#695);
#695 = CARTESIAN_POINT('',(3.,17.240939649567,-485.));
#696 = SURFACE_CURVE('',#697,(#756,#818),.PCURVE_S1.);
#697 = B_SPLINE_CURVE_WITH_KNOTS('',8,(#698,#699,#700,#701,#702,#703,
    #704,#705,#706,#707,#708,#709,#710,#711,#712,#713,#714,#715,#716,
    #717,#718,#719,#720,#721,#722,#723,#724,#725,#726,#727,#728,#729,
    #730,#731,#732,#733,#734,#735,#736,#737,#738,#739,#740,#741,#742,
    #743,#744,#745,#746,#747,#748,#749,#750,#751,#752,#753,#754,#755),
  .UNSPECIFIED.,.T.,.F.,(9,7,7,7,7,7,7,7,9),(0.,0.121224596027,
    0.229926235452,0.322774125242,0.434977805818,0.559268045673,
    0.673052627279,0.815721898302,1.),.UNSPECIFIED.);
#698 = CARTESIAN_POINT('',(3.,17.240939649567,-485.));
#699 = CARTESIAN_POINT('',(3.,17.240939649567,-484.7529709127));
#700 = CARTESIAN_POINT('',(2.976753407394,17.244984647878,
    -484.5061366901));
#701 = CARTESIAN_POINT('',(2.93032195681,17.253063974054,-484.2607385738
    ));
#702 = CARTESIAN_POINT('',(2.86042156475,17.265046038532,-484.0180990832
    ));
#703 = CARTESIAN_POINT('',(2.766475818644,17.280672057403,
    -483.7797437738));
#704 = CARTESIAN_POINT('',(2.647669483904,17.299518004147,
    -483.5475471228));
#705 = CARTESIAN_POINT('',(2.503014118471,17.320937926905,
    -483.3239178304));
#706 = CARTESIAN_POINT('',(2.177586120419,17.364683031026,-482.922047721
    ));
#707 = CARTESIAN_POINT('',(2.000299991447,17.386926461969,
    -482.7392964041));
#708 = CARTESIAN_POINT('',(1.799197928473,17.40994468833,-482.5680410217
    ));
#709 = CARTESIAN_POINT('',(1.574562000249,17.432666300697,
    -482.4125897014));
#710 = CARTESIAN_POINT('',(1.327312262847,17.453792047466,-482.277292398
    ));
#711 = CARTESIAN_POINT('',(1.059016002166,17.471897357514,-482.166552428
    ));
#712 = CARTESIAN_POINT('',(0.771958680101,17.485586805745,
    -482.0848708661));
#713 = CARTESIAN_POINT('',(0.210789312975,17.500641288037,
    -481.9959903699));
#714 = CARTESIAN_POINT('',(-5.358525011461E-02,17.503364326003,
    -481.9805401552));
#715 = CARTESIAN_POINT('',(-0.319074402733,17.501409727671,
    -481.9919733157));
#716 = CARTESIAN_POINT('',(-0.580735057942,17.494734210614,
    -482.0302265541));
#717 = CARTESIAN_POINT('',(-0.833735489603,17.48381108523,
    -482.0938445236));
#718 = CARTESIAN_POINT('',(-1.073645935742,17.469545937092,
    -482.1800092457));
#719 = CARTESIAN_POINT('',(-1.296698049719,17.453086023958,
    -482.2845473529));
#720 = CARTESIAN_POINT('',(-1.74568385067,17.414459371325,
    -482.5437694259));
#721 = CARTESIAN_POINT('',(-1.966604566035,17.391467504883,
    -482.7067198363));
#722 = CARTESIAN_POINT('',(-2.162921212298,17.367993865324,
    -482.8861128227));
#723 = CARTESIAN_POINT('',(-2.335239531951,17.345169579042,
    -483.0782776583));
#724 = CARTESIAN_POINT('',(-2.484371543252,17.323855490937,
    -483.2803078729));
#725 = CARTESIAN_POINT('',(-2.611171193986,17.304680155779,
    -483.489898885));
#726 = CARTESIAN_POINT('',(-2.716420585067,17.288098683301,
    -483.7052332323));
#727 = CARTESIAN_POINT('',(-2.894144983193,17.259283832224,
    -484.1682211184));
#728 = CARTESIAN_POINT('',(-2.961911513935,17.247704360209,
    -484.4169701568));
#729 = CARTESIAN_POINT('',(-3.004808905293,17.240131469216,
    -484.6691523919));
#730 = CARTESIAN_POINT('',(-3.023318188238,17.236813307238,
    -484.9231220527));
#731 = CARTESIAN_POINT('',(-3.017638943512,17.237844391875,
    -485.1774116297));
#732 = CARTESIAN_POINT('',(-2.98768832263,17.243182108137,
    -485.4305816538));
#733 = CARTESIAN_POINT('',(-2.933092503783,17.252638362683,
    -485.6810734205));
#734 = CARTESIAN_POINT('',(-2.780002098293,17.277936450818,
    -486.1522372412));
#735 = CARTESIAN_POINT('',(-2.685625189791,17.293168053667,
    -486.3735877587));
#736 = CARTESIAN_POINT('',(-2.569492826915,17.311262825941,
    -486.5898068996));
#737 = CARTESIAN_POINT('',(-2.430841981524,17.331814457927,
    -486.7992239878));
#738 = CARTESIAN_POINT('',(-2.268780241269,17.354253230438,
    -486.9996987053));
#739 = CARTESIAN_POINT('',(-2.082395423939,17.377783070993,
    -487.1884949079));
#740 = CARTESIAN_POINT('',(-1.87091174255,17.401331835167,
    -487.3621055866));
#741 = CARTESIAN_POINT('',(-1.336760392841,17.451422586496,
    -487.7089875291));
#742 = CARTESIAN_POINT('',(-0.987381497979,17.478343134318,
    -487.878853838));
#743 = CARTESIAN_POINT('',(-0.596185334655,17.499785608575,
    -488.0012500564));
#744 = CARTESIAN_POINT('',(-0.179077914171,17.5110093778,-488.0609453676
    ));
#745 = CARTESIAN_POINT('',(0.244160842804,17.509005544669,
    -488.0514718844));
#746 = CARTESIAN_POINT('',(0.653305989366,17.49499255016,-487.9748654821
    ));
#747 = CARTESIAN_POINT('',(1.030313768232,17.47281089877,-487.842007627)
  );
#748 = CARTESIAN_POINT('',(1.790355668011,17.413479201356,
    -487.4547469364));
#749 = CARTESIAN_POINT('',(2.150044735729,17.373305415589,
    -487.1726456584));
#750 = CARTESIAN_POINT('',(2.441334598991,17.33307848923,-486.8497441757
    ));
#751 = CARTESIAN_POINT('',(2.668262149812,17.297654802403,
    -486.5005404096));
#752 = CARTESIAN_POINT('',(2.834921835236,17.269660153566,
    -486.1351391279));
#753 = CARTESIAN_POINT('',(2.944835399916,17.250539335927,-485.760241343
    ));
#754 = CARTESIAN_POINT('',(3.,17.240939649567,-485.3805384716));
#755 = CARTESIAN_POINT('',(3.,17.240939649567,-485.));
#756 = PCURVE('',#32,#757);
#757 = DEFINITIONAL_REPRESENTATION('',(#758),#817);
#758 = B_SPLINE_CURVE_WITH_KNOTS('',8,(#759,#760,#761,#762,#763,#764,
    #765,#766,#767,#768,#769,#770,#771,#772,#773,#774,#775,#776,#777,
    #778,#779,#780,#781,#782,#783,#784,#785,#786,#787,#788,#789,#790,
    #791,#792,#793,#794,#795,#796,#797,#798,#799,#800,#801,#802,#803,
    #804,#805,#806,#807,#808,#809,#810,#811,#812,#813,#814,#815,#816),
  .UNSPECIFIED.,.T.,.F.,(9,7,7,7,7,7,7,7,9),(0.,0.121224596027,
    0.229926235452,0.322774125242,0.434977805818,0.559268045673,
    0.673052627279,0.815721898302,1.),.UNSPECIFIED.);
#759 = CARTESIAN_POINT('',(-1.398516803067,-445.));
#760 = CARTESIAN_POINT('',(-1.398516803067,-445.2470290872));
#761 = CARTESIAN_POINT('',(-1.399865139017,-445.4938633098));
#762 = CARTESIAN_POINT('',(-1.402558235267,-445.7392614261));
#763 = CARTESIAN_POINT('',(-1.406610783358,-445.9819009167));
#764 = CARTESIAN_POINT('',(-1.412052720163,-446.2202562261));
#765 = CARTESIAN_POINT('',(-1.418926080105,-446.4524528771));
#766 = CARTESIAN_POINT('',(-1.427281483586,-446.6760821695));
#767 = CARTESIAN_POINT('',(-1.446044627315,-447.0779522789));
#768 = CARTESIAN_POINT('',(-1.456254294624,-447.2607035958));
#769 = CARTESIAN_POINT('',(-1.467819694474,-447.4319589782));
#770 = CARTESIAN_POINT('',(-1.480719136978,-447.5874102985));
#771 = CARTESIAN_POINT('',(-1.494895270257,-447.7227076019));
#772 = CARTESIAN_POINT('',(-1.510256611565,-447.8334475719));
#773 = CARTESIAN_POINT('',(-1.526674964581,-447.9151291338));
#774 = CARTESIAN_POINT('',(-1.558753322524,-448.00400963));
#775 = CARTESIAN_POINT('',(-1.573859186362,-448.0194598447));
#776 = CARTESIAN_POINT('',(-1.589026435567,-448.0080266842));
#777 = CARTESIAN_POINT('',(-1.603978576512,-447.9697734458));
#778 = CARTESIAN_POINT('',(-1.618445181432,-447.9061554763));
#779 = CARTESIAN_POINT('',(-1.632176209733,-447.8199907542));
#780 = CARTESIAN_POINT('',(-1.644955750771,-447.715452647));
#781 = CARTESIAN_POINT('',(-1.670706852526,-447.456230574));
#782 = CARTESIAN_POINT('',(-1.683397044926,-447.2932801636));
#783 = CARTESIAN_POINT('',(-1.694693099839,-447.1138871772));
#784 = CARTESIAN_POINT('',(-1.704624624075,-446.9217223416));
#785 = CARTESIAN_POINT('',(-1.713232444068,-446.719692127));
#786 = CARTESIAN_POINT('',(-1.72056027529,-446.5101011149));
#787 = CARTESIAN_POINT('',(-1.726648647645,-446.2947667676));
#788 = CARTESIAN_POINT('',(-1.736936942136,-445.8317788815));
#789 = CARTESIAN_POINT('',(-1.74086529961,-445.5830298431));
#790 = CARTESIAN_POINT('',(-1.743354474823,-445.330847608));
#791 = CARTESIAN_POINT('',(-1.744429038491,-445.0768779472));
#792 = CARTESIAN_POINT('',(-1.744099185315,-444.8225883702));
#793 = CARTESIAN_POINT('',(-1.742360746042,-444.5694183461));
#794 = CARTESIAN_POINT('',(-1.739194628096,-444.3189265794));
#795 = CARTESIAN_POINT('',(-1.730327966756,-443.8477627587));
#796 = CARTESIAN_POINT('',(-1.724865253422,-443.6264122412));
#797 = CARTESIAN_POINT('',(-1.718149222323,-443.4101931003));
#798 = CARTESIAN_POINT('',(-1.710140219784,-443.2007760121));
#799 = CARTESIAN_POINT('',(-1.700792218419,-443.0003012946));
#800 = CARTESIAN_POINT('',(-1.690058801421,-442.811505092));
#801 = CARTESIAN_POINT('',(-1.677901171908,-442.6378944133));
#802 = CARTESIAN_POINT('',(-1.647244322075,-442.2910124708));
#803 = CARTESIAN_POINT('',(-1.627223448723,-442.1211461619));
#804 = CARTESIAN_POINT('',(-1.604844758166,-441.9987499435));
#805 = CARTESIAN_POINT('',(-1.581021478494,-441.9390546323));
#806 = CARTESIAN_POINT('',(-1.556858616189,-441.9485281155));
#807 = CARTESIAN_POINT('',(-1.533476679437,-442.0251345178));
#808 = CARTESIAN_POINT('',(-1.511900130788,-442.1579923729));
#809 = CARTESIAN_POINT('',(-1.46833703314,-442.5452530635));
#810 = CARTESIAN_POINT('',(-1.447667066707,-442.8273543415));
#811 = CARTESIAN_POINT('',(-1.430870858519,-443.1502558242));
#812 = CARTESIAN_POINT('',(-1.417748028695,-443.4994595903));
#813 = CARTESIAN_POINT('',(-1.408091616988,-443.864860872));
#814 = CARTESIAN_POINT('',(-1.401716423537,-444.2397586569));
#815 = CARTESIAN_POINT('',(-1.398516803067,-444.6194615283));
#816 = CARTESIAN_POINT('',(-1.398516803067,-445.));
#817 = ( GEOMETRIC_REPRESENTATION_CONTEXT(2) 
PARAMETRIC_REPRESENTATION_CONTEXT() REPRESENTATION_CONTEXT('2D SPACE',''
  ) );
#818 = PCURVE('',#819,#824);
#819 = CYLINDRICAL_SURFACE('',#820,3.);
#820 = AXIS2_PLACEMENT_3D('',#821,#822,#823);
#821 = CARTESIAN_POINT('',(0.,40.,-485.));
#822 = DIRECTION('',(0.,1.,-2.22044604925E-16));
#823 = DIRECTION('',(1.,0.,0.));
#824 = DEFINITIONAL_REPRESENTATION('',(#825),#884);
#825 = B_SPLINE_CURVE_WITH_KNOTS('',8,(#826,#827,#828,#829,#830,#831,
    #832,#833,#834,#835,#836,#837,#838,#839,#840,#841,#842,#843,#844,
    #845,#846,#847,#848,#849,#850,#851,#852,#853,#854,#855,#856,#857,
    #858,#859,#860,#861,#862,#863,#864,#865,#866,#867,#868,#869,#870,
    #871,#872,#873,#874,#875,#876,#877,#878,#879,#880,#881,#882,#883),
  .UNSPECIFIED.,.F.,.F.,(9,7,7,7,7,7,7,7,9),(0.,0.121224596027,
    0.229926235452,0.322774125242,0.434977805818,0.559268045673,
    0.673052627279,0.815721898302,1.),.UNSPECIFIED.);
#826 = CARTESIAN_POINT('',(0.,-22.75906035043));
#827 = CARTESIAN_POINT('',(-8.234302909579E-02,-22.75906035043));
#828 = CARTESIAN_POINT('',(-0.164621012003,-22.75501535212));
#829 = CARTESIAN_POINT('',(-0.247271473329,-22.74693602594));
#830 = CARTESIAN_POINT('',(-0.330697630408,-22.73495396146));
#831 = CARTESIAN_POINT('',(-0.415307465363,-22.71932794259));
#832 = CARTESIAN_POINT('',(-0.501523510723,-22.70048199585));
#833 = CARTESIAN_POINT('',(-0.589799296705,-22.67906207309));
#834 = CARTESIAN_POINT('',(-0.762169365899,-22.63531696897));
#835 = CARTESIAN_POINT('',(-0.8467006346,-22.61307353803));
#836 = CARTESIAN_POINT('',(-0.934075133059,-22.59005531167));
#837 = CARTESIAN_POINT('',(-1.024198885237,-22.5673336993));
#838 = CARTESIAN_POINT('',(-1.117078112355,-22.54620795253));
#839 = CARTESIAN_POINT('',(-1.212806937941,-22.52810264248));
#840 = CARTESIAN_POINT('',(-1.311574053723,-22.51441319425));
#841 = CARTESIAN_POINT('',(-1.500962191681,-22.49935871196));
#842 = CARTESIAN_POINT('',(-1.588807599344,-22.49663567399));
#843 = CARTESIAN_POINT('',(-1.676630715961,-22.49859027232));
#844 = CARTESIAN_POINT('',(-1.76387602789,-22.50526578938));
#845 = CARTESIAN_POINT('',(-1.849984909081,-22.51618891477));
#846 = CARTESIAN_POINT('',(-1.934331398835,-22.5304540629));
#847 = CARTESIAN_POINT('',(-2.016144145245,-22.54691397604));
#848 = CARTESIAN_POINT('',(-2.188958860606,-22.58554062867));
#849 = CARTESIAN_POINT('',(-2.279891713219,-22.60853249511));
#850 = CARTESIAN_POINT('',(-2.367750192095,-22.63200613467));
#851 = CARTESIAN_POINT('',(-2.452973331312,-22.65483042095));
#852 = CARTESIAN_POINT('',(-2.535954005314,-22.67614450906));
#853 = CARTESIAN_POINT('',(-2.617060072176,-22.69531984422));
#854 = CARTESIAN_POINT('',(-2.696643232023,-22.71190131669));
#855 = CARTESIAN_POINT('',(-2.861952284121,-22.74071616777));
#856 = CARTESIAN_POINT('',(-2.947456468804,-22.75229563979));
#857 = CARTESIAN_POINT('',(-3.032057518449,-22.75986853078));
#858 = CARTESIAN_POINT('',(-3.116167456969,-22.76318669276));
#859 = CARTESIAN_POINT('',(-3.200184417289,-22.76215560812));
#860 = CARTESIAN_POINT('',(-3.284505613401,-22.75681789186));
#861 = CARTESIAN_POINT('',(-3.369539880612,-22.74736163731));
#862 = CARTESIAN_POINT('',(-3.534676866901,-22.72206354918));
#863 = CARTESIAN_POINT('',(-3.614570359019,-22.70683194633));
#864 = CARTESIAN_POINT('',(-3.6958279002,-22.68873717405));
#865 = CARTESIAN_POINT('',(-3.778822855971,-22.66818554207));
#866 = CARTESIAN_POINT('',(-3.863942210276,-22.64574676956));
#867 = CARTESIAN_POINT('',(-3.951595534741,-22.622216929));
#868 = CARTESIAN_POINT('',(-4.04223575844,-22.59866816483));
#869 = CARTESIAN_POINT('',(-4.254536579177,-22.5485774135));
#870 = CARTESIAN_POINT('',(-4.383047799818,-22.52165686568));
#871 = CARTESIAN_POINT('',(-4.517132156743,-22.50021439142));
#872 = CARTESIAN_POINT('',(-4.653991022689,-22.4889906222));
#873 = CARTESIAN_POINT('',(-4.791459916382,-22.49099445533));
#874 = CARTESIAN_POINT('',(-4.927473049238,-22.50500744984));
#875 = CARTESIAN_POINT('',(-5.059551820623,-22.52718910122));
#876 = CARTESIAN_POINT('',(-5.343890142564,-22.58652079864));
#877 = CARTESIAN_POINT('',(-5.493410351556,-22.62669458441));
#878 = CARTESIAN_POINT('',(-5.635052403346,-22.66692151077));
#879 = CARTESIAN_POINT('',(-5.77061134643,-22.70234519759));
#880 = CARTESIAN_POINT('',(-5.901700029812,-22.73033984643));
#881 = CARTESIAN_POINT('',(-6.029770576076,-22.74946066407));
#882 = CARTESIAN_POINT('',(-6.156339149967,-22.75906035043));
#883 = CARTESIAN_POINT('',(-6.28318530718,-22.75906035043));
#884 = ( GEOMETRIC_REPRESENTATION_CONTEXT(2) 
PARAMETRIC_REPRESENTATION_CONTEXT() REPRESENTATION_CONTEXT('2D SPACE',''
  ) );
#885 = FACE_BOUND('',#886,.F.);
#886 = EDGE_LOOP('',(#887));
#887 = ORIENTED_EDGE('',*,*,#888,.T.);
#888 = EDGE_CURVE('',#889,#889,#891,.T.);
#889 = VERTEX_POINT('',#890);
#890 = CARTESIAN_POINT('',(3.,-17.24093964956,-95.));
#891 = SURFACE_CURVE('',#892,(#951,#1013),.PCURVE_S1.);
#892 = B_SPLINE_CURVE_WITH_KNOTS('',8,(#893,#894,#895,#896,#897,#898,
    #899,#900,#901,#902,#903,#904,#905,#906,#907,#908,#909,#910,#911,
    #912,#913,#914,#915,#916,#917,#918,#919,#920,#921,#922,#923,#924,
    #925,#926,#927,#928,#929,#930,#931,#932,#933,#934,#935,#936,#937,
    #938,#939,#940,#941,#942,#943,#944,#945,#946,#947,#948,#949,#950),
  .UNSPECIFIED.,.T.,.F.,(9,7,7,7,7,7,7,7,9),(0.,0.121224600431,
    0.229926243805,0.322774134821,0.434977814161,0.559268052646,
    0.673052632998,0.815721901836,1.),.UNSPECIFIED.);
#893 = CARTESIAN_POINT('',(3.,-17.24093964956,-95.));
#894 = CARTESIAN_POINT('',(3.,-17.24093964956,-94.75297091271));
#895 = CARTESIAN_POINT('',(2.976753407394,-17.24498464787,
    -94.50613669016));
#896 = CARTESIAN_POINT('',(2.93032195681,-17.25306397405,-94.26073857387
    ));
#897 = CARTESIAN_POINT('',(2.86042156475,-17.26504603853,-94.01809908325
    ));
#898 = CARTESIAN_POINT('',(2.766475818645,-17.2806720574,-93.77974377388
    ));
#899 = CARTESIAN_POINT('',(2.647669483903,-17.29951800414,
    -93.54754712286));
#900 = CARTESIAN_POINT('',(2.503014118471,-17.3209379269,-93.32391783046
    ));
#901 = CARTESIAN_POINT('',(2.177586120418,-17.36468303102,
    -92.92204772101));
#902 = CARTESIAN_POINT('',(2.000299991447,-17.38692646196,
    -92.73929640411));
#903 = CARTESIAN_POINT('',(1.799197928473,-17.40994468833,
    -92.56804102174));
#904 = CARTESIAN_POINT('',(1.574562000249,-17.43266630069,
    -92.41258970144));
#905 = CARTESIAN_POINT('',(1.327312262847,-17.45379204746,
    -92.27729239808));
#906 = CARTESIAN_POINT('',(1.059016002167,-17.47189735751,
    -92.16655242807));
#907 = CARTESIAN_POINT('',(0.7719586801,-17.48558680574,-92.08487086613)
  );
#908 = CARTESIAN_POINT('',(0.21078931895,-17.50064128787,-91.99599037094
    ));
#909 = CARTESIAN_POINT('',(-5.358526064015E-02,-17.50336432643,
    -91.98054015262));
#910 = CARTESIAN_POINT('',(-0.319074401716,-17.50140972708,
    -91.99197331954));
#911 = CARTESIAN_POINT('',(-0.580735049221,-17.49473421084,
    -92.03022655261));
#912 = CARTESIAN_POINT('',(-0.833735490615,-17.48381108581,
    -92.09384451978));
#913 = CARTESIAN_POINT('',(-1.073645943893,-17.46954593618,
    -92.1800092517));
#914 = CARTESIAN_POINT('',(-1.296698044792,-17.45308602438,
    -92.28454735008));
#915 = CARTESIAN_POINT('',(-1.745683850669,-17.41445937132,
    -92.54376942596));
#916 = CARTESIAN_POINT('',(-1.966604566036,-17.39146750488,
    -92.70671983635));
#917 = CARTESIAN_POINT('',(-2.162921212298,-17.36799386532,
    -92.88611282272));
#918 = CARTESIAN_POINT('',(-2.335239531951,-17.34516957904,
    -93.07827765837));
#919 = CARTESIAN_POINT('',(-2.484371543252,-17.32385549093,
    -93.28030787297));
#920 = CARTESIAN_POINT('',(-2.611171193986,-17.30468015577,
    -93.48989888507));
#921 = CARTESIAN_POINT('',(-2.716420585067,-17.2880986833,
    -93.70523323239));
#922 = CARTESIAN_POINT('',(-2.894144983193,-17.25928383222,
    -94.16822111847));
#923 = CARTESIAN_POINT('',(-2.961911513935,-17.2477043602,
    -94.41697015683));
#924 = CARTESIAN_POINT('',(-3.004808905293,-17.24013146921,
    -94.66915239193));
#925 = CARTESIAN_POINT('',(-3.023318188238,-17.23681330723,
    -94.92312205276));
#926 = CARTESIAN_POINT('',(-3.017638943512,-17.23784439187,
    -95.17741162974));
#927 = CARTESIAN_POINT('',(-2.98768832263,-17.24318210813,
    -95.43058165383));
#928 = CARTESIAN_POINT('',(-2.933092503783,-17.25263836268,
    -95.68107342059));
#929 = CARTESIAN_POINT('',(-2.780002098293,-17.27793645081,
    -96.15223724127));
#930 = CARTESIAN_POINT('',(-2.685625189792,-17.29316805366,
    -96.37358775876));
#931 = CARTESIAN_POINT('',(-2.569492826915,-17.31126282594,
    -96.58980689964));
#932 = CARTESIAN_POINT('',(-2.430841981524,-17.33181445792,
    -96.79922398787));
#933 = CARTESIAN_POINT('',(-2.268780241269,-17.35425323043,
    -96.99969870538));
#934 = CARTESIAN_POINT('',(-2.082395423939,-17.37778307099,
    -97.18849490793));
#935 = CARTESIAN_POINT('',(-1.87091174255,-17.40133183516,
    -97.36210558669));
#936 = CARTESIAN_POINT('',(-1.336760394118,-17.45142258637,
    -97.70898752828));
#937 = CARTESIAN_POINT('',(-0.987381491458,-17.47834313468,
    -97.87885384051));
#938 = CARTESIAN_POINT('',(-0.596185349657,-17.49978560812,
    -98.00125005333));
#939 = CARTESIAN_POINT('',(-0.179077894697,-17.51100937794,
    -98.06094536878));
#940 = CARTESIAN_POINT('',(0.24416082784,-17.50900554488,-98.0514718857)
  );
#941 = CARTESIAN_POINT('',(0.653305995866,-17.49499254989,
    -97.97486548049));
#942 = CARTESIAN_POINT('',(1.030313766951,-17.47281089887,
    -97.84200762767));
#943 = CARTESIAN_POINT('',(1.790355668011,-17.41347920135,-97.4547469364
    ));
#944 = CARTESIAN_POINT('',(2.150044735727,-17.37330541558,
    -97.17264565848));
#945 = CARTESIAN_POINT('',(2.441334598995,-17.33307848923,
    -96.84974417578));
#946 = CARTESIAN_POINT('',(2.668262149807,-17.2976548024,-96.50054040961
    ));
#947 = CARTESIAN_POINT('',(2.834921835239,-17.26966015356,
    -96.13513912794));
#948 = CARTESIAN_POINT('',(2.944835399915,-17.25053933592,
    -95.76024134307));
#949 = CARTESIAN_POINT('',(3.,-17.24093964956,-95.38053847163));
#950 = CARTESIAN_POINT('',(3.,-17.24093964956,-95.));
#951 = PCURVE('',#32,#952);
#952 = DEFINITIONAL_REPRESENTATION('',(#953),#1012);
#953 = B_SPLINE_CURVE_WITH_KNOTS('',8,(#954,#955,#956,#957,#958,#959,
    #960,#961,#962,#963,#964,#965,#966,#967,#968,#969,#970,#971,#972,
    #973,#974,#975,#976,#977,#978,#979,#980,#981,#982,#983,#984,#985,
    #986,#987,#988,#989,#990,#991,#992,#993,#994,#995,#996,#997,#998,
    #999,#1000,#1001,#1002,#1003,#1004,#1005,#1006,#1007,#1008,#1009,
    #1010,#1011),.UNSPECIFIED.,.T.,.F.,(9,7,7,7,7,7,7,7,9),(0.,
    0.121224600431,0.229926243805,0.322774134821,0.434977814161,
    0.559268052646,0.673052632998,0.815721901836,1.),.UNSPECIFIED.);
#954 = CARTESIAN_POINT('',(-4.884668504113,-835.));
#955 = CARTESIAN_POINT('',(-4.884668504113,-835.2470290872));
#956 = CARTESIAN_POINT('',(-4.883320168162,-835.4938633098));
#957 = CARTESIAN_POINT('',(-4.880627071913,-835.7392614261));
#958 = CARTESIAN_POINT('',(-4.876574523822,-835.9819009167));
#959 = CARTESIAN_POINT('',(-4.871132587017,-836.2202562261));
#960 = CARTESIAN_POINT('',(-4.864259227075,-836.4524528771));
#961 = CARTESIAN_POINT('',(-4.855903823594,-836.6760821695));
#962 = CARTESIAN_POINT('',(-4.837140679864,-837.0779522789));
#963 = CARTESIAN_POINT('',(-4.826931012555,-837.2607035958));
#964 = CARTESIAN_POINT('',(-4.815365612706,-837.4319589782));
#965 = CARTESIAN_POINT('',(-4.802466170201,-837.5874102985));
#966 = CARTESIAN_POINT('',(-4.788290036923,-837.7227076019));
#967 = CARTESIAN_POINT('',(-4.772928695614,-837.8334475719));
#968 = CARTESIAN_POINT('',(-4.756510342598,-837.9151291338));
#969 = CARTESIAN_POINT('',(-4.724431984997,-838.004009629));
#970 = CARTESIAN_POINT('',(-4.709326120217,-838.0194598473));
#971 = CARTESIAN_POINT('',(-4.69415887167,-838.0080266804));
#972 = CARTESIAN_POINT('',(-4.679206731167,-837.9697734473));
#973 = CARTESIAN_POINT('',(-4.66474012569,-837.9061554802));
#974 = CARTESIAN_POINT('',(-4.651009096979,-837.8199907483));
#975 = CARTESIAN_POINT('',(-4.638229556692,-837.7154526499));
#976 = CARTESIAN_POINT('',(-4.612478454653,-837.456230574));
#977 = CARTESIAN_POINT('',(-4.599788262254,-837.2932801636));
#978 = CARTESIAN_POINT('',(-4.588492207341,-837.1138871772));
#979 = CARTESIAN_POINT('',(-4.578560683105,-836.9217223416));
#980 = CARTESIAN_POINT('',(-4.569952863112,-836.719692127));
#981 = CARTESIAN_POINT('',(-4.56262503189,-836.5101011149));
#982 = CARTESIAN_POINT('',(-4.556536659535,-836.2947667676));
#983 = CARTESIAN_POINT('',(-4.546248365044,-835.8317788815));
#984 = CARTESIAN_POINT('',(-4.54232000757,-835.5830298431));
#985 = CARTESIAN_POINT('',(-4.539830832357,-835.330847608));
#986 = CARTESIAN_POINT('',(-4.538756268689,-835.0768779472));
#987 = CARTESIAN_POINT('',(-4.539086121864,-834.8225883702));
#988 = CARTESIAN_POINT('',(-4.540824561137,-834.5694183461));
#989 = CARTESIAN_POINT('',(-4.543990679084,-834.3189265794));
#990 = CARTESIAN_POINT('',(-4.552857340424,-833.8477627587));
#991 = CARTESIAN_POINT('',(-4.558320053758,-833.6264122412));
#992 = CARTESIAN_POINT('',(-4.565036084857,-833.4101931003));
#993 = CARTESIAN_POINT('',(-4.573045087395,-833.2007760121));
#994 = CARTESIAN_POINT('',(-4.582393088761,-833.0003012946));
#995 = CARTESIAN_POINT('',(-4.593126505759,-832.811505092));
#996 = CARTESIAN_POINT('',(-4.605284135272,-832.6378944133));
#997 = CARTESIAN_POINT('',(-4.635940985031,-832.2910124717));
#998 = CARTESIAN_POINT('',(-4.65596185883,-832.1211461594));
#999 = CARTESIAN_POINT('',(-4.678340548154,-831.9987499466));
#1000 = CARTESIAN_POINT('',(-4.702163829801,-831.9390546312));
#1001 = CARTESIAN_POINT('',(-4.726326690134,-831.9485281142));
#1002 = CARTESIAN_POINT('',(-4.749708628115,-832.0251345195));
#1003 = CARTESIAN_POINT('',(-4.771285176318,-832.1579923723));
#1004 = CARTESIAN_POINT('',(-4.814848274039,-832.5452530635));
#1005 = CARTESIAN_POINT('',(-4.835518240472,-832.8273543415));
#1006 = CARTESIAN_POINT('',(-4.852314448661,-833.1502558242));
#1007 = CARTESIAN_POINT('',(-4.865437278485,-833.4994595903));
#1008 = CARTESIAN_POINT('',(-4.875093690192,-833.864860872));
#1009 = CARTESIAN_POINT('',(-4.881468883643,-834.2397586569));
#1010 = CARTESIAN_POINT('',(-4.884668504113,-834.6194615283));
#1011 = CARTESIAN_POINT('',(-4.884668504113,-835.));
#1012 = ( GEOMETRIC_REPRESENTATION_CONTEXT(2) 
PARAMETRIC_REPRESENTATION_CONTEXT() REPRESENTATION_CONTEXT('2D SPACE',''
  ) );
#1013 = PCURVE('',#234,#1014);
#1014 = DEFINITIONAL_REPRESENTATION('',(#1015),#1074);
#1015 = B_SPLINE_CURVE_WITH_KNOTS('',8,(#1016,#1017,#1018,#1019,#1020,
    #1021,#1022,#1023,#1024,#1025,#1026,#1027,#1028,#1029,#1030,#1031,
    #1032,#1033,#1034,#1035,#1036,#1037,#1038,#1039,#1040,#1041,#1042,
    #1043,#1044,#1045,#1046,#1047,#1048,#1049,#1050,#1051,#1052,#1053,
    #1054,#1055,#1056,#1057,#1058,#1059,#1060,#1061,#1062,#1063,#1064,
    #1065,#1066,#1067,#1068,#1069,#1070,#1071,#1072,#1073),
  .UNSPECIFIED.,.F.,.F.,(9,7,7,7,7,7,7,7,9),(0.,0.121224600431,
    0.229926243805,0.322774134821,0.434977814161,0.559268052646,
    0.673052632998,0.815721901836,1.),.UNSPECIFIED.);
#1016 = CARTESIAN_POINT('',(0.,-57.24093964956));
#1017 = CARTESIAN_POINT('',(-8.234302909588E-02,-57.24093964956));
#1018 = CARTESIAN_POINT('',(-0.164621012002,-57.24498464787));
#1019 = CARTESIAN_POINT('',(-0.24727147333,-57.25306397405));
#1020 = CARTESIAN_POINT('',(-0.330697630408,-57.26504603853));
#1021 = CARTESIAN_POINT('',(-0.415307465362,-57.2806720574));
#1022 = CARTESIAN_POINT('',(-0.501523510723,-57.29951800414));
#1023 = CARTESIAN_POINT('',(-0.589799296705,-57.3209379269));
#1024 = CARTESIAN_POINT('',(-0.762169365899,-57.36468303102));
#1025 = CARTESIAN_POINT('',(-0.8467006346,-57.38692646196));
#1026 = CARTESIAN_POINT('',(-0.93407513306,-57.40994468833));
#1027 = CARTESIAN_POINT('',(-1.024198885238,-57.43266630069));
#1028 = CARTESIAN_POINT('',(-1.117078112354,-57.45379204746));
#1029 = CARTESIAN_POINT('',(-1.212806937941,-57.47189735751));
#1030 = CARTESIAN_POINT('',(-1.311574053723,-57.48558680574));
#1031 = CARTESIAN_POINT('',(-1.500962189665,-57.50064128787));
#1032 = CARTESIAN_POINT('',(-1.588807602798,-57.50336432643));
#1033 = CARTESIAN_POINT('',(-1.676630715856,-57.50140972708));
#1034 = CARTESIAN_POINT('',(-1.763876024797,-57.49473421084));
#1035 = CARTESIAN_POINT('',(-1.8499849092,-57.48381108581));
#1036 = CARTESIAN_POINT('',(-1.934331402018,-57.46954593618));
#1037 = CARTESIAN_POINT('',(-2.016144143349,-57.45308602438));
#1038 = CARTESIAN_POINT('',(-2.188958860606,-57.41445937132));
#1039 = CARTESIAN_POINT('',(-2.279891713219,-57.39146750488));
#1040 = CARTESIAN_POINT('',(-2.367750192095,-57.36799386532));
#1041 = CARTESIAN_POINT('',(-2.452973331312,-57.34516957904));
#1042 = CARTESIAN_POINT('',(-2.535954005314,-57.32385549093));
#1043 = CARTESIAN_POINT('',(-2.617060072176,-57.30468015577));
#1044 = CARTESIAN_POINT('',(-2.696643232023,-57.2880986833));
#1045 = CARTESIAN_POINT('',(-2.861952284121,-57.25928383222));
#1046 = CARTESIAN_POINT('',(-2.947456468804,-57.2477043602));
#1047 = CARTESIAN_POINT('',(-3.032057518449,-57.24013146921));
#1048 = CARTESIAN_POINT('',(-3.116167456969,-57.23681330723));
#1049 = CARTESIAN_POINT('',(-3.200184417289,-57.23784439187));
#1050 = CARTESIAN_POINT('',(-3.284505613401,-57.24318210813));
#1051 = CARTESIAN_POINT('',(-3.369539880612,-57.25263836268));
#1052 = CARTESIAN_POINT('',(-3.534676866901,-57.27793645081));
#1053 = CARTESIAN_POINT('',(-3.614570359019,-57.29316805366));
#1054 = CARTESIAN_POINT('',(-3.6958279002,-57.31126282594));
#1055 = CARTESIAN_POINT('',(-3.778822855971,-57.33181445792));
#1056 = CARTESIAN_POINT('',(-3.863942210276,-57.35425323043));
#1057 = CARTESIAN_POINT('',(-3.951595534741,-57.37778307099));
#1058 = CARTESIAN_POINT('',(-4.04223575844,-57.40133183516));
#1059 = CARTESIAN_POINT('',(-4.25453657867,-57.45142258637));
#1060 = CARTESIAN_POINT('',(-4.383047802299,-57.47834313468));
#1061 = CARTESIAN_POINT('',(-4.517132151166,-57.49978560812));
#1062 = CARTESIAN_POINT('',(-4.65399102984,-57.51100937794));
#1063 = CARTESIAN_POINT('',(-4.791459910905,-57.50900554488));
#1064 = CARTESIAN_POINT('',(-4.92747305163,-57.49499254989));
#1065 = CARTESIAN_POINT('',(-5.059551820144,-57.47281089887));
#1066 = CARTESIAN_POINT('',(-5.343890142564,-57.41347920135));
#1067 = CARTESIAN_POINT('',(-5.493410351555,-57.37330541558));
#1068 = CARTESIAN_POINT('',(-5.635052403348,-57.33307848923));
#1069 = CARTESIAN_POINT('',(-5.770611346427,-57.2976548024));
#1070 = CARTESIAN_POINT('',(-5.901700029815,-57.26966015356));
#1071 = CARTESIAN_POINT('',(-6.029770576074,-57.25053933592));
#1072 = CARTESIAN_POINT('',(-6.156339149967,-57.24093964956));
#1073 = CARTESIAN_POINT('',(-6.28318530718,-57.24093964956));
#1074 = ( GEOMETRIC_REPRESENTATION_CONTEXT(2) 
PARAMETRIC_REPRESENTATION_CONTEXT() REPRESENTATION_CONTEXT('2D SPACE',''
  ) );
#1075 = FACE_BOUND('',#1076,.F.);
#1076 = EDGE_LOOP('',(#1077));
#1077 = ORIENTED_EDGE('',*,*,#1078,.T.);
#1078 = EDGE_CURVE('',#1079,#1079,#1081,.T.);
#1079 = VERTEX_POINT('',#1080);
#1080 = CARTESIAN_POINT('',(3.,-17.24093964956,-225.));
#1081 = SURFACE_CURVE('',#1082,(#1141,#1203),.PCURVE_S1.);
#1082 = B_SPLINE_CURVE_WITH_KNOTS('',8,(#1083,#1084,#1085,#1086,#1087,
    #1088,#1089,#1090,#1091,#1092,#1093,#1094,#1095,#1096,#1097,#1098,
    #1099,#1100,#1101,#1102,#1103,#1104,#1105,#1106,#1107,#1108,#1109,
    #1110,#1111,#1112,#1113,#1114,#1115,#1116,#1117,#1118,#1119,#1120,
    #1121,#1122,#1123,#1124,#1125,#1126,#1127,#1128,#1129,#1130,#1131,
    #1132,#1133,#1134,#1135,#1136,#1137,#1138,#1139,#1140),
  .UNSPECIFIED.,.T.,.F.,(9,7,7,7,7,7,7,7,9),(0.,0.106503752295,
    0.210319993244,0.310274060599,0.430991634435,0.556158729159,
    0.670746049294,0.814421836746,1.),.UNSPECIFIED.);
#1083 = CARTESIAN_POINT('',(3.,-17.24093964956,-225.));
#1084 = CARTESIAN_POINT('',(3.,-17.24093964956,-224.7643669337));
#1085 = CARTESIAN_POINT('',(2.978848294483,-17.24461991423,
    -224.5287479251));
#1086 = CARTESIAN_POINT('',(2.936549886936,-17.25198058929,
    -224.2953592442));
#1087 = CARTESIAN_POINT('',(2.873386795263,-17.26282126069,
    -224.0663988473));
#1088 = CARTESIAN_POINT('',(2.789909279669,-17.27674750473,
    -223.8440222257));
#1089 = CARTESIAN_POINT('',(2.686931312392,-17.29319735927,
    -223.6303124847));
#1090 = CARTESIAN_POINT('',(2.565530289265,-17.31148771591,
    -223.4272446564));
#1091 = CARTESIAN_POINT('',(2.292066058154,-17.34978419057,
    -223.0508534328));
#1092 = CARTESIAN_POINT('',(2.136884582374,-17.37029095051,
    -222.8714451196));
#1093 = CARTESIAN_POINT('',(1.96097778367,-17.39183904646,
    -222.7011879088));
#1094 = CARTESIAN_POINT('',(1.76412929539,-17.41366668663,
    -222.5430902486));
#1095 = CARTESIAN_POINT('',(1.546462241587,-17.43482224046,
    -222.4004131257));
#1096 = CARTESIAN_POINT('',(1.308496863988,-17.45419058143,
    -222.2767028875));
#1097 = CARTESIAN_POINT('',(1.05125867678,-17.47056152606,
    -222.1758553722));
#1098 = CARTESIAN_POINT('',(0.51187876554,-17.49451685302,
    -222.0313289606));
#1099 = CARTESIAN_POINT('',(0.234108242324,-17.50226772842,
    -221.9864902097));
#1100 = CARTESIAN_POINT('',(-5.096403393305E-02,-17.50497310445,
    -221.971556278));
#1101 = CARTESIAN_POINT('',(-0.336807858468,-17.50205896466,
    -221.9881398275));
#1102 = CARTESIAN_POINT('',(-0.616745274401,-17.493697351,
    -222.0356995217));
#1103 = CARTESIAN_POINT('',(-0.884433579138,-17.4807825018,
    -222.1115746399));
#1104 = CARTESIAN_POINT('',(-1.13431034313,-17.46469253935,
    -222.2109812745));
#1105 = CARTESIAN_POINT('',(-1.636924816747,-17.42545658424,
    -222.4670761401));
#1106 = CARTESIAN_POINT('',(-1.883804988351,-17.40120172306,
    -222.6335811233));
#1107 = CARTESIAN_POINT('',(-2.102488834045,-17.37592254834,
    -222.8204248405));
#1108 = CARTESIAN_POINT('',(-2.293558684541,-17.35109727024,
    -223.0228647847));
#1109 = CARTESIAN_POINT('',(-2.457937790271,-17.32784429636,
    -223.2371671495));
#1110 = CARTESIAN_POINT('',(-2.596649740501,-17.30696623946,
    -223.4603873594));
#1111 = CARTESIAN_POINT('',(-2.710657951098,-17.28903299193,
    -223.6902210576));
#1112 = CARTESIAN_POINT('',(-2.894144983193,-17.25928383222,
    -224.1682211184));
#1113 = CARTESIAN_POINT('',(-2.961911513935,-17.2477043602,
    -224.4169701568));
#1114 = CARTESIAN_POINT('',(-3.004808905293,-17.24013146921,
    -224.6691523919));
#1115 = CARTESIAN_POINT('',(-3.023318188238,-17.23681330723,
    -224.9231220527));
#1116 = CARTESIAN_POINT('',(-3.017638943512,-17.23784439187,
    -225.1774116297));
#1117 = CARTESIAN_POINT('',(-2.98768832263,-17.24318210813,
    -225.4305816538));
#1118 = CARTESIAN_POINT('',(-2.933092503783,-17.25263836268,
    -225.6810734205));
#1119 = CARTESIAN_POINT('',(-2.780002098293,-17.27793645081,
    -226.1522372412));
#1120 = CARTESIAN_POINT('',(-2.685625189791,-17.29316805366,
    -226.3735877587));
#1121 = CARTESIAN_POINT('',(-2.569492826915,-17.31126282594,
    -226.5898068996));
#1122 = CARTESIAN_POINT('',(-2.430841981524,-17.33181445792,
    -226.7992239878));
#1123 = CARTESIAN_POINT('',(-2.268780241269,-17.35425323043,
    -226.9996987053));
#1124 = CARTESIAN_POINT('',(-2.08239542394,-17.37778307099,
    -227.1884949079));
#1125 = CARTESIAN_POINT('',(-1.87091174255,-17.40133183516,
    -227.3621055866));
#1126 = CARTESIAN_POINT('',(-1.336760394118,-17.45142258637,
    -227.7089875282));
#1127 = CARTESIAN_POINT('',(-0.987381491458,-17.47834313468,
    -227.8788538405));
#1128 = CARTESIAN_POINT('',(-0.59618534966,-17.49978560812,
    -228.0012500533));
#1129 = CARTESIAN_POINT('',(-0.179077894692,-17.51100937794,
    -228.0609453687));
#1130 = CARTESIAN_POINT('',(0.244160827835,-17.50900554488,
    -228.0514718857));
#1131 = CARTESIAN_POINT('',(0.653305995869,-17.49499254989,
    -227.9748654804));
#1132 = CARTESIAN_POINT('',(1.030313766951,-17.47281089887,
    -227.8420076276));
#1133 = CARTESIAN_POINT('',(1.790355668011,-17.41347920135,
    -227.4547469364));
#1134 = CARTESIAN_POINT('',(2.150044735728,-17.37330541558,
    -227.1726456584));
#1135 = CARTESIAN_POINT('',(2.441334598993,-17.33307848923,
    -226.8497441757));
#1136 = CARTESIAN_POINT('',(2.66826214981,-17.2976548024,-226.5005404096
    ));
#1137 = CARTESIAN_POINT('',(2.834921835237,-17.26966015356,
    -226.1351391279));
#1138 = CARTESIAN_POINT('',(2.944835399915,-17.25053933592,
    -225.760241343));
#1139 = CARTESIAN_POINT('',(3.,-17.24093964956,-225.3805384716));
#1140 = CARTESIAN_POINT('',(3.,-17.24093964956,-225.));
#1141 = PCURVE('',#32,#1142);
#1142 = DEFINITIONAL_REPRESENTATION('',(#1143),#1202);
#1143 = B_SPLINE_CURVE_WITH_KNOTS('',8,(#1144,#1145,#1146,#1147,#1148,
    #1149,#1150,#1151,#1152,#1153,#1154,#1155,#1156,#1157,#1158,#1159,
    #1160,#1161,#1162,#1163,#1164,#1165,#1166,#1167,#1168,#1169,#1170,
    #1171,#1172,#1173,#1174,#1175,#1176,#1177,#1178,#1179,#1180,#1181,
    #1182,#1183,#1184,#1185,#1186,#1187,#1188,#1189,#1190,#1191,#1192,
    #1193,#1194,#1195,#1196,#1197,#1198,#1199,#1200,#1201),
  .UNSPECIFIED.,.T.,.F.,(9,7,7,7,7,7,7,7,9),(0.,0.106503752295,
    0.210319993244,0.310274060599,0.430991634435,0.556158729159,
    0.670746049294,0.814421836746,1.),.UNSPECIFIED.);
#1144 = CARTESIAN_POINT('',(-4.884668504113,-705.));
#1145 = CARTESIAN_POINT('',(-4.884668504113,-705.2356330662));
#1146 = CARTESIAN_POINT('',(-4.883441683375,-705.4712520748));
#1147 = CARTESIAN_POINT('',(-4.880988289777,-705.7046407557));
#1148 = CARTESIAN_POINT('',(-4.877326213907,-705.9336011526));
#1149 = CARTESIAN_POINT('',(-4.872490283042,-706.1559777742));
#1150 = CARTESIAN_POINT('',(-4.86653152819,-706.3696875152));
#1151 = CARTESIAN_POINT('',(-4.859516424178,-706.5727553435));
#1152 = CARTESIAN_POINT('',(-4.843737408852,-706.9491465671));
#1153 = CARTESIAN_POINT('',(-4.834793071551,-707.1285548803));
#1154 = CARTESIAN_POINT('',(-4.82466691437,-707.2988120911));
#1155 = CARTESIAN_POINT('',(-4.81335107502,-707.4569097513));
#1156 = CARTESIAN_POINT('',(-4.800856971437,-707.5995868742));
#1157 = CARTESIAN_POINT('',(-4.787217308019,-707.7232971124));
#1158 = CARTESIAN_POINT('',(-4.772490954509,-707.8241446277));
#1159 = CARTESIAN_POINT('',(-4.741638862523,-707.9686710393));
#1160 = CARTESIAN_POINT('',(-4.725762232991,-708.0135097902));
#1161 = CARTESIAN_POINT('',(-4.709476319687,-708.0284437219));
#1162 = CARTESIAN_POINT('',(-4.693147800766,-708.0118601724));
#1163 = CARTESIAN_POINT('',(-4.67714989188,-707.9643004782));
#1164 = CARTESIAN_POINT('',(-4.661838954689,-707.88842536));
#1165 = CARTESIAN_POINT('',(-4.647532043334,-707.7890187254));
#1166 = CARTESIAN_POINT('',(-4.618723837628,-707.5329238598));
#1167 = CARTESIAN_POINT('',(-4.604551325558,-707.3664188766));
#1168 = CARTESIAN_POINT('',(-4.591974601641,-707.1795751594));
#1169 = CARTESIAN_POINT('',(-4.58096623012,-706.9771352152));
#1170 = CARTESIAN_POINT('',(-4.571480404671,-706.7628328504));
#1171 = CARTESIAN_POINT('',(-4.563465042212,-706.5396126405));
#1172 = CARTESIAN_POINT('',(-4.556870252873,-706.3097789423));
#1173 = CARTESIAN_POINT('',(-4.546248365044,-705.8317788815));
#1174 = CARTESIAN_POINT('',(-4.54232000757,-705.5830298431));
#1175 = CARTESIAN_POINT('',(-4.539830832357,-705.330847608));
#1176 = CARTESIAN_POINT('',(-4.538756268689,-705.0768779472));
#1177 = CARTESIAN_POINT('',(-4.539086121864,-704.8225883702));
#1178 = CARTESIAN_POINT('',(-4.540824561137,-704.5694183461));
#1179 = CARTESIAN_POINT('',(-4.543990679084,-704.3189265794));
#1180 = CARTESIAN_POINT('',(-4.552857340424,-703.8477627587));
#1181 = CARTESIAN_POINT('',(-4.558320053758,-703.6264122412));
#1182 = CARTESIAN_POINT('',(-4.565036084857,-703.4101931003));
#1183 = CARTESIAN_POINT('',(-4.573045087395,-703.2007760121));
#1184 = CARTESIAN_POINT('',(-4.582393088761,-703.0003012946));
#1185 = CARTESIAN_POINT('',(-4.593126505759,-702.811505092));
#1186 = CARTESIAN_POINT('',(-4.605284135272,-702.6378944133));
#1187 = CARTESIAN_POINT('',(-4.635940985031,-702.2910124717));
#1188 = CARTESIAN_POINT('',(-4.65596185883,-702.1211461594));
#1189 = CARTESIAN_POINT('',(-4.678340548154,-701.9987499466));
#1190 = CARTESIAN_POINT('',(-4.702163829802,-701.9390546312));
#1191 = CARTESIAN_POINT('',(-4.726326690133,-701.9485281142));
#1192 = CARTESIAN_POINT('',(-4.749708628115,-702.0251345195));
#1193 = CARTESIAN_POINT('',(-4.771285176318,-702.1579923723));
#1194 = CARTESIAN_POINT('',(-4.814848274039,-702.5452530635));
#1195 = CARTESIAN_POINT('',(-4.835518240472,-702.8273543415));
#1196 = CARTESIAN_POINT('',(-4.85231444866,-703.1502558242));
#1197 = CARTESIAN_POINT('',(-4.865437278485,-703.4994595903));
#1198 = CARTESIAN_POINT('',(-4.875093690192,-703.864860872));
#1199 = CARTESIAN_POINT('',(-4.881468883643,-704.2397586569));
#1200 = CARTESIAN_POINT('',(-4.884668504113,-704.6194615283));
#1201 = CARTESIAN_POINT('',(-4.884668504113,-705.));
#1202 = ( GEOMETRIC_REPRESENTATION_CONTEXT(2) 
PARAMETRIC_REPRESENTATION_CONTEXT() REPRESENTATION_CONTEXT('2D SPACE',''
  ) );
#1203 = PCURVE('',#429,#1204);
#1204 = DEFINITIONAL_REPRESENTATION('',(#1205),#1264);
#1205 = B_SPLINE_CURVE_WITH_KNOTS('',8,(#1206,#1207,#1208,#1209,#1210,
    #1211,#1212,#1213,#1214,#1215,#1216,#1217,#1218,#1219,#1220,#1221,
    #1222,#1223,#1224,#1225,#1226,#1227,#1228,#1229,#1230,#1231,#1232,
    #1233,#1234,#1235,#1236,#1237,#1238,#1239,#1240,#1241,#1242,#1243,
    #1244,#1245,#1246,#1247,#1248,#1249,#1250,#1251,#1252,#1253,#1254,
    #1255,#1256,#1257,#1258,#1259,#1260,#1261,#1262,#1263),
  .UNSPECIFIED.,.F.,.F.,(9,7,7,7,7,7,7,7,9),(0.,0.106503752295,
    0.210319993244,0.310274060599,0.430991634435,0.556158729159,
    0.670746049294,0.814421836746,1.),.UNSPECIFIED.);
#1206 = CARTESIAN_POINT('',(0.,-57.24093964956));
#1207 = CARTESIAN_POINT('',(-7.854435540221E-02,-57.24093964956));
#1208 = CARTESIAN_POINT('',(-0.15708390721,-57.24461991423));
#1209 = CARTESIAN_POINT('',(-0.235618813678,-57.25198058929));
#1210 = CARTESIAN_POINT('',(-0.314153491467,-57.26282126069));
#1211 = CARTESIAN_POINT('',(-0.392693020895,-57.27674750473));
#1212 = CARTESIAN_POINT('',(-0.47123928488,-57.29319735927));
#1213 = CARTESIAN_POINT('',(-0.549786841579,-57.31148771591));
#1214 = CARTESIAN_POINT('',(-0.704868554412,-57.34978419057));
#1215 = CARTESIAN_POINT('',(-0.783654351434,-57.37029095051));
#1216 = CARTESIAN_POINT('',(-0.864717159912,-57.39183904646));
#1217 = CARTESIAN_POINT('',(-0.948137600608,-57.41366668663));
#1218 = CARTESIAN_POINT('',(-1.034049391129,-57.43482224046));
#1219 = CARTESIAN_POINT('',(-1.122640243305,-57.45419058143));
#1220 = CARTESIAN_POINT('',(-1.21416510892,-57.47056152606));
#1221 = CARTESIAN_POINT('',(-1.400300833686,-57.49451685302));
#1222 = CARTESIAN_POINT('',(-1.493604278563,-57.50226772842));
#1223 = CARTESIAN_POINT('',(-1.587839305937,-57.50497310445));
#1224 = CARTESIAN_POINT('',(-1.682135709047,-57.50205896466));
#1225 = CARTESIAN_POINT('',(-1.775681109864,-57.493697351));
#1226 = CARTESIAN_POINT('',(-1.867607854265,-57.4807825018));
#1227 = CARTESIAN_POINT('',(-1.956865195244,-57.46469253935));
#1228 = CARTESIAN_POINT('',(-2.144897665629,-57.42545658424));
#1229 = CARTESIAN_POINT('',(-2.243419080488,-57.40120172306));
#1230 = CARTESIAN_POINT('',(-2.338301024206,-57.37592254834));
#1231 = CARTESIAN_POINT('',(-2.430074747935,-57.35109727024));
#1232 = CARTESIAN_POINT('',(-2.519209636623,-57.32784429636));
#1233 = CARTESIAN_POINT('',(-2.606141723841,-57.30696623946));
#1234 = CARTESIAN_POINT('',(-2.691283160085,-57.28903299193));
#1235 = CARTESIAN_POINT('',(-2.861952284121,-57.25928383222));
#1236 = CARTESIAN_POINT('',(-2.947456468804,-57.2477043602));
#1237 = CARTESIAN_POINT('',(-3.032057518449,-57.24013146921));
#1238 = CARTESIAN_POINT('',(-3.116167456969,-57.23681330723));
#1239 = CARTESIAN_POINT('',(-3.200184417289,-57.23784439187));
#1240 = CARTESIAN_POINT('',(-3.284505613401,-57.24318210813));
#1241 = CARTESIAN_POINT('',(-3.369539880612,-57.25263836268));
#1242 = CARTESIAN_POINT('',(-3.534676866901,-57.27793645081));
#1243 = CARTESIAN_POINT('',(-3.614570359019,-57.29316805366));
#1244 = CARTESIAN_POINT('',(-3.6958279002,-57.31126282594));
#1245 = CARTESIAN_POINT('',(-3.778822855971,-57.33181445792));
#1246 = CARTESIAN_POINT('',(-3.863942210276,-57.35425323043));
#1247 = CARTESIAN_POINT('',(-3.951595534741,-57.37778307099));
#1248 = CARTESIAN_POINT('',(-4.04223575844,-57.40133183516));
#1249 = CARTESIAN_POINT('',(-4.25453657867,-57.45142258637));
#1250 = CARTESIAN_POINT('',(-4.3830478023,-57.47834313468));
#1251 = CARTESIAN_POINT('',(-4.517132151165,-57.49978560812));
#1252 = CARTESIAN_POINT('',(-4.653991029842,-57.51100937794));
#1253 = CARTESIAN_POINT('',(-4.791459910903,-57.50900554488));
#1254 = CARTESIAN_POINT('',(-4.927473051631,-57.49499254989));
#1255 = CARTESIAN_POINT('',(-5.059551820144,-57.47281089887));
#1256 = CARTESIAN_POINT('',(-5.343890142564,-57.41347920135));
#1257 = CARTESIAN_POINT('',(-5.493410351555,-57.37330541558));
#1258 = CARTESIAN_POINT('',(-5.635052403348,-57.33307848923));
#1259 = CARTESIAN_POINT('',(-5.770611346427,-57.2976548024));
#1260 = CARTESIAN_POINT('',(-5.901700029814,-57.26966015356));
#1261 = CARTESIAN_POINT('',(-6.029770576075,-57.25053933592));
#1262 = CARTESIAN_POINT('',(-6.156339149967,-57.24093964956));
#1263 = CARTESIAN_POINT('',(-6.28318530718,-57.24093964956));
#1264 = ( GEOMETRIC_REPRESENTATION_CONTEXT(2) 
PARAMETRIC_REPRESENTATION_CONTEXT() REPRESENTATION_CONTEXT('2D SPACE',''
  ) );
#1265 = FACE_BOUND('',#1266,.F.);
#1266 = EDGE_LOOP('',(#1267));
#1267 = ORIENTED_EDGE('',*,*,#1268,.T.);
#1268 = EDGE_CURVE('',#1269,#1269,#1271,.T.);
#1269 = VERTEX_POINT('',#1270);
#1270 = CARTESIAN_POINT('',(3.,-17.24093964956,-355.));
#1271 = SURFACE_CURVE('',#1272,(#1331,#1393),.PCURVE_S1.);
#1272 = B_SPLINE_CURVE_WITH_KNOTS('',8,(#1273,#1274,#1275,#1276,#1277,
    #1278,#1279,#1280,#1281,#1282,#1283,#1284,#1285,#1286,#1287,#1288,
    #1289,#1290,#1291,#1292,#1293,#1294,#1295,#1296,#1297,#1298,#1299,
    #1300,#1301,#1302,#1303,#1304,#1305,#1306,#1307,#1308,#1309,#1310,
    #1311,#1312,#1313,#1314,#1315,#1316,#1317,#1318,#1319,#1320,#1321,
    #1322,#1323,#1324,#1325,#1326,#1327,#1328,#1329,#1330),
  .UNSPECIFIED.,.T.,.F.,(9,7,7,7,7,7,7,7,9),(0.,0.106503747965,
    0.210319984715,0.310274050598,0.430991625811,0.556158721964,
    0.670746043407,0.814421833115,1.),.UNSPECIFIED.);
#1273 = CARTESIAN_POINT('',(3.,-17.24093964956,-355.));
#1274 = CARTESIAN_POINT('',(3.,-17.24093964956,-354.7643669337));
#1275 = CARTESIAN_POINT('',(2.978848294483,-17.24461991423,
    -354.5287479251));
#1276 = CARTESIAN_POINT('',(2.936549886936,-17.25198058929,
    -354.2953592442));
#1277 = CARTESIAN_POINT('',(2.873386795263,-17.26282126069,
    -354.0663988473));
#1278 = CARTESIAN_POINT('',(2.789909279669,-17.27674750473,
    -353.8440222257));
#1279 = CARTESIAN_POINT('',(2.686931312392,-17.29319735927,
    -353.6303124847));
#1280 = CARTESIAN_POINT('',(2.565530289265,-17.31148771591,
    -353.4272446564));
#1281 = CARTESIAN_POINT('',(2.292066058124,-17.34978419057,
    -353.0508534328));
#1282 = CARTESIAN_POINT('',(2.136884582359,-17.37029095051,
    -352.8714451196));
#1283 = CARTESIAN_POINT('',(1.960977783688,-17.39183904646,
    -352.7011879088));
#1284 = CARTESIAN_POINT('',(1.764129295428,-17.41366668663,
    -352.5430902487));
#1285 = CARTESIAN_POINT('',(1.54646224161,-17.43482224046,
    -352.4004131257));
#1286 = CARTESIAN_POINT('',(1.30849686397,-17.45419058143,
    -352.2767028875));
#1287 = CARTESIAN_POINT('',(1.051258676732,-17.47056152606,
    -352.1758553722));
#1288 = CARTESIAN_POINT('',(0.511878758783,-17.49451685332,
    -352.0313289588));
#1289 = CARTESIAN_POINT('',(0.234108254156,-17.5022677277,
    -351.9864902142));
#1290 = CARTESIAN_POINT('',(-5.096403467359E-02,-17.50497310522,
    -351.9715562731));
#1291 = CARTESIAN_POINT('',(-0.336807868713,-17.50205896451,
    -351.9881398285));
#1292 = CARTESIAN_POINT('',(-0.616745273699,-17.49369735023,
    -352.0356995266));
#1293 = CARTESIAN_POINT('',(-0.884433569064,-17.48078250283,
    -352.1115746333));
#1294 = CARTESIAN_POINT('',(-1.134310349081,-17.46469253888,
    -352.2109812775));
#1295 = CARTESIAN_POINT('',(-1.636924816747,-17.42545658424,
    -352.4670761401));
#1296 = CARTESIAN_POINT('',(-1.883804988351,-17.40120172306,
    -352.6335811233));
#1297 = CARTESIAN_POINT('',(-2.102488834045,-17.37592254834,
    -352.8204248405));
#1298 = CARTESIAN_POINT('',(-2.293558684541,-17.35109727024,
    -353.0228647847));
#1299 = CARTESIAN_POINT('',(-2.457937790271,-17.32784429636,
    -353.2371671495));
#1300 = CARTESIAN_POINT('',(-2.596649740501,-17.30696623946,
    -353.4603873594));
#1301 = CARTESIAN_POINT('',(-2.710657951098,-17.28903299193,
    -353.6902210576));
#1302 = CARTESIAN_POINT('',(-2.894144983193,-17.25928383222,
    -354.1682211184));
#1303 = CARTESIAN_POINT('',(-2.961911513935,-17.2477043602,
    -354.4169701568));
#1304 = CARTESIAN_POINT('',(-3.004808905293,-17.24013146921,
    -354.6691523919));
#1305 = CARTESIAN_POINT('',(-3.023318188238,-17.23681330723,
    -354.9231220527));
#1306 = CARTESIAN_POINT('',(-3.017638943512,-17.23784439187,
    -355.1774116297));
#1307 = CARTESIAN_POINT('',(-2.98768832263,-17.24318210813,
    -355.4305816538));
#1308 = CARTESIAN_POINT('',(-2.933092503783,-17.25263836268,
    -355.6810734205));
#1309 = CARTESIAN_POINT('',(-2.780002098293,-17.27793645081,
    -356.1522372412));
#1310 = CARTESIAN_POINT('',(-2.685625189792,-17.29316805366,
    -356.3735877587));
#1311 = CARTESIAN_POINT('',(-2.569492826915,-17.31126282594,
    -356.5898068996));
#1312 = CARTESIAN_POINT('',(-2.430841981524,-17.33181445792,
    -356.7992239878));
#1313 = CARTESIAN_POINT('',(-2.268780241269,-17.35425323043,
    -356.9996987053));
#1314 = CARTESIAN_POINT('',(-2.082395423939,-17.37778307099,
    -357.1884949079));
#1315 = CARTESIAN_POINT('',(-1.87091174255,-17.40133183516,
    -357.3621055866));
#1316 = CARTESIAN_POINT('',(-1.336760392841,-17.45142258649,
    -357.7089875291));
#1317 = CARTESIAN_POINT('',(-0.987381497979,-17.47834313431,
    -357.878853838));
#1318 = CARTESIAN_POINT('',(-0.596185334657,-17.49978560857,
    -358.0012500564));
#1319 = CARTESIAN_POINT('',(-0.179077914165,-17.5110093778,
    -358.0609453676));
#1320 = CARTESIAN_POINT('',(0.244160842797,-17.50900554466,
    -358.0514718844));
#1321 = CARTESIAN_POINT('',(0.653305989369,-17.49499255016,
    -357.9748654821));
#1322 = CARTESIAN_POINT('',(1.030313768231,-17.47281089877,
    -357.842007627));
#1323 = CARTESIAN_POINT('',(1.790355668011,-17.41347920135,
    -357.4547469364));
#1324 = CARTESIAN_POINT('',(2.150044735728,-17.37330541558,
    -357.1726456584));
#1325 = CARTESIAN_POINT('',(2.441334598993,-17.33307848923,
    -356.8497441757));
#1326 = CARTESIAN_POINT('',(2.668262149809,-17.2976548024,
    -356.5005404096));
#1327 = CARTESIAN_POINT('',(2.834921835239,-17.26966015356,
    -356.1351391279));
#1328 = CARTESIAN_POINT('',(2.944835399915,-17.25053933592,
    -355.760241343));
#1329 = CARTESIAN_POINT('',(3.,-17.24093964956,-355.3805384716));
#1330 = CARTESIAN_POINT('',(3.,-17.24093964956,-355.));
#1331 = PCURVE('',#32,#1332);
#1332 = DEFINITIONAL_REPRESENTATION('',(#1333),#1392);
#1333 = B_SPLINE_CURVE_WITH_KNOTS('',8,(#1334,#1335,#1336,#1337,#1338,
    #1339,#1340,#1341,#1342,#1343,#1344,#1345,#1346,#1347,#1348,#1349,
    #1350,#1351,#1352,#1353,#1354,#1355,#1356,#1357,#1358,#1359,#1360,
    #1361,#1362,#1363,#1364,#1365,#1366,#1367,#1368,#1369,#1370,#1371,
    #1372,#1373,#1374,#1375,#1376,#1377,#1378,#1379,#1380,#1381,#1382,
    #1383,#1384,#1385,#1386,#1387,#1388,#1389,#1390,#1391),
  .UNSPECIFIED.,.T.,.F.,(9,7,7,7,7,7,7,7,9),(0.,0.106503747965,
    0.210319984715,0.310274050598,0.430991625811,0.556158721964,
    0.670746043407,0.814421833115,1.),.UNSPECIFIED.);
#1334 = CARTESIAN_POINT('',(-4.884668504113,-575.));
#1335 = CARTESIAN_POINT('',(-4.884668504113,-575.2356330662));
#1336 = CARTESIAN_POINT('',(-4.883441683375,-575.4712520748));
#1337 = CARTESIAN_POINT('',(-4.880988289777,-575.7046407557));
#1338 = CARTESIAN_POINT('',(-4.877326213907,-575.9336011526));
#1339 = CARTESIAN_POINT('',(-4.872490283042,-576.1559777742));
#1340 = CARTESIAN_POINT('',(-4.86653152819,-576.3696875152));
#1341 = CARTESIAN_POINT('',(-4.859516424178,-576.5727553435));
#1342 = CARTESIAN_POINT('',(-4.843737408851,-576.9491465671));
#1343 = CARTESIAN_POINT('',(-4.83479307155,-577.1285548803));
#1344 = CARTESIAN_POINT('',(-4.824666914371,-577.2988120911));
#1345 = CARTESIAN_POINT('',(-4.813351075022,-577.4569097512));
#1346 = CARTESIAN_POINT('',(-4.800856971438,-577.5995868742));
#1347 = CARTESIAN_POINT('',(-4.787217308018,-577.7232971124));
#1348 = CARTESIAN_POINT('',(-4.772490954506,-577.8241446277));
#1349 = CARTESIAN_POINT('',(-4.741638862137,-577.9686710411));
#1350 = CARTESIAN_POINT('',(-4.725762233668,-578.0135097857));
#1351 = CARTESIAN_POINT('',(-4.709476319645,-578.0284437268));
#1352 = CARTESIAN_POINT('',(-4.69314780018,-578.0118601714));
#1353 = CARTESIAN_POINT('',(-4.677149891919,-577.9643004733));
#1354 = CARTESIAN_POINT('',(-4.661838955266,-577.8884253666));
#1355 = CARTESIAN_POINT('',(-4.647532042993,-577.7890187224));
#1356 = CARTESIAN_POINT('',(-4.618723837628,-577.5329238598));
#1357 = CARTESIAN_POINT('',(-4.604551325558,-577.3664188766));
#1358 = CARTESIAN_POINT('',(-4.591974601641,-577.1795751594));
#1359 = CARTESIAN_POINT('',(-4.58096623012,-576.9771352152));
#1360 = CARTESIAN_POINT('',(-4.571480404671,-576.7628328504));
#1361 = CARTESIAN_POINT('',(-4.563465042212,-576.5396126405));
#1362 = CARTESIAN_POINT('',(-4.556870252873,-576.3097789423));
#1363 = CARTESIAN_POINT('',(-4.546248365044,-575.8317788815));
#1364 = CARTESIAN_POINT('',(-4.54232000757,-575.5830298431));
#1365 = CARTESIAN_POINT('',(-4.539830832357,-575.330847608));
#1366 = CARTESIAN_POINT('',(-4.538756268689,-575.0768779472));
#1367 = CARTESIAN_POINT('',(-4.539086121864,-574.8225883702));
#1368 = CARTESIAN_POINT('',(-4.540824561137,-574.5694183461));
#1369 = CARTESIAN_POINT('',(-4.543990679084,-574.3189265794));
#1370 = CARTESIAN_POINT('',(-4.552857340424,-573.8477627587));
#1371 = CARTESIAN_POINT('',(-4.558320053758,-573.6264122412));
#1372 = CARTESIAN_POINT('',(-4.565036084857,-573.4101931003));
#1373 = CARTESIAN_POINT('',(-4.573045087395,-573.2007760121));
#1374 = CARTESIAN_POINT('',(-4.582393088761,-573.0003012946));
#1375 = CARTESIAN_POINT('',(-4.593126505759,-572.811505092));
#1376 = CARTESIAN_POINT('',(-4.605284135272,-572.6378944133));
#1377 = CARTESIAN_POINT('',(-4.635940985105,-572.2910124708));
#1378 = CARTESIAN_POINT('',(-4.655961858457,-572.1211461619));
#1379 = CARTESIAN_POINT('',(-4.678340549014,-571.9987499435));
#1380 = CARTESIAN_POINT('',(-4.702163828686,-571.9390546323));
#1381 = CARTESIAN_POINT('',(-4.72632669099,-571.9485281155));
#1382 = CARTESIAN_POINT('',(-4.749708627743,-572.0251345178));
#1383 = CARTESIAN_POINT('',(-4.771285176391,-572.1579923729));
#1384 = CARTESIAN_POINT('',(-4.814848274039,-572.5452530635));
#1385 = CARTESIAN_POINT('',(-4.835518240472,-572.8273543415));
#1386 = CARTESIAN_POINT('',(-4.85231444866,-573.1502558242));
#1387 = CARTESIAN_POINT('',(-4.865437278485,-573.4994595903));
#1388 = CARTESIAN_POINT('',(-4.875093690192,-573.864860872));
#1389 = CARTESIAN_POINT('',(-4.881468883643,-574.2397586569));
#1390 = CARTESIAN_POINT('',(-4.884668504113,-574.6194615283));
#1391 = CARTESIAN_POINT('',(-4.884668504113,-575.));
#1392 = ( GEOMETRIC_REPRESENTATION_CONTEXT(2) 
PARAMETRIC_REPRESENTATION_CONTEXT() REPRESENTATION_CONTEXT('2D SPACE',''
  ) );
#1393 = PCURVE('',#624,#1394);
#1394 = DEFINITIONAL_REPRESENTATION('',(#1395),#1454);
#1395 = B_SPLINE_CURVE_WITH_KNOTS('',8,(#1396,#1397,#1398,#1399,#1400,
    #1401,#1402,#1403,#1404,#1405,#1406,#1407,#1408,#1409,#1410,#1411,
    #1412,#1413,#1414,#1415,#1416,#1417,#1418,#1419,#1420,#1421,#1422,
    #1423,#1424,#1425,#1426,#1427,#1428,#1429,#1430,#1431,#1432,#1433,
    #1434,#1435,#1436,#1437,#1438,#1439,#1440,#1441,#1442,#1443,#1444,
    #1445,#1446,#1447,#1448,#1449,#1450,#1451,#1452,#1453),
  .UNSPECIFIED.,.F.,.F.,(9,7,7,7,7,7,7,7,9),(0.,0.106503747965,
    0.210319984715,0.310274050598,0.430991625811,0.556158721964,
    0.670746043407,0.814421833115,1.),.UNSPECIFIED.);
#1396 = CARTESIAN_POINT('',(0.,-57.24093964956));
#1397 = CARTESIAN_POINT('',(-7.854435540221E-02,-57.24093964956));
#1398 = CARTESIAN_POINT('',(-0.15708390721,-57.24461991423));
#1399 = CARTESIAN_POINT('',(-0.235618813678,-57.25198058929));
#1400 = CARTESIAN_POINT('',(-0.314153491467,-57.26282126069));
#1401 = CARTESIAN_POINT('',(-0.392693020895,-57.27674750473));
#1402 = CARTESIAN_POINT('',(-0.47123928488,-57.29319735927));
#1403 = CARTESIAN_POINT('',(-0.549786841579,-57.31148771591));
#1404 = CARTESIAN_POINT('',(-0.704868554429,-57.34978419057));
#1405 = CARTESIAN_POINT('',(-0.783654351438,-57.37029095051));
#1406 = CARTESIAN_POINT('',(-0.864717159902,-57.39183904646));
#1407 = CARTESIAN_POINT('',(-0.948137600593,-57.41366668663));
#1408 = CARTESIAN_POINT('',(-1.034049391122,-57.43482224046));
#1409 = CARTESIAN_POINT('',(-1.122640243312,-57.45419058143));
#1410 = CARTESIAN_POINT('',(-1.214165108937,-57.47056152606));
#1411 = CARTESIAN_POINT('',(-1.400300836018,-57.49451685332));
#1412 = CARTESIAN_POINT('',(-1.493604274574,-57.5022677277));
#1413 = CARTESIAN_POINT('',(-1.587839306012,-57.50497310522));
#1414 = CARTESIAN_POINT('',(-1.682135712667,-57.50205896451));
#1415 = CARTESIAN_POINT('',(-1.775681109781,-57.49369735023));
#1416 = CARTESIAN_POINT('',(-1.86760785049,-57.48078250283));
#1417 = CARTESIAN_POINT('',(-1.95686519747,-57.46469253888));
#1418 = CARTESIAN_POINT('',(-2.144897665629,-57.42545658424));
#1419 = CARTESIAN_POINT('',(-2.243419080488,-57.40120172306));
#1420 = CARTESIAN_POINT('',(-2.338301024206,-57.37592254834));
#1421 = CARTESIAN_POINT('',(-2.430074747935,-57.35109727024));
#1422 = CARTESIAN_POINT('',(-2.519209636623,-57.32784429636));
#1423 = CARTESIAN_POINT('',(-2.606141723841,-57.30696623946));
#1424 = CARTESIAN_POINT('',(-2.691283160085,-57.28903299193));
#1425 = CARTESIAN_POINT('',(-2.861952284121,-57.25928383222));
#1426 = CARTESIAN_POINT('',(-2.947456468804,-57.2477043602));
#1427 = CARTESIAN_POINT('',(-3.032057518449,-57.24013146921));
#1428 = CARTESIAN_POINT('',(-3.116167456969,-57.23681330723));
#1429 = CARTESIAN_POINT('',(-3.200184417289,-57.23784439187));
#1430 = CARTESIAN_POINT('',(-3.284505613401,-57.24318210813));
#1431 = CARTESIAN_POINT('',(-3.369539880612,-57.25263836268));
#1432 = CARTESIAN_POINT('',(-3.534676866901,-57.27793645081));
#1433 = CARTESIAN_POINT('',(-3.614570359019,-57.29316805366));
#1434 = CARTESIAN_POINT('',(-3.6958279002,-57.31126282594));
#1435 = CARTESIAN_POINT('',(-3.778822855971,-57.33181445792));
#1436 = CARTESIAN_POINT('',(-3.863942210276,-57.35425323043));
#1437 = CARTESIAN_POINT('',(-3.951595534741,-57.37778307099));
#1438 = CARTESIAN_POINT('',(-4.04223575844,-57.40133183516));
#1439 = CARTESIAN_POINT('',(-4.254536579177,-57.45142258649));
#1440 = CARTESIAN_POINT('',(-4.383047799818,-57.47834313431));
#1441 = CARTESIAN_POINT('',(-4.517132156742,-57.49978560857));
#1442 = CARTESIAN_POINT('',(-4.653991022691,-57.5110093778));
#1443 = CARTESIAN_POINT('',(-4.791459916379,-57.50900554466));
#1444 = CARTESIAN_POINT('',(-4.927473049239,-57.49499255016));
#1445 = CARTESIAN_POINT('',(-5.059551820622,-57.47281089877));
#1446 = CARTESIAN_POINT('',(-5.343890142564,-57.41347920135));
#1447 = CARTESIAN_POINT('',(-5.493410351556,-57.37330541558));
#1448 = CARTESIAN_POINT('',(-5.635052403347,-57.33307848923));
#1449 = CARTESIAN_POINT('',(-5.770611346428,-57.2976548024));
#1450 = CARTESIAN_POINT('',(-5.901700029814,-57.26966015356));
#1451 = CARTESIAN_POINT('',(-6.029770576074,-57.25053933592));
#1452 = CARTESIAN_POINT('',(-6.156339149967,-57.24093964956));
#1453 = CARTESIAN_POINT('',(-6.28318530718,-57.24093964956));
#1454 = ( GEOMETRIC_REPRESENTATION_CONTEXT(2) 
PARAMETRIC_REPRESENTATION_CONTEXT() REPRESENTATION_CONTEXT('2D SPACE',''
  ) );
#1455 = FACE_BOUND('',#1456,.F.);
#1456 = EDGE_LOOP('',(#1457));
#1457 = ORIENTED_EDGE('',*,*,#1458,.T.);
#1458 = EDGE_CURVE('',#1459,#1459,#1461,.T.);
#1459 = VERTEX_POINT('',#1460);
#1460 = CARTESIAN_POINT('',(3.,-17.24093964956,-485.));
#1461 = SURFACE_CURVE('',#1462,(#1521,#1583),.PCURVE_S1.);
#1462 = B_SPLINE_CURVE_WITH_KNOTS('',8,(#1463,#1464,#1465,#1466,#1467,
    #1468,#1469,#1470,#1471,#1472,#1473,#1474,#1475,#1476,#1477,#1478,
    #1479,#1480,#1481,#1482,#1483,#1484,#1485,#1486,#1487,#1488,#1489,
    #1490,#1491,#1492,#1493,#1494,#1495,#1496,#1497,#1498,#1499,#1500,
    #1501,#1502,#1503,#1504,#1505,#1506,#1507,#1508,#1509,#1510,#1511,
    #1512,#1513,#1514,#1515,#1516,#1517,#1518,#1519,#1520),
  .UNSPECIFIED.,.T.,.F.,(9,7,7,7,7,7,7,7,9),(0.,0.10650375243,
    0.210319993514,0.310274061004,0.430991635002,0.556158729895,
    0.670746050184,0.814421837829,1.),.UNSPECIFIED.);
#1463 = CARTESIAN_POINT('',(3.,-17.24093964956,-485.));
#1464 = CARTESIAN_POINT('',(3.,-17.24093964956,-484.7643669337));
#1465 = CARTESIAN_POINT('',(2.978848294483,-17.24461991423,
    -484.5287479251));
#1466 = CARTESIAN_POINT('',(2.936549886936,-17.25198058929,
    -484.2953592442));
#1467 = CARTESIAN_POINT('',(2.873386795263,-17.26282126069,
    -484.0663988473));
#1468 = CARTESIAN_POINT('',(2.789909279669,-17.27674750473,
    -483.8440222257));
#1469 = CARTESIAN_POINT('',(2.686931312392,-17.29319735927,
    -483.6303124847));
#1470 = CARTESIAN_POINT('',(2.565530289265,-17.31148771591,
    -483.4272446564));
#1471 = CARTESIAN_POINT('',(2.292066058148,-17.34978419057,
    -483.0508534328));
#1472 = CARTESIAN_POINT('',(2.136884582371,-17.37029095051,
    -482.8714451196));
#1473 = CARTESIAN_POINT('',(1.960977783675,-17.39183904646,
    -482.7011879088));
#1474 = CARTESIAN_POINT('',(1.764129295397,-17.41366668663,
    -482.5430902486));
#1475 = CARTESIAN_POINT('',(1.546462241591,-17.43482224046,
    -482.4004131257));
#1476 = CARTESIAN_POINT('',(1.308496863985,-17.45419058143,
    -482.2767028875));
#1477 = CARTESIAN_POINT('',(1.051258676769,-17.47056152606,
    -482.1758553722));
#1478 = CARTESIAN_POINT('',(0.51187876554,-17.49451685302,
    -482.0313289606));
#1479 = CARTESIAN_POINT('',(0.234108242325,-17.50226772842,
    -481.9864902097));
#1480 = CARTESIAN_POINT('',(-5.096403393305E-02,-17.50497310445,
    -481.971556278));
#1481 = CARTESIAN_POINT('',(-0.336807858468,-17.50205896466,
    -481.9881398275));
#1482 = CARTESIAN_POINT('',(-0.616745274401,-17.493697351,
    -482.0356995217));
#1483 = CARTESIAN_POINT('',(-0.884433579136,-17.4807825018,
    -482.1115746399));
#1484 = CARTESIAN_POINT('',(-1.13431034313,-17.46469253935,
    -482.2109812745));
#1485 = CARTESIAN_POINT('',(-1.636924816746,-17.42545658424,
    -482.4670761401));
#1486 = CARTESIAN_POINT('',(-1.883804988352,-17.40120172306,
    -482.6335811233));
#1487 = CARTESIAN_POINT('',(-2.102488834045,-17.37592254834,
    -482.8204248405));
#1488 = CARTESIAN_POINT('',(-2.293558684541,-17.35109727024,
    -483.0228647847));
#1489 = CARTESIAN_POINT('',(-2.457937790272,-17.32784429636,
    -483.2371671495));
#1490 = CARTESIAN_POINT('',(-2.596649740501,-17.30696623946,
    -483.4603873594));
#1491 = CARTESIAN_POINT('',(-2.710657951098,-17.28903299193,
    -483.6902210576));
#1492 = CARTESIAN_POINT('',(-2.894144983193,-17.25928383222,
    -484.1682211184));
#1493 = CARTESIAN_POINT('',(-2.961911513935,-17.2477043602,
    -484.4169701568));
#1494 = CARTESIAN_POINT('',(-3.004808905293,-17.24013146921,
    -484.6691523919));
#1495 = CARTESIAN_POINT('',(-3.023318188238,-17.23681330723,
    -484.9231220527));
#1496 = CARTESIAN_POINT('',(-3.017638943512,-17.23784439187,
    -485.1774116297));
#1497 = CARTESIAN_POINT('',(-2.98768832263,-17.24318210813,
    -485.4305816538));
#1498 = CARTESIAN_POINT('',(-2.933092503783,-17.25263836268,
    -485.6810734205));
#1499 = CARTESIAN_POINT('',(-2.780002098293,-17.27793645081,
    -486.1522372412));
#1500 = CARTESIAN_POINT('',(-2.685625189791,-17.29316805366,
    -486.3735877587));
#1501 = CARTESIAN_POINT('',(-2.569492826915,-17.31126282594,
    -486.5898068996));
#1502 = CARTESIAN_POINT('',(-2.430841981524,-17.33181445792,
    -486.7992239878));
#1503 = CARTESIAN_POINT('',(-2.268780241269,-17.35425323043,
    -486.9996987053));
#1504 = CARTESIAN_POINT('',(-2.082395423939,-17.37778307099,
    -487.1884949079));
#1505 = CARTESIAN_POINT('',(-1.87091174255,-17.40133183516,
    -487.3621055866));
#1506 = CARTESIAN_POINT('',(-1.336760394118,-17.45142258637,
    -487.7089875282));
#1507 = CARTESIAN_POINT('',(-0.98738149146,-17.47834313468,
    -487.8788538405));
#1508 = CARTESIAN_POINT('',(-0.596185349653,-17.49978560812,
    -488.0012500533));
#1509 = CARTESIAN_POINT('',(-0.179077894705,-17.51100937794,
    -488.0609453687));
#1510 = CARTESIAN_POINT('',(0.244160827847,-17.50900554488,
    -488.0514718857));
#1511 = CARTESIAN_POINT('',(0.653305995863,-17.49499254989,
    -487.9748654805));
#1512 = CARTESIAN_POINT('',(1.030313766952,-17.47281089887,
    -487.8420076276));
#1513 = CARTESIAN_POINT('',(1.790355664933,-17.41347920159,
    -487.4547469379));
#1514 = CARTESIAN_POINT('',(2.150044747238,-17.3733054146,
    -487.1726456498));
#1515 = CARTESIAN_POINT('',(2.441334578542,-17.33307849109,
    -486.8497441967));
#1516 = CARTESIAN_POINT('',(2.668262170306,-17.29765480044,
    -486.5005403807));
#1517 = CARTESIAN_POINT('',(2.834921823754,-17.2696601547,
    -486.1351391516));
#1518 = CARTESIAN_POINT('',(2.944835402853,-17.25053933562,
    -485.7602413317));
#1519 = CARTESIAN_POINT('',(3.,-17.24093964956,-485.3805384742));
#1520 = CARTESIAN_POINT('',(3.,-17.24093964956,-485.));
#1521 = PCURVE('',#32,#1522);
#1522 = DEFINITIONAL_REPRESENTATION('',(#1523),#1582);
#1523 = B_SPLINE_CURVE_WITH_KNOTS('',8,(#1524,#1525,#1526,#1527,#1528,
    #1529,#1530,#1531,#1532,#1533,#1534,#1535,#1536,#1537,#1538,#1539,
    #1540,#1541,#1542,#1543,#1544,#1545,#1546,#1547,#1548,#1549,#1550,
    #1551,#1552,#1553,#1554,#1555,#1556,#1557,#1558,#1559,#1560,#1561,
    #1562,#1563,#1564,#1565,#1566,#1567,#1568,#1569,#1570,#1571,#1572,
    #1573,#1574,#1575,#1576,#1577,#1578,#1579,#1580,#1581),
  .UNSPECIFIED.,.T.,.F.,(9,7,7,7,7,7,7,7,9),(0.,0.10650375243,
    0.210319993514,0.310274061004,0.430991635002,0.556158729895,
    0.670746050184,0.814421837829,1.),.UNSPECIFIED.);
#1524 = CARTESIAN_POINT('',(-4.884668504113,-445.));
#1525 = CARTESIAN_POINT('',(-4.884668504113,-445.2356330662));
#1526 = CARTESIAN_POINT('',(-4.883441683375,-445.4712520748));
#1527 = CARTESIAN_POINT('',(-4.880988289777,-445.7046407557));
#1528 = CARTESIAN_POINT('',(-4.877326213907,-445.9336011526));
#1529 = CARTESIAN_POINT('',(-4.872490283042,-446.1559777742));
#1530 = CARTESIAN_POINT('',(-4.86653152819,-446.3696875152));
#1531 = CARTESIAN_POINT('',(-4.859516424178,-446.5727553435));
#1532 = CARTESIAN_POINT('',(-4.843737408852,-446.9491465671));
#1533 = CARTESIAN_POINT('',(-4.83479307155,-447.1285548803));
#1534 = CARTESIAN_POINT('',(-4.824666914371,-447.2988120911));
#1535 = CARTESIAN_POINT('',(-4.81335107502,-447.4569097513));
#1536 = CARTESIAN_POINT('',(-4.800856971437,-447.5995868742));
#1537 = CARTESIAN_POINT('',(-4.787217308019,-447.7232971124));
#1538 = CARTESIAN_POINT('',(-4.772490954508,-447.8241446277));
#1539 = CARTESIAN_POINT('',(-4.741638862523,-447.9686710393));
#1540 = CARTESIAN_POINT('',(-4.725762232991,-448.0135097902));
#1541 = CARTESIAN_POINT('',(-4.709476319687,-448.0284437219));
#1542 = CARTESIAN_POINT('',(-4.693147800766,-448.0118601724));
#1543 = CARTESIAN_POINT('',(-4.67714989188,-447.9643004782));
#1544 = CARTESIAN_POINT('',(-4.661838954689,-447.88842536));
#1545 = CARTESIAN_POINT('',(-4.647532043334,-447.7890187254));
#1546 = CARTESIAN_POINT('',(-4.618723837628,-447.5329238598));
#1547 = CARTESIAN_POINT('',(-4.604551325558,-447.3664188766));
#1548 = CARTESIAN_POINT('',(-4.591974601641,-447.1795751594));
#1549 = CARTESIAN_POINT('',(-4.58096623012,-446.9771352152));
#1550 = CARTESIAN_POINT('',(-4.571480404671,-446.7628328504));
#1551 = CARTESIAN_POINT('',(-4.563465042212,-446.5396126405));
#1552 = CARTESIAN_POINT('',(-4.556870252873,-446.3097789423));
#1553 = CARTESIAN_POINT('',(-4.546248365044,-445.8317788815));
#1554 = CARTESIAN_POINT('',(-4.54232000757,-445.5830298431));
#1555 = CARTESIAN_POINT('',(-4.539830832357,-445.330847608));
#1556 = CARTESIAN_POINT('',(-4.538756268689,-445.0768779472));
#1557 = CARTESIAN_POINT('',(-4.539086121864,-444.8225883702));
#1558 = CARTESIAN_POINT('',(-4.540824561137,-444.5694183461));
#1559 = CARTESIAN_POINT('',(-4.543990679084,-444.3189265794));
#1560 = CARTESIAN_POINT('',(-4.552857340424,-443.8477627587));
#1561 = CARTESIAN_POINT('',(-4.558320053758,-443.6264122412));
#1562 = CARTESIAN_POINT('',(-4.565036084857,-443.4101931003));
#1563 = CARTESIAN_POINT('',(-4.573045087395,-443.2007760121));
#1564 = CARTESIAN_POINT('',(-4.582393088761,-443.0003012946));
#1565 = CARTESIAN_POINT('',(-4.593126505759,-442.811505092));
#1566 = CARTESIAN_POINT('',(-4.605284135272,-442.6378944133));
#1567 = CARTESIAN_POINT('',(-4.635940985031,-442.2910124717));
#1568 = CARTESIAN_POINT('',(-4.65596185883,-442.1211461594));
#1569 = CARTESIAN_POINT('',(-4.678340548154,-441.9987499466));
#1570 = CARTESIAN_POINT('',(-4.702163829801,-441.9390546312));
#1571 = CARTESIAN_POINT('',(-4.726326690134,-441.9485281142));
#1572 = CARTESIAN_POINT('',(-4.749708628115,-442.0251345195));
#1573 = CARTESIAN_POINT('',(-4.771285176318,-442.1579923723));
#1574 = CARTESIAN_POINT('',(-4.814848273863,-442.545253062));
#1575 = CARTESIAN_POINT('',(-4.835518241132,-442.8273543501));
#1576 = CARTESIAN_POINT('',(-4.852314447486,-443.1502558032));
#1577 = CARTESIAN_POINT('',(-4.865437279662,-443.4994596192));
#1578 = CARTESIAN_POINT('',(-4.875093689532,-443.8648608483));
#1579 = CARTESIAN_POINT('',(-4.881468883812,-444.2397586682));
#1580 = CARTESIAN_POINT('',(-4.884668504113,-444.6194615257));
#1581 = CARTESIAN_POINT('',(-4.884668504113,-445.));
#1582 = ( GEOMETRIC_REPRESENTATION_CONTEXT(2) 
PARAMETRIC_REPRESENTATION_CONTEXT() REPRESENTATION_CONTEXT('2D SPACE',''
  ) );
#1583 = PCURVE('',#819,#1584);
#1584 = DEFINITIONAL_REPRESENTATION('',(#1585),#1644);
#1585 = B_SPLINE_CURVE_WITH_KNOTS('',8,(#1586,#1587,#1588,#1589,#1590,
    #1591,#1592,#1593,#1594,#1595,#1596,#1597,#1598,#1599,#1600,#1601,
    #1602,#1603,#1604,#1605,#1606,#1607,#1608,#1609,#1610,#1611,#1612,
    #1613,#1614,#1615,#1616,#1617,#1618,#1619,#1620,#1621,#1622,#1623,
    #1624,#1625,#1626,#1627,#1628,#1629,#1630,#1631,#1632,#1633,#1634,
    #1635,#1636,#1637,#1638,#1639,#1640,#1641,#1642,#1643),
  .UNSPECIFIED.,.F.,.F.,(9,7,7,7,7,7,7,7,9),(0.,0.10650375243,
    0.210319993514,0.310274061004,0.430991635002,0.556158729895,
    0.670746050184,0.814421837829,1.),.UNSPECIFIED.);
#1586 = CARTESIAN_POINT('',(0.,-57.24093964956));
#1587 = CARTESIAN_POINT('',(-7.854435540216E-02,-57.24093964956));
#1588 = CARTESIAN_POINT('',(-0.157083907211,-57.24461991423));
#1589 = CARTESIAN_POINT('',(-0.235618813678,-57.25198058929));
#1590 = CARTESIAN_POINT('',(-0.314153491467,-57.26282126069));
#1591 = CARTESIAN_POINT('',(-0.392693020895,-57.27674750473));
#1592 = CARTESIAN_POINT('',(-0.47123928488,-57.29319735927));
#1593 = CARTESIAN_POINT('',(-0.549786841579,-57.31148771591));
#1594 = CARTESIAN_POINT('',(-0.704868554416,-57.34978419057));
#1595 = CARTESIAN_POINT('',(-0.783654351435,-57.37029095051));
#1596 = CARTESIAN_POINT('',(-0.86471715991,-57.39183904646));
#1597 = CARTESIAN_POINT('',(-0.948137600605,-57.41366668663));
#1598 = CARTESIAN_POINT('',(-1.034049391128,-57.43482224046));
#1599 = CARTESIAN_POINT('',(-1.122640243306,-57.45419058143));
#1600 = CARTESIAN_POINT('',(-1.214165108924,-57.47056152606));
#1601 = CARTESIAN_POINT('',(-1.400300833687,-57.49451685302));
#1602 = CARTESIAN_POINT('',(-1.493604278562,-57.50226772842));
#1603 = CARTESIAN_POINT('',(-1.587839305937,-57.50497310445));
#1604 = CARTESIAN_POINT('',(-1.682135709047,-57.50205896466));
#1605 = CARTESIAN_POINT('',(-1.775681109864,-57.493697351));
#1606 = CARTESIAN_POINT('',(-1.867607854265,-57.4807825018));
#1607 = CARTESIAN_POINT('',(-1.956865195244,-57.46469253935));
#1608 = CARTESIAN_POINT('',(-2.144897665629,-57.42545658424));
#1609 = CARTESIAN_POINT('',(-2.243419080489,-57.40120172306));
#1610 = CARTESIAN_POINT('',(-2.338301024206,-57.37592254834));
#1611 = CARTESIAN_POINT('',(-2.430074747935,-57.35109727024));
#1612 = CARTESIAN_POINT('',(-2.519209636623,-57.32784429636));
#1613 = CARTESIAN_POINT('',(-2.606141723841,-57.30696623946));
#1614 = CARTESIAN_POINT('',(-2.691283160085,-57.28903299193));
#1615 = CARTESIAN_POINT('',(-2.861952284121,-57.25928383222));
#1616 = CARTESIAN_POINT('',(-2.947456468804,-57.2477043602));
#1617 = CARTESIAN_POINT('',(-3.032057518449,-57.24013146921));
#1618 = CARTESIAN_POINT('',(-3.116167456969,-57.23681330723));
#1619 = CARTESIAN_POINT('',(-3.200184417289,-57.23784439187));
#1620 = CARTESIAN_POINT('',(-3.284505613401,-57.24318210813));
#1621 = CARTESIAN_POINT('',(-3.369539880612,-57.25263836268));
#1622 = CARTESIAN_POINT('',(-3.534676866901,-57.27793645081));
#1623 = CARTESIAN_POINT('',(-3.614570359019,-57.29316805366));
#1624 = CARTESIAN_POINT('',(-3.6958279002,-57.31126282594));
#1625 = CARTESIAN_POINT('',(-3.778822855971,-57.33181445792));
#1626 = CARTESIAN_POINT('',(-3.863942210276,-57.35425323043));
#1627 = CARTESIAN_POINT('',(-3.951595534741,-57.37778307099));
#1628 = CARTESIAN_POINT('',(-4.04223575844,-57.40133183516));
#1629 = CARTESIAN_POINT('',(-4.25453657867,-57.45142258637));
#1630 = CARTESIAN_POINT('',(-4.383047802298,-57.47834313468));
#1631 = CARTESIAN_POINT('',(-4.517132151169,-57.49978560812));
#1632 = CARTESIAN_POINT('',(-4.653991029835,-57.51100937794));
#1633 = CARTESIAN_POINT('',(-4.791459910909,-57.50900554488));
#1634 = CARTESIAN_POINT('',(-4.927473051628,-57.49499254989));
#1635 = CARTESIAN_POINT('',(-5.059551820144,-57.47281089887));
#1636 = CARTESIAN_POINT('',(-5.343890141413,-57.41347920159));
#1637 = CARTESIAN_POINT('',(-5.493410356646,-57.3733054146));
#1638 = CARTESIAN_POINT('',(-5.635052392607,-57.33307849109));
#1639 = CARTESIAN_POINT('',(-5.770611359641,-57.29765480044));
#1640 = CARTESIAN_POINT('',(-5.901700019949,-57.2696601547));
#1641 = CARTESIAN_POINT('',(-6.029770580338,-57.25053933562));
#1642 = CARTESIAN_POINT('',(-6.156339149106,-57.24093964956));
#1643 = CARTESIAN_POINT('',(-6.28318530718,-57.24093964956));
#1644 = ( GEOMETRIC_REPRESENTATION_CONTEXT(2) 
PARAMETRIC_REPRESENTATION_CONTEXT() REPRESENTATION_CONTEXT('2D SPACE',''
  ) );
#1645 = FACE_BOUND('',#1646,.F.);
#1646 = EDGE_LOOP('',(#1647));
#1647 = ORIENTED_EDGE('',*,*,#1648,.F.);
#1648 = EDGE_CURVE('',#1649,#1649,#1651,.T.);
#1649 = VERTEX_POINT('',#1650);
#1650 = CARTESIAN_POINT('',(3.,17.240939649567,-582.5));
#1651 = SURFACE_CURVE('',#1652,(#1711,#1773),.PCURVE_S1.);
#1652 = B_SPLINE_CURVE_WITH_KNOTS('',8,(#1653,#1654,#1655,#1656,#1657,
    #1658,#1659,#1660,#1661,#1662,#1663,#1664,#1665,#1666,#1667,#1668,
    #1669,#1670,#1671,#1672,#1673,#1674,#1675,#1676,#1677,#1678,#1679,
    #1680,#1681,#1682,#1683,#1684,#1685,#1686,#1687,#1688,#1689,#1690,
    #1691,#1692,#1693,#1694,#1695,#1696,#1697,#1698,#1699,#1700,#1701,
    #1702,#1703,#1704,#1705,#1706,#1707,#1708,#1709,#1710),
  .UNSPECIFIED.,.T.,.F.,(9,7,7,7,7,7,7,7,9),(0.,0.121224599578,
    0.229926238728,0.322774128282,0.434977808574,0.559268048114,
    0.673052629431,0.815721900094,1.),.UNSPECIFIED.);
#1653 = CARTESIAN_POINT('',(3.,17.240939649567,-582.5));
#1654 = CARTESIAN_POINT('',(3.,17.240939649567,-582.2529709205));
#1655 = CARTESIAN_POINT('',(2.976753408988,17.24498464769,
    -582.0061366763));
#1656 = CARTESIAN_POINT('',(2.930321951404,17.253063974766,
    -581.7607385751));
#1657 = CARTESIAN_POINT('',(2.860421569016,17.265046037932,
    -581.5180990948));
#1658 = CARTESIAN_POINT('',(2.76647582401,17.280672056685,
    -581.2797437725));
#1659 = CARTESIAN_POINT('',(2.647669473126,17.299518005615,
    -581.0475471117));
#1660 = CARTESIAN_POINT('',(2.503014123932,17.320937926171,
    -580.8239178372));
#1661 = CARTESIAN_POINT('',(2.177586120419,17.364683031026,
    -580.422047721));
#1662 = CARTESIAN_POINT('',(2.000299991447,17.386926461969,
    -580.2392964041));
#1663 = CARTESIAN_POINT('',(1.799197928473,17.40994468833,
    -580.0680410217));
#1664 = CARTESIAN_POINT('',(1.574562000249,17.432666300697,
    -579.9125897014));
#1665 = CARTESIAN_POINT('',(1.327312262847,17.453792047466,
    -579.777292398));
#1666 = CARTESIAN_POINT('',(1.059016002166,17.471897357514,
    -579.666552428));
#1667 = CARTESIAN_POINT('',(0.7719586801,17.485586805745,-579.5848708661
    ));
#1668 = CARTESIAN_POINT('',(0.210789312975,17.500641288037,
    -579.4959903699));
#1669 = CARTESIAN_POINT('',(-5.35852501145E-02,17.503364326003,
    -579.4805401552));
#1670 = CARTESIAN_POINT('',(-0.319074402733,17.501409727671,
    -579.4919733157));
#1671 = CARTESIAN_POINT('',(-0.580735057942,17.494734210614,
    -579.5302265541));
#1672 = CARTESIAN_POINT('',(-0.833735489603,17.48381108523,
    -579.5938445236));
#1673 = CARTESIAN_POINT('',(-1.073645935742,17.469545937092,
    -579.6800092457));
#1674 = CARTESIAN_POINT('',(-1.296698049719,17.453086023958,
    -579.7845473529));
#1675 = CARTESIAN_POINT('',(-1.74568385067,17.414459371325,
    -580.0437694259));
#1676 = CARTESIAN_POINT('',(-1.966604566036,17.391467504883,
    -580.2067198363));
#1677 = CARTESIAN_POINT('',(-2.162921212298,17.367993865324,
    -580.3861128227));
#1678 = CARTESIAN_POINT('',(-2.335239531951,17.345169579042,
    -580.5782776583));
#1679 = CARTESIAN_POINT('',(-2.484371543252,17.323855490937,
    -580.7803078729));
#1680 = CARTESIAN_POINT('',(-2.611171193986,17.304680155779,
    -580.989898885));
#1681 = CARTESIAN_POINT('',(-2.716420585067,17.288098683301,
    -581.2052332323));
#1682 = CARTESIAN_POINT('',(-2.894144983193,17.259283832224,
    -581.6682211184));
#1683 = CARTESIAN_POINT('',(-2.961911513935,17.247704360209,
    -581.9169701568));
#1684 = CARTESIAN_POINT('',(-3.004808905293,17.240131469216,
    -582.1691523919));
#1685 = CARTESIAN_POINT('',(-3.023318188238,17.236813307238,
    -582.4231220527));
#1686 = CARTESIAN_POINT('',(-3.017638943512,17.237844391875,
    -582.6774116297));
#1687 = CARTESIAN_POINT('',(-2.98768832263,17.243182108137,
    -582.9305816538));
#1688 = CARTESIAN_POINT('',(-2.933092503783,17.252638362683,
    -583.1810734205));
#1689 = CARTESIAN_POINT('',(-2.780002098293,17.277936450818,
    -583.6522372412));
#1690 = CARTESIAN_POINT('',(-2.685625189791,17.293168053667,
    -583.8735877587));
#1691 = CARTESIAN_POINT('',(-2.569492826915,17.311262825941,
    -584.0898068996));
#1692 = CARTESIAN_POINT('',(-2.430841981524,17.331814457927,
    -584.2992239878));
#1693 = CARTESIAN_POINT('',(-2.268780241269,17.354253230438,
    -584.4996987053));
#1694 = CARTESIAN_POINT('',(-2.082395423939,17.377783070993,
    -584.6884949079));
#1695 = CARTESIAN_POINT('',(-1.87091174255,17.401331835167,
    -584.8621055866));
#1696 = CARTESIAN_POINT('',(-1.336760392841,17.451422586496,
    -585.2089875291));
#1697 = CARTESIAN_POINT('',(-0.987381497981,17.478343134318,
    -585.378853838));
#1698 = CARTESIAN_POINT('',(-0.59618533465,17.499785608575,
    -585.5012500564));
#1699 = CARTESIAN_POINT('',(-0.179077914178,17.5110093778,
    -585.5609453676));
#1700 = CARTESIAN_POINT('',(0.244160842809,17.509005544669,
    -585.5514718844));
#1701 = CARTESIAN_POINT('',(0.653305989364,17.49499255016,
    -585.4748654821));
#1702 = CARTESIAN_POINT('',(1.030313768232,17.47281089877,-585.342007627
    ));
#1703 = CARTESIAN_POINT('',(1.790355664931,17.413479201596,
    -584.9547469379));
#1704 = CARTESIAN_POINT('',(2.150044747243,17.373305414606,
    -584.6726456498));
#1705 = CARTESIAN_POINT('',(2.441334578534,17.333078491095,
    -584.3497441967));
#1706 = CARTESIAN_POINT('',(2.668262170313,17.29765480044,
    -584.0005403807));
#1707 = CARTESIAN_POINT('',(2.834921823751,17.269660154704,
    -583.6351391516));
#1708 = CARTESIAN_POINT('',(2.944835402853,17.250539335629,
    -583.2602413317));
#1709 = CARTESIAN_POINT('',(3.,17.240939649567,-582.8805384742));
#1710 = CARTESIAN_POINT('',(3.,17.240939649567,-582.5));
#1711 = PCURVE('',#32,#1712);
#1712 = DEFINITIONAL_REPRESENTATION('',(#1713),#1772);
#1713 = B_SPLINE_CURVE_WITH_KNOTS('',8,(#1714,#1715,#1716,#1717,#1718,
    #1719,#1720,#1721,#1722,#1723,#1724,#1725,#1726,#1727,#1728,#1729,
    #1730,#1731,#1732,#1733,#1734,#1735,#1736,#1737,#1738,#1739,#1740,
    #1741,#1742,#1743,#1744,#1745,#1746,#1747,#1748,#1749,#1750,#1751,
    #1752,#1753,#1754,#1755,#1756,#1757,#1758,#1759,#1760,#1761,#1762,
    #1763,#1764,#1765,#1766,#1767,#1768,#1769,#1770,#1771),
  .UNSPECIFIED.,.T.,.F.,(9,7,7,7,7,7,7,7,9),(0.,0.121224599578,
    0.229926238728,0.322774128282,0.434977808574,0.559268048114,
    0.673052629431,0.815721900094,1.),.UNSPECIFIED.);
#1714 = CARTESIAN_POINT('',(-1.398516803067,-347.5));
#1715 = CARTESIAN_POINT('',(-1.398516803067,-347.7470290794));
#1716 = CARTESIAN_POINT('',(-1.399865138926,-347.9938633236));
#1717 = CARTESIAN_POINT('',(-1.402558235578,-348.2392614248));
#1718 = CARTESIAN_POINT('',(-1.406610783111,-348.4819009051));
#1719 = CARTESIAN_POINT('',(-1.412052719853,-348.7202562274));
#1720 = CARTESIAN_POINT('',(-1.418926080726,-348.9524528882));
#1721 = CARTESIAN_POINT('',(-1.427281483271,-349.1760821627));
#1722 = CARTESIAN_POINT('',(-1.446044627315,-349.5779522789));
#1723 = CARTESIAN_POINT('',(-1.456254294624,-349.7607035958));
#1724 = CARTESIAN_POINT('',(-1.467819694474,-349.9319589782));
#1725 = CARTESIAN_POINT('',(-1.480719136979,-350.0874102985));
#1726 = CARTESIAN_POINT('',(-1.494895270257,-350.2227076019));
#1727 = CARTESIAN_POINT('',(-1.510256611565,-350.3334475719));
#1728 = CARTESIAN_POINT('',(-1.526674964582,-350.4151291338));
#1729 = CARTESIAN_POINT('',(-1.558753322524,-350.50400963));
#1730 = CARTESIAN_POINT('',(-1.573859186362,-350.5194598447));
#1731 = CARTESIAN_POINT('',(-1.589026435567,-350.5080266842));
#1732 = CARTESIAN_POINT('',(-1.603978576512,-350.4697734458));
#1733 = CARTESIAN_POINT('',(-1.618445181432,-350.4061554763));
#1734 = CARTESIAN_POINT('',(-1.632176209733,-350.3199907542));
#1735 = CARTESIAN_POINT('',(-1.644955750771,-350.215452647));
#1736 = CARTESIAN_POINT('',(-1.670706852526,-349.956230574));
#1737 = CARTESIAN_POINT('',(-1.683397044926,-349.7932801636));
#1738 = CARTESIAN_POINT('',(-1.694693099839,-349.6138871772));
#1739 = CARTESIAN_POINT('',(-1.704624624075,-349.4217223416));
#1740 = CARTESIAN_POINT('',(-1.713232444068,-349.219692127));
#1741 = CARTESIAN_POINT('',(-1.72056027529,-349.0101011149));
#1742 = CARTESIAN_POINT('',(-1.726648647645,-348.7947667676));
#1743 = CARTESIAN_POINT('',(-1.736936942136,-348.3317788815));
#1744 = CARTESIAN_POINT('',(-1.74086529961,-348.0830298431));
#1745 = CARTESIAN_POINT('',(-1.743354474823,-347.830847608));
#1746 = CARTESIAN_POINT('',(-1.744429038491,-347.5768779472));
#1747 = CARTESIAN_POINT('',(-1.744099185315,-347.3225883702));
#1748 = CARTESIAN_POINT('',(-1.742360746042,-347.0694183461));
#1749 = CARTESIAN_POINT('',(-1.739194628096,-346.8189265794));
#1750 = CARTESIAN_POINT('',(-1.730327966756,-346.3477627587));
#1751 = CARTESIAN_POINT('',(-1.724865253422,-346.1264122412));
#1752 = CARTESIAN_POINT('',(-1.718149222323,-345.9101931003));
#1753 = CARTESIAN_POINT('',(-1.710140219784,-345.7007760121));
#1754 = CARTESIAN_POINT('',(-1.700792218419,-345.5003012946));
#1755 = CARTESIAN_POINT('',(-1.690058801421,-345.311505092));
#1756 = CARTESIAN_POINT('',(-1.677901171908,-345.1378944133));
#1757 = CARTESIAN_POINT('',(-1.647244322075,-344.7910124708));
#1758 = CARTESIAN_POINT('',(-1.627223448723,-344.6211461619));
#1759 = CARTESIAN_POINT('',(-1.604844758165,-344.4987499435));
#1760 = CARTESIAN_POINT('',(-1.581021478494,-344.4390546323));
#1761 = CARTESIAN_POINT('',(-1.556858616188,-344.4485281155));
#1762 = CARTESIAN_POINT('',(-1.533476679437,-344.5251345178));
#1763 = CARTESIAN_POINT('',(-1.511900130788,-344.6579923729));
#1764 = CARTESIAN_POINT('',(-1.468337033317,-345.045253062));
#1765 = CARTESIAN_POINT('',(-1.447667066047,-345.3273543501));
#1766 = CARTESIAN_POINT('',(-1.430870859694,-345.6502558032));
#1767 = CARTESIAN_POINT('',(-1.417748027517,-345.9994596192));
#1768 = CARTESIAN_POINT('',(-1.408091617648,-346.3648608483));
#1769 = CARTESIAN_POINT('',(-1.401716423368,-346.7397586682));
#1770 = CARTESIAN_POINT('',(-1.398516803067,-347.1194615257));
#1771 = CARTESIAN_POINT('',(-1.398516803067,-347.5));
#1772 = ( GEOMETRIC_REPRESENTATION_CONTEXT(2) 
PARAMETRIC_REPRESENTATION_CONTEXT() REPRESENTATION_CONTEXT('2D SPACE',''
  ) );
#1773 = PCURVE('',#1774,#1779);
#1774 = CYLINDRICAL_SURFACE('',#1775,3.);
#1775 = AXIS2_PLACEMENT_3D('',#1776,#1777,#1778);
#1776 = CARTESIAN_POINT('',(0.,40.,-582.5));
#1777 = DIRECTION('',(0.,1.,-2.22044604925E-16));
#1778 = DIRECTION('',(1.,0.,0.));
#1779 = DEFINITIONAL_REPRESENTATION('',(#1780),#1839);
#1780 = B_SPLINE_CURVE_WITH_KNOTS('',8,(#1781,#1782,#1783,#1784,#1785,
    #1786,#1787,#1788,#1789,#1790,#1791,#1792,#1793,#1794,#1795,#1796,
    #1797,#1798,#1799,#1800,#1801,#1802,#1803,#1804,#1805,#1806,#1807,
    #1808,#1809,#1810,#1811,#1812,#1813,#1814,#1815,#1816,#1817,#1818,
    #1819,#1820,#1821,#1822,#1823,#1824,#1825,#1826,#1827,#1828,#1829,
    #1830,#1831,#1832,#1833,#1834,#1835,#1836,#1837,#1838),
  .UNSPECIFIED.,.F.,.F.,(9,7,7,7,7,7,7,7,9),(0.,0.121224599578,
    0.229926238728,0.322774128282,0.434977808574,0.559268048114,
    0.673052629431,0.815721900094,1.),.UNSPECIFIED.);
#1781 = CARTESIAN_POINT('',(0.,-22.75906035043));
#1782 = CARTESIAN_POINT('',(-8.234302648806E-02,-22.75906035043));
#1783 = CARTESIAN_POINT('',(-0.164621016356,-22.75501535231));
#1784 = CARTESIAN_POINT('',(-0.24727147356,-22.74693602523));
#1785 = CARTESIAN_POINT('',(-0.330697626091,-22.73495396206));
#1786 = CARTESIAN_POINT('',(-0.415307465163,-22.71932794331));
#1787 = CARTESIAN_POINT('',(-0.501523515652,-22.70048199438));
#1788 = CARTESIAN_POINT('',(-0.589799293812,-22.67906207382));
#1789 = CARTESIAN_POINT('',(-0.762169365899,-22.63531696897));
#1790 = CARTESIAN_POINT('',(-0.8467006346,-22.61307353803));
#1791 = CARTESIAN_POINT('',(-0.934075133059,-22.59005531167));
#1792 = CARTESIAN_POINT('',(-1.024198885237,-22.5673336993));
#1793 = CARTESIAN_POINT('',(-1.117078112355,-22.54620795253));
#1794 = CARTESIAN_POINT('',(-1.212806937941,-22.52810264248));
#1795 = CARTESIAN_POINT('',(-1.311574053723,-22.51441319425));
#1796 = CARTESIAN_POINT('',(-1.500962191681,-22.49935871196));
#1797 = CARTESIAN_POINT('',(-1.588807599344,-22.49663567399));
#1798 = CARTESIAN_POINT('',(-1.676630715961,-22.49859027232));
#1799 = CARTESIAN_POINT('',(-1.76387602789,-22.50526578938));
#1800 = CARTESIAN_POINT('',(-1.849984909081,-22.51618891477));
#1801 = CARTESIAN_POINT('',(-1.934331398835,-22.5304540629));
#1802 = CARTESIAN_POINT('',(-2.016144145245,-22.54691397604));
#1803 = CARTESIAN_POINT('',(-2.188958860606,-22.58554062867));
#1804 = CARTESIAN_POINT('',(-2.279891713219,-22.60853249511));
#1805 = CARTESIAN_POINT('',(-2.367750192095,-22.63200613467));
#1806 = CARTESIAN_POINT('',(-2.452973331312,-22.65483042095));
#1807 = CARTESIAN_POINT('',(-2.535954005315,-22.67614450906));
#1808 = CARTESIAN_POINT('',(-2.617060072176,-22.69531984422));
#1809 = CARTESIAN_POINT('',(-2.696643232023,-22.71190131669));
#1810 = CARTESIAN_POINT('',(-2.861952284121,-22.74071616777));
#1811 = CARTESIAN_POINT('',(-2.947456468804,-22.75229563979));
#1812 = CARTESIAN_POINT('',(-3.032057518449,-22.75986853078));
#1813 = CARTESIAN_POINT('',(-3.116167456969,-22.76318669276));
#1814 = CARTESIAN_POINT('',(-3.200184417289,-22.76215560812));
#1815 = CARTESIAN_POINT('',(-3.284505613401,-22.75681789186));
#1816 = CARTESIAN_POINT('',(-3.369539880612,-22.74736163731));
#1817 = CARTESIAN_POINT('',(-3.534676866901,-22.72206354918));
#1818 = CARTESIAN_POINT('',(-3.614570359019,-22.70683194633));
#1819 = CARTESIAN_POINT('',(-3.6958279002,-22.68873717405));
#1820 = CARTESIAN_POINT('',(-3.778822855971,-22.66818554207));
#1821 = CARTESIAN_POINT('',(-3.863942210277,-22.64574676956));
#1822 = CARTESIAN_POINT('',(-3.951595534741,-22.622216929));
#1823 = CARTESIAN_POINT('',(-4.04223575844,-22.59866816483));
#1824 = CARTESIAN_POINT('',(-4.254536579177,-22.5485774135));
#1825 = CARTESIAN_POINT('',(-4.383047799818,-22.52165686568));
#1826 = CARTESIAN_POINT('',(-4.517132156742,-22.50021439142));
#1827 = CARTESIAN_POINT('',(-4.653991022689,-22.4889906222));
#1828 = CARTESIAN_POINT('',(-4.791459916382,-22.49099445533));
#1829 = CARTESIAN_POINT('',(-4.927473049238,-22.50500744984));
#1830 = CARTESIAN_POINT('',(-5.059551820623,-22.52718910122));
#1831 = CARTESIAN_POINT('',(-5.343890141412,-22.5865207984));
#1832 = CARTESIAN_POINT('',(-5.493410356648,-22.62669458539));
#1833 = CARTESIAN_POINT('',(-5.635052392605,-22.6669215089));
#1834 = CARTESIAN_POINT('',(-5.770611359642,-22.70234519955));
#1835 = CARTESIAN_POINT('',(-5.90170001995,-22.73033984529));
#1836 = CARTESIAN_POINT('',(-6.029770580336,-22.74946066437));
#1837 = CARTESIAN_POINT('',(-6.156339149107,-22.75906035043));
#1838 = CARTESIAN_POINT('',(-6.28318530718,-22.75906035043));
#1839 = ( GEOMETRIC_REPRESENTATION_CONTEXT(2) 
PARAMETRIC_REPRESENTATION_CONTEXT() REPRESENTATION_CONTEXT('2D SPACE',''
  ) );
#1840 = FACE_BOUND('',#1841,.F.);
#1841 = EDGE_LOOP('',(#1842));
#1842 = ORIENTED_EDGE('',*,*,#1843,.F.);
#1843 = EDGE_CURVE('',#1844,#1844,#1846,.T.);
#1844 = VERTEX_POINT('',#1845);
#1845 = CARTESIAN_POINT('',(4.,17.036725037401,-900.));
#1846 = SURFACE_CURVE('',#1847,(#1906,#1968),.PCURVE_S1.);
#1847 = B_SPLINE_CURVE_WITH_KNOTS('',8,(#1848,#1849,#1850,#1851,#1852,
    #1853,#1854,#1855,#1856,#1857,#1858,#1859,#1860,#1861,#1862,#1863,
    #1864,#1865,#1866,#1867,#1868,#1869,#1870,#1871,#1872,#1873,#1874,
    #1875,#1876,#1877,#1878,#1879,#1880,#1881,#1882,#1883,#1884,#1885,
    #1886,#1887,#1888,#1889,#1890,#1891,#1892,#1893,#1894,#1895,#1896,
    #1897,#1898,#1899,#1900,#1901,#1902,#1903,#1904,#1905),
  .UNSPECIFIED.,.T.,.F.,(9,7,7,7,7,7,7,7,9),(0.,0.174590696915,0.25,
    0.325409303085,0.5,0.674590696915,0.75,0.825409303085,1.),
  .UNSPECIFIED.);
#1848 = CARTESIAN_POINT('',(4.,17.036725037401,-900.));
#1849 = CARTESIAN_POINT('',(4.,17.036725037401,-899.5232851665));
#1850 = CARTESIAN_POINT('',(3.935068756165,17.051970662592,
    -899.0485376787));
#1851 = CARTESIAN_POINT('',(3.806148512567,17.082235778229,
    -898.5797563387));
#1852 = CARTESIAN_POINT('',(3.611307781234,17.126530754601,
    -898.1215214579));
#1853 = CARTESIAN_POINT('',(3.346840397015,17.182856771665,
    -897.6806230653));
#1854 = CARTESIAN_POINT('',(3.007978758881,17.247657746133,
    -897.2671106497));
#1855 = CARTESIAN_POINT('',(2.589775960922,17.314631282105,
    -896.8957059635));
#1856 = CARTESIAN_POINT('',(1.874128290557,17.400715948419,
    -896.457156507));
#1857 = CARTESIAN_POINT('',(1.641139580625,17.42563249746,
    -896.3358591644));
#1858 = CARTESIAN_POINT('',(1.392613596932,17.448464126746,
    -896.2291504151));
#1859 = CARTESIAN_POINT('',(1.130592637212,17.468160947829,
    -896.1400527992));
#1860 = CARTESIAN_POINT('',(0.857502073775,17.483768781679,
    -896.0710123184));
#1861 = CARTESIAN_POINT('',(0.576066364674,17.494537306163,
    -896.0238990446));
#1862 = CARTESIAN_POINT('',(0.289217681006,17.5,-896.));
#1863 = CARTESIAN_POINT('',(-0.289217681005,17.5,-896.));
#1864 = CARTESIAN_POINT('',(-0.576066364674,17.494537306163,
    -896.0238990446));
#1865 = CARTESIAN_POINT('',(-0.857502073775,17.483768781679,
    -896.0710123184));
#1866 = CARTESIAN_POINT('',(-1.130592637213,17.468160947829,
    -896.1400527992));
#1867 = CARTESIAN_POINT('',(-1.392613596932,17.448464126746,
    -896.2291504151));
#1868 = CARTESIAN_POINT('',(-1.641139580623,17.42563249746,
    -896.3358591644));
#1869 = CARTESIAN_POINT('',(-1.874128290558,17.400715948419,
    -896.457156507));
#1870 = CARTESIAN_POINT('',(-2.589775960922,17.314631282105,
    -896.8957059635));
#1871 = CARTESIAN_POINT('',(-3.00797875888,17.247657746133,
    -897.2671106497));
#1872 = CARTESIAN_POINT('',(-3.346840397017,17.182856771665,
    -897.6806230653));
#1873 = CARTESIAN_POINT('',(-3.611307781232,17.126530754601,
    -898.1215214579));
#1874 = CARTESIAN_POINT('',(-3.806148512568,17.082235778229,
    -898.5797563387));
#1875 = CARTESIAN_POINT('',(-3.935068756164,17.051970662592,
    -899.0485376787));
#1876 = CARTESIAN_POINT('',(-4.,17.036725037401,-899.5232851665));
#1877 = CARTESIAN_POINT('',(-4.,17.036725037401,-900.4767148334));
#1878 = CARTESIAN_POINT('',(-3.935068756164,17.051970662592,
    -900.9514623212));
#1879 = CARTESIAN_POINT('',(-3.806148512568,17.082235778229,
    -901.4202436612));
#1880 = CARTESIAN_POINT('',(-3.611307781231,17.126530754601,
    -901.878478542));
#1881 = CARTESIAN_POINT('',(-3.346840397017,17.182856771665,
    -902.3193769346));
#1882 = CARTESIAN_POINT('',(-3.00797875888,17.247657746133,
    -902.7328893502));
#1883 = CARTESIAN_POINT('',(-2.589775960922,17.314631282105,
    -903.1042940364));
#1884 = CARTESIAN_POINT('',(-1.874128290558,17.400715948419,
    -903.5428434929));
#1885 = CARTESIAN_POINT('',(-1.641139580623,17.42563249746,
    -903.6641408355));
#1886 = CARTESIAN_POINT('',(-1.392613596932,17.448464126746,
    -903.7708495848));
#1887 = CARTESIAN_POINT('',(-1.130592637213,17.468160947829,
    -903.8599472007));
#1888 = CARTESIAN_POINT('',(-0.857502073775,17.483768781679,
    -903.9289876815));
#1889 = CARTESIAN_POINT('',(-0.576066364674,17.494537306163,
    -903.9761009553));
#1890 = CARTESIAN_POINT('',(-0.289217681005,17.5,-904.));
#1891 = CARTESIAN_POINT('',(0.289217681006,17.5,-904.));
#1892 = CARTESIAN_POINT('',(0.576066364674,17.494537306163,
    -903.9761009553));
#1893 = CARTESIAN_POINT('',(0.857502073775,17.483768781679,
    -903.9289876815));
#1894 = CARTESIAN_POINT('',(1.130592637213,17.468160947829,
    -903.8599472007));
#1895 = CARTESIAN_POINT('',(1.392613596933,17.448464126746,
    -903.7708495848));
#1896 = CARTESIAN_POINT('',(1.641139580623,17.42563249746,
    -903.6641408355));
#1897 = CARTESIAN_POINT('',(1.874128290558,17.400715948419,
    -903.5428434929));
#1898 = CARTESIAN_POINT('',(2.589775960922,17.314631282105,
    -903.1042940364));
#1899 = CARTESIAN_POINT('',(3.007978758882,17.247657746133,
    -902.7328893502));
#1900 = CARTESIAN_POINT('',(3.346840397012,17.182856771665,
    -902.3193769346));
#1901 = CARTESIAN_POINT('',(3.611307781238,17.126530754601,
    -901.878478542));
#1902 = CARTESIAN_POINT('',(3.806148512564,17.082235778229,
    -901.4202436612));
#1903 = CARTESIAN_POINT('',(3.935068756166,17.051970662592,
    -900.9514623212));
#1904 = CARTESIAN_POINT('',(4.,17.036725037401,-900.4767148334));
#1905 = CARTESIAN_POINT('',(4.,17.036725037401,-900.));
#1906 = PCURVE('',#32,#1907);
#1907 = DEFINITIONAL_REPRESENTATION('',(#1908),#1967);
#1908 = B_SPLINE_CURVE_WITH_KNOTS('',8,(#1909,#1910,#1911,#1912,#1913,
    #1914,#1915,#1916,#1917,#1918,#1919,#1920,#1921,#1922,#1923,#1924,
    #1925,#1926,#1927,#1928,#1929,#1930,#1931,#1932,#1933,#1934,#1935,
    #1936,#1937,#1938,#1939,#1940,#1941,#1942,#1943,#1944,#1945,#1946,
    #1947,#1948,#1949,#1950,#1951,#1952,#1953,#1954,#1955,#1956,#1957,
    #1958,#1959,#1960,#1961,#1962,#1963,#1964,#1965,#1966),
  .UNSPECIFIED.,.T.,.F.,(9,7,7,7,7,7,7,7,9),(0.,0.174590696915,0.25,
    0.325409303085,0.5,0.674590696915,0.75,0.825409303085,1.),
  .UNSPECIFIED.);
#1909 = CARTESIAN_POINT('',(-1.340186315509,-30.));
#1910 = CARTESIAN_POINT('',(-1.340186315509,-30.47671483345));
#1911 = CARTESIAN_POINT('',(-1.343997559067,-30.95146232121));
#1912 = CARTESIAN_POINT('',(-1.351564799187,-31.42024366128));
#1913 = CARTESIAN_POINT('',(-1.362982096514,-31.87847854203));
#1914 = CARTESIAN_POINT('',(-1.378430666492,-32.31937693463));
#1915 = CARTESIAN_POINT('',(-1.39813420508,-32.73288935023));
#1916 = CARTESIAN_POINT('',(-1.422317513636,-33.10429403649));
#1917 = CARTESIAN_POINT('',(-1.463506462337,-33.54284349292));
#1918 = CARTESIAN_POINT('',(-1.476894854855,-33.66414083551));
#1919 = CARTESIAN_POINT('',(-1.491153443432,-33.7708495848));
#1920 = CARTESIAN_POINT('',(-1.506163982232,-33.85994720079));
#1921 = CARTESIAN_POINT('',(-1.521789337689,-33.92898768151));
#1922 = CARTESIAN_POINT('',(-1.537878246328,-33.97610095535));
#1923 = CARTESIAN_POINT('',(-1.554269602166,-34.));
#1924 = CARTESIAN_POINT('',(-1.587323051424,-34.));
#1925 = CARTESIAN_POINT('',(-1.603714407262,-33.97610095535));
#1926 = CARTESIAN_POINT('',(-1.619803315901,-33.92898768151));
#1927 = CARTESIAN_POINT('',(-1.635428671358,-33.85994720079));
#1928 = CARTESIAN_POINT('',(-1.650439210158,-33.7708495848));
#1929 = CARTESIAN_POINT('',(-1.664697798735,-33.66414083551));
#1930 = CARTESIAN_POINT('',(-1.678086191253,-33.54284349292));
#1931 = CARTESIAN_POINT('',(-1.719275139954,-33.10429403649));
#1932 = CARTESIAN_POINT('',(-1.74345844851,-32.73288935023));
#1933 = CARTESIAN_POINT('',(-1.763161987097,-32.31937693463));
#1934 = CARTESIAN_POINT('',(-1.778610557076,-31.87847854203));
#1935 = CARTESIAN_POINT('',(-1.790027854403,-31.42024366127));
#1936 = CARTESIAN_POINT('',(-1.797595094522,-30.95146232122));
#1937 = CARTESIAN_POINT('',(-1.801406338081,-30.47671483345));
#1938 = CARTESIAN_POINT('',(-1.801406338081,-29.52328516654));
#1939 = CARTESIAN_POINT('',(-1.797595094522,-29.04853767877));
#1940 = CARTESIAN_POINT('',(-1.790027854403,-28.57975633872));
#1941 = CARTESIAN_POINT('',(-1.778610557076,-28.12152145796));
#1942 = CARTESIAN_POINT('',(-1.763161987097,-27.68062306536));
#1943 = CARTESIAN_POINT('',(-1.74345844851,-27.26711064976));
#1944 = CARTESIAN_POINT('',(-1.719275139954,-26.8957059635));
#1945 = CARTESIAN_POINT('',(-1.678086191253,-26.45715650707));
#1946 = CARTESIAN_POINT('',(-1.664697798735,-26.33585916448));
#1947 = CARTESIAN_POINT('',(-1.650439210158,-26.22915041519));
#1948 = CARTESIAN_POINT('',(-1.635428671358,-26.1400527992));
#1949 = CARTESIAN_POINT('',(-1.619803315901,-26.07101231848));
#1950 = CARTESIAN_POINT('',(-1.603714407262,-26.02389904464));
#1951 = CARTESIAN_POINT('',(-1.587323051424,-26.));
#1952 = CARTESIAN_POINT('',(-1.554269602166,-26.));
#1953 = CARTESIAN_POINT('',(-1.537878246328,-26.02389904464));
#1954 = CARTESIAN_POINT('',(-1.521789337689,-26.07101231848));
#1955 = CARTESIAN_POINT('',(-1.506163982232,-26.1400527992));
#1956 = CARTESIAN_POINT('',(-1.491153443432,-26.22915041519));
#1957 = CARTESIAN_POINT('',(-1.476894854855,-26.33585916448));
#1958 = CARTESIAN_POINT('',(-1.463506462337,-26.45715650707));
#1959 = CARTESIAN_POINT('',(-1.422317513636,-26.8957059635));
#1960 = CARTESIAN_POINT('',(-1.39813420508,-27.26711064976));
#1961 = CARTESIAN_POINT('',(-1.378430666493,-27.68062306536));
#1962 = CARTESIAN_POINT('',(-1.362982096514,-28.12152145796));
#1963 = CARTESIAN_POINT('',(-1.351564799187,-28.57975633872));
#1964 = CARTESIAN_POINT('',(-1.343997559067,-29.04853767878));
#1965 = CARTESIAN_POINT('',(-1.340186315509,-29.52328516654));
#1966 = CARTESIAN_POINT('',(-1.340186315509,-30.));
#1967 = ( GEOMETRIC_REPRESENTATION_CONTEXT(2) 
PARAMETRIC_REPRESENTATION_CONTEXT() REPRESENTATION_CONTEXT('2D SPACE',''
  ) );
#1968 = PCURVE('',#1969,#1974);
#1969 = CYLINDRICAL_SURFACE('',#1970,4.);
#1970 = AXIS2_PLACEMENT_3D('',#1971,#1972,#1973);
#1971 = CARTESIAN_POINT('',(0.,40.,-900.));
#1972 = DIRECTION('',(0.,1.,-2.22044604925E-16));
#1973 = DIRECTION('',(1.,0.,0.));
#1974 = DEFINITIONAL_REPRESENTATION('',(#1975),#2034);
#1975 = B_SPLINE_CURVE_WITH_KNOTS('',8,(#1976,#1977,#1978,#1979,#1980,
    #1981,#1982,#1983,#1984,#1985,#1986,#1987,#1988,#1989,#1990,#1991,
    #1992,#1993,#1994,#1995,#1996,#1997,#1998,#1999,#2000,#2001,#2002,
    #2003,#2004,#2005,#2006,#2007,#2008,#2009,#2010,#2011,#2012,#2013,
    #2014,#2015,#2016,#2017,#2018,#2019,#2020,#2021,#2022,#2023,#2024,
    #2025,#2026,#2027,#2028,#2029,#2030,#2031,#2032,#2033),
  .UNSPECIFIED.,.F.,.F.,(9,7,7,7,7,7,7,7,9),(0.,0.174590696915,0.25,
    0.325409303085,0.5,0.674590696915,0.75,0.825409303085,1.),
  .UNSPECIFIED.);
#1976 = CARTESIAN_POINT('',(0.,-22.96327496259));
#1977 = CARTESIAN_POINT('',(-0.119178708363,-22.96327496259));
#1978 = CARTESIAN_POINT('',(-0.237866243306,-22.9480293374));
#1979 = CARTESIAN_POINT('',(-0.357637326425,-22.91776422177));
#1980 = CARTESIAN_POINT('',(-0.479855215575,-22.87346924539));
#1981 = CARTESIAN_POINT('',(-0.605781287168,-22.81714322833));
#1982 = CARTESIAN_POINT('',(-0.73681879182,-22.75234225386));
#1983 = CARTESIAN_POINT('',(-0.874478156808,-22.68536871789));
#1984 = CARTESIAN_POINT('',(-1.084311009013,-22.59928405158));
#1985 = CARTESIAN_POINT('',(-1.149819337476,-22.57436750254));
#1986 = CARTESIAN_POINT('',(-1.217120204056,-22.55153587325));
#1987 = CARTESIAN_POINT('',(-1.28588386917,-22.53183905217));
#1988 = CARTESIAN_POINT('',(-1.35584472858,-22.51623121832));
#1989 = CARTESIAN_POINT('',(-1.426779761487,-22.50546269383));
#1990 = CARTESIAN_POINT('',(-1.498491906544,-22.5));
#1991 = CARTESIAN_POINT('',(-1.643100747046,-22.5));
#1992 = CARTESIAN_POINT('',(-1.714812892103,-22.50546269383));
#1993 = CARTESIAN_POINT('',(-1.78574792501,-22.51623121832));
#1994 = CARTESIAN_POINT('',(-1.85570878442,-22.53183905217));
#1995 = CARTESIAN_POINT('',(-1.924472449534,-22.55153587325));
#1996 = CARTESIAN_POINT('',(-1.991773316113,-22.57436750253));
#1997 = CARTESIAN_POINT('',(-2.057281644577,-22.59928405158));
#1998 = CARTESIAN_POINT('',(-2.267114496782,-22.68536871789));
#1999 = CARTESIAN_POINT('',(-2.404773861771,-22.75234225386));
#2000 = CARTESIAN_POINT('',(-2.535811366421,-22.81714322833));
#2001 = CARTESIAN_POINT('',(-2.661737438016,-22.87346924539));
#2002 = CARTESIAN_POINT('',(-2.783955327165,-22.91776422177));
#2003 = CARTESIAN_POINT('',(-2.903726410283,-22.9480293374));
#2004 = CARTESIAN_POINT('',(-3.022413945227,-22.96327496259));
#2005 = CARTESIAN_POINT('',(-3.260771361952,-22.96327496259));
#2006 = CARTESIAN_POINT('',(-3.379458896897,-22.9480293374));
#2007 = CARTESIAN_POINT('',(-3.499229980013,-22.91776422177));
#2008 = CARTESIAN_POINT('',(-3.621447869166,-22.87346924539));
#2009 = CARTESIAN_POINT('',(-3.747373940757,-22.81714322833));
#2010 = CARTESIAN_POINT('',(-3.87841144541,-22.75234225386));
#2011 = CARTESIAN_POINT('',(-4.016070810398,-22.68536871789));
#2012 = CARTESIAN_POINT('',(-4.225903662603,-22.59928405158));
#2013 = CARTESIAN_POINT('',(-4.291411991066,-22.57436750253));
#2014 = CARTESIAN_POINT('',(-4.358712857646,-22.55153587325));
#2015 = CARTESIAN_POINT('',(-4.427476522759,-22.53183905217));
#2016 = CARTESIAN_POINT('',(-4.49743738217,-22.51623121832));
#2017 = CARTESIAN_POINT('',(-4.568372415076,-22.50546269383));
#2018 = CARTESIAN_POINT('',(-4.640084560133,-22.5));
#2019 = CARTESIAN_POINT('',(-4.784693400636,-22.5));
#2020 = CARTESIAN_POINT('',(-4.856405545693,-22.50546269383));
#2021 = CARTESIAN_POINT('',(-4.9273405786,-22.51623121832));
#2022 = CARTESIAN_POINT('',(-4.99730143801,-22.53183905217));
#2023 = CARTESIAN_POINT('',(-5.066065103124,-22.55153587325));
#2024 = CARTESIAN_POINT('',(-5.133365969703,-22.57436750253));
#2025 = CARTESIAN_POINT('',(-5.198874298166,-22.59928405158));
#2026 = CARTESIAN_POINT('',(-5.408707150371,-22.68536871789));
#2027 = CARTESIAN_POINT('',(-5.546366515361,-22.75234225386));
#2028 = CARTESIAN_POINT('',(-5.67740402001,-22.81714322833));
#2029 = CARTESIAN_POINT('',(-5.803330091607,-22.87346924539));
#2030 = CARTESIAN_POINT('',(-5.925547980753,-22.91776422177));
#2031 = CARTESIAN_POINT('',(-6.045319063874,-22.9480293374));
#2032 = CARTESIAN_POINT('',(-6.164006598817,-22.96327496259));
#2033 = CARTESIAN_POINT('',(-6.28318530718,-22.96327496259));
#2034 = ( GEOMETRIC_REPRESENTATION_CONTEXT(2) 
PARAMETRIC_REPRESENTATION_CONTEXT() REPRESENTATION_CONTEXT('2D SPACE',''
  ) );
#2035 = FACE_BOUND('',#2036,.F.);
#2036 = EDGE_LOOP('',(#2037));
#2037 = ORIENTED_EDGE('',*,*,#2038,.T.);
#2038 = EDGE_CURVE('',#2039,#2039,#2041,.T.);
#2039 = VERTEX_POINT('',#2040);
#2040 = CARTESIAN_POINT('',(3.,-17.24093964956,-582.5));
#2041 = SURFACE_CURVE('',#2042,(#2101,#2163),.PCURVE_S1.);
#2042 = B_SPLINE_CURVE_WITH_KNOTS('',8,(#2043,#2044,#2045,#2046,#2047,
    #2048,#2049,#2050,#2051,#2052,#2053,#2054,#2055,#2056,#2057,#2058,
    #2059,#2060,#2061,#2062,#2063,#2064,#2065,#2066,#2067,#2068,#2069,
    #2070,#2071,#2072,#2073,#2074,#2075,#2076,#2077,#2078,#2079,#2080,
    #2081,#2082,#2083,#2084,#2085,#2086,#2087,#2088,#2089,#2090,#2091,
    #2092,#2093,#2094,#2095,#2096,#2097,#2098,#2099,#2100),
  .UNSPECIFIED.,.T.,.F.,(9,7,7,7,7,7,7,7,9),(0.,0.106503748362,
    0.210319985481,0.310274051705,0.430991627331,0.556158723912,
    0.670746045746,0.814421835328,1.),.UNSPECIFIED.);
#2043 = CARTESIAN_POINT('',(3.,-17.24093964956,-582.5));
#2044 = CARTESIAN_POINT('',(3.,-17.24093964956,-582.2643669337));
#2045 = CARTESIAN_POINT('',(2.978848294483,-17.24461991423,
    -582.0287479251));
#2046 = CARTESIAN_POINT('',(2.936549886936,-17.25198058929,
    -581.7953592442));
#2047 = CARTESIAN_POINT('',(2.873386795263,-17.26282126069,
    -581.5663988473));
#2048 = CARTESIAN_POINT('',(2.789909279669,-17.27674750473,
    -581.3440222257));
#2049 = CARTESIAN_POINT('',(2.686931312392,-17.29319735927,
    -581.1303124847));
#2050 = CARTESIAN_POINT('',(2.565530289265,-17.31148771591,
    -580.9272446564));
#2051 = CARTESIAN_POINT('',(2.292066058148,-17.34978419057,
    -580.5508534328));
#2052 = CARTESIAN_POINT('',(2.136884582371,-17.37029095051,
    -580.3714451196));
#2053 = CARTESIAN_POINT('',(1.960977783674,-17.39183904646,
    -580.2011879088));
#2054 = CARTESIAN_POINT('',(1.764129295397,-17.41366668663,
    -580.0430902486));
#2055 = CARTESIAN_POINT('',(1.546462241592,-17.43482224046,
    -579.9004131257));
#2056 = CARTESIAN_POINT('',(1.308496863986,-17.45419058143,
    -579.7767028875));
#2057 = CARTESIAN_POINT('',(1.051258676769,-17.47056152606,
    -579.6758553722));
#2058 = CARTESIAN_POINT('',(0.511878758783,-17.49451685332,
    -579.5313289588));
#2059 = CARTESIAN_POINT('',(0.234108254157,-17.5022677277,
    -579.4864902142));
#2060 = CARTESIAN_POINT('',(-5.096403467341E-02,-17.50497310522,
    -579.4715562731));
#2061 = CARTESIAN_POINT('',(-0.336807868714,-17.50205896451,
    -579.4881398285));
#2062 = CARTESIAN_POINT('',(-0.616745273699,-17.49369735023,
    -579.5356995266));
#2063 = CARTESIAN_POINT('',(-0.884433569062,-17.48078250283,
    -579.6115746333));
#2064 = CARTESIAN_POINT('',(-1.134310349081,-17.46469253888,
    -579.7109812775));
#2065 = CARTESIAN_POINT('',(-1.636924816746,-17.42545658424,
    -579.9670761401));
#2066 = CARTESIAN_POINT('',(-1.883804988352,-17.40120172306,
    -580.1335811233));
#2067 = CARTESIAN_POINT('',(-2.102488834045,-17.37592254834,
    -580.3204248405));
#2068 = CARTESIAN_POINT('',(-2.293558684541,-17.35109727024,
    -580.5228647847));
#2069 = CARTESIAN_POINT('',(-2.457937790271,-17.32784429636,
    -580.7371671495));
#2070 = CARTESIAN_POINT('',(-2.596649740502,-17.30696623946,
    -580.9603873594));
#2071 = CARTESIAN_POINT('',(-2.710657951098,-17.28903299193,
    -581.1902210576));
#2072 = CARTESIAN_POINT('',(-2.894144983193,-17.25928383222,
    -581.6682211184));
#2073 = CARTESIAN_POINT('',(-2.961911513935,-17.2477043602,
    -581.9169701568));
#2074 = CARTESIAN_POINT('',(-3.004808905293,-17.24013146921,
    -582.1691523919));
#2075 = CARTESIAN_POINT('',(-3.023318188238,-17.23681330723,
    -582.4231220527));
#2076 = CARTESIAN_POINT('',(-3.017638943512,-17.23784439187,
    -582.6774116297));
#2077 = CARTESIAN_POINT('',(-2.98768832263,-17.24318210813,
    -582.9305816538));
#2078 = CARTESIAN_POINT('',(-2.933092503783,-17.25263836268,
    -583.1810734205));
#2079 = CARTESIAN_POINT('',(-2.780002098293,-17.27793645081,
    -583.6522372412));
#2080 = CARTESIAN_POINT('',(-2.685625189791,-17.29316805366,
    -583.8735877587));
#2081 = CARTESIAN_POINT('',(-2.569492826915,-17.31126282594,
    -584.0898068996));
#2082 = CARTESIAN_POINT('',(-2.430841981524,-17.33181445792,
    -584.2992239878));
#2083 = CARTESIAN_POINT('',(-2.268780241269,-17.35425323043,
    -584.4996987053));
#2084 = CARTESIAN_POINT('',(-2.082395423939,-17.37778307099,
    -584.6884949079));
#2085 = CARTESIAN_POINT('',(-1.87091174255,-17.40133183516,
    -584.8621055866));
#2086 = CARTESIAN_POINT('',(-1.336760394117,-17.45142258637,
    -585.2089875282));
#2087 = CARTESIAN_POINT('',(-0.987381491462,-17.47834313468,
    -585.3788538405));
#2088 = CARTESIAN_POINT('',(-0.59618534965,-17.49978560812,
    -585.5012500533));
#2089 = CARTESIAN_POINT('',(-0.179077894706,-17.51100937794,
    -585.5609453687));
#2090 = CARTESIAN_POINT('',(0.244160827846,-17.50900554488,
    -585.5514718857));
#2091 = CARTESIAN_POINT('',(0.653305995864,-17.49499254989,
    -585.4748654804));
#2092 = CARTESIAN_POINT('',(1.030313766952,-17.47281089887,
    -585.3420076276));
#2093 = CARTESIAN_POINT('',(1.790355664931,-17.41347920159,
    -584.9547469379));
#2094 = CARTESIAN_POINT('',(2.150044747244,-17.3733054146,
    -584.6726456498));
#2095 = CARTESIAN_POINT('',(2.441334578531,-17.33307849109,
    -584.3497441967));
#2096 = CARTESIAN_POINT('',(2.668262170317,-17.29765480044,
    -584.0005403807));
#2097 = CARTESIAN_POINT('',(2.834921823747,-17.2696601547,
    -583.6351391516));
#2098 = CARTESIAN_POINT('',(2.944835402854,-17.25053933562,
    -583.2602413317));
#2099 = CARTESIAN_POINT('',(3.,-17.24093964956,-582.8805384742));
#2100 = CARTESIAN_POINT('',(3.,-17.24093964956,-582.5));
#2101 = PCURVE('',#32,#2102);
#2102 = DEFINITIONAL_REPRESENTATION('',(#2103),#2162);
#2103 = B_SPLINE_CURVE_WITH_KNOTS('',8,(#2104,#2105,#2106,#2107,#2108,
    #2109,#2110,#2111,#2112,#2113,#2114,#2115,#2116,#2117,#2118,#2119,
    #2120,#2121,#2122,#2123,#2124,#2125,#2126,#2127,#2128,#2129,#2130,
    #2131,#2132,#2133,#2134,#2135,#2136,#2137,#2138,#2139,#2140,#2141,
    #2142,#2143,#2144,#2145,#2146,#2147,#2148,#2149,#2150,#2151,#2152,
    #2153,#2154,#2155,#2156,#2157,#2158,#2159,#2160,#2161),
  .UNSPECIFIED.,.T.,.F.,(9,7,7,7,7,7,7,7,9),(0.,0.106503748362,
    0.210319985481,0.310274051705,0.430991627331,0.556158723912,
    0.670746045746,0.814421835328,1.),.UNSPECIFIED.);
#2104 = CARTESIAN_POINT('',(-4.884668504113,-347.5));
#2105 = CARTESIAN_POINT('',(-4.884668504113,-347.7356330662));
#2106 = CARTESIAN_POINT('',(-4.883441683375,-347.9712520748));
#2107 = CARTESIAN_POINT('',(-4.880988289777,-348.2046407557));
#2108 = CARTESIAN_POINT('',(-4.877326213907,-348.4336011526));
#2109 = CARTESIAN_POINT('',(-4.872490283042,-348.6559777742));
#2110 = CARTESIAN_POINT('',(-4.86653152819,-348.8696875152));
#2111 = CARTESIAN_POINT('',(-4.859516424178,-349.0727553435));
#2112 = CARTESIAN_POINT('',(-4.843737408852,-349.4491465671));
#2113 = CARTESIAN_POINT('',(-4.83479307155,-349.6285548803));
#2114 = CARTESIAN_POINT('',(-4.824666914371,-349.7988120911));
#2115 = CARTESIAN_POINT('',(-4.81335107502,-349.9569097513));
#2116 = CARTESIAN_POINT('',(-4.800856971437,-350.0995868742));
#2117 = CARTESIAN_POINT('',(-4.787217308019,-350.2232971124));
#2118 = CARTESIAN_POINT('',(-4.772490954508,-350.3241446277));
#2119 = CARTESIAN_POINT('',(-4.741638862137,-350.4686710411));
#2120 = CARTESIAN_POINT('',(-4.725762233668,-350.5135097857));
#2121 = CARTESIAN_POINT('',(-4.709476319645,-350.5284437268));
#2122 = CARTESIAN_POINT('',(-4.69314780018,-350.5118601714));
#2123 = CARTESIAN_POINT('',(-4.677149891919,-350.4643004733));
#2124 = CARTESIAN_POINT('',(-4.661838955266,-350.3884253666));
#2125 = CARTESIAN_POINT('',(-4.647532042993,-350.2890187224));
#2126 = CARTESIAN_POINT('',(-4.618723837628,-350.0329238598));
#2127 = CARTESIAN_POINT('',(-4.604551325558,-349.8664188766));
#2128 = CARTESIAN_POINT('',(-4.591974601641,-349.6795751594));
#2129 = CARTESIAN_POINT('',(-4.58096623012,-349.4771352152));
#2130 = CARTESIAN_POINT('',(-4.571480404671,-349.2628328504));
#2131 = CARTESIAN_POINT('',(-4.563465042212,-349.0396126405));
#2132 = CARTESIAN_POINT('',(-4.556870252873,-348.8097789423));
#2133 = CARTESIAN_POINT('',(-4.546248365044,-348.3317788815));
#2134 = CARTESIAN_POINT('',(-4.54232000757,-348.0830298431));
#2135 = CARTESIAN_POINT('',(-4.539830832357,-347.830847608));
#2136 = CARTESIAN_POINT('',(-4.538756268689,-347.5768779472));
#2137 = CARTESIAN_POINT('',(-4.539086121864,-347.3225883702));
#2138 = CARTESIAN_POINT('',(-4.540824561137,-347.0694183461));
#2139 = CARTESIAN_POINT('',(-4.543990679084,-346.8189265794));
#2140 = CARTESIAN_POINT('',(-4.552857340424,-346.3477627587));
#2141 = CARTESIAN_POINT('',(-4.558320053758,-346.1264122412));
#2142 = CARTESIAN_POINT('',(-4.565036084857,-345.9101931003));
#2143 = CARTESIAN_POINT('',(-4.573045087395,-345.7007760121));
#2144 = CARTESIAN_POINT('',(-4.582393088761,-345.5003012946));
#2145 = CARTESIAN_POINT('',(-4.593126505759,-345.311505092));
#2146 = CARTESIAN_POINT('',(-4.605284135272,-345.1378944133));
#2147 = CARTESIAN_POINT('',(-4.635940985031,-344.7910124717));
#2148 = CARTESIAN_POINT('',(-4.65596185883,-344.6211461594));
#2149 = CARTESIAN_POINT('',(-4.678340548155,-344.4987499466));
#2150 = CARTESIAN_POINT('',(-4.702163829801,-344.4390546312));
#2151 = CARTESIAN_POINT('',(-4.726326690134,-344.4485281142));
#2152 = CARTESIAN_POINT('',(-4.749708628115,-344.5251345195));
#2153 = CARTESIAN_POINT('',(-4.771285176318,-344.6579923723));
#2154 = CARTESIAN_POINT('',(-4.814848273863,-345.045253062));
#2155 = CARTESIAN_POINT('',(-4.835518241133,-345.3273543501));
#2156 = CARTESIAN_POINT('',(-4.852314447486,-345.6502558032));
#2157 = CARTESIAN_POINT('',(-4.865437279662,-345.9994596192));
#2158 = CARTESIAN_POINT('',(-4.875093689532,-346.3648608483));
#2159 = CARTESIAN_POINT('',(-4.881468883812,-346.7397586682));
#2160 = CARTESIAN_POINT('',(-4.884668504113,-347.1194615257));
#2161 = CARTESIAN_POINT('',(-4.884668504113,-347.5));
#2162 = ( GEOMETRIC_REPRESENTATION_CONTEXT(2) 
PARAMETRIC_REPRESENTATION_CONTEXT() REPRESENTATION_CONTEXT('2D SPACE',''
  ) );
#2163 = PCURVE('',#1774,#2164);
#2164 = DEFINITIONAL_REPRESENTATION('',(#2165),#2224);
#2165 = B_SPLINE_CURVE_WITH_KNOTS('',8,(#2166,#2167,#2168,#2169,#2170,
    #2171,#2172,#2173,#2174,#2175,#2176,#2177,#2178,#2179,#2180,#2181,
    #2182,#2183,#2184,#2185,#2186,#2187,#2188,#2189,#2190,#2191,#2192,
    #2193,#2194,#2195,#2196,#2197,#2198,#2199,#2200,#2201,#2202,#2203,
    #2204,#2205,#2206,#2207,#2208,#2209,#2210,#2211,#2212,#2213,#2214,
    #2215,#2216,#2217,#2218,#2219,#2220,#2221,#2222,#2223),
  .UNSPECIFIED.,.F.,.F.,(9,7,7,7,7,7,7,7,9),(0.,0.106503748362,
    0.210319985481,0.310274051705,0.430991627331,0.556158723912,
    0.670746045746,0.814421835328,1.),.UNSPECIFIED.);
#2166 = CARTESIAN_POINT('',(0.,-57.24093964956));
#2167 = CARTESIAN_POINT('',(-7.854435540219E-02,-57.24093964956));
#2168 = CARTESIAN_POINT('',(-0.15708390721,-57.24461991423));
#2169 = CARTESIAN_POINT('',(-0.235618813678,-57.25198058929));
#2170 = CARTESIAN_POINT('',(-0.314153491467,-57.26282126069));
#2171 = CARTESIAN_POINT('',(-0.392693020895,-57.27674750473));
#2172 = CARTESIAN_POINT('',(-0.47123928488,-57.29319735927));
#2173 = CARTESIAN_POINT('',(-0.549786841579,-57.31148771591));
#2174 = CARTESIAN_POINT('',(-0.704868554416,-57.34978419057));
#2175 = CARTESIAN_POINT('',(-0.783654351435,-57.37029095051));
#2176 = CARTESIAN_POINT('',(-0.86471715991,-57.39183904646));
#2177 = CARTESIAN_POINT('',(-0.948137600605,-57.41366668663));
#2178 = CARTESIAN_POINT('',(-1.034049391127,-57.43482224046));
#2179 = CARTESIAN_POINT('',(-1.122640243306,-57.45419058143));
#2180 = CARTESIAN_POINT('',(-1.214165108924,-57.47056152606));
#2181 = CARTESIAN_POINT('',(-1.400300836018,-57.49451685332));
#2182 = CARTESIAN_POINT('',(-1.493604274574,-57.5022677277));
#2183 = CARTESIAN_POINT('',(-1.587839306012,-57.50497310522));
#2184 = CARTESIAN_POINT('',(-1.682135712667,-57.50205896451));
#2185 = CARTESIAN_POINT('',(-1.775681109781,-57.49369735023));
#2186 = CARTESIAN_POINT('',(-1.86760785049,-57.48078250283));
#2187 = CARTESIAN_POINT('',(-1.95686519747,-57.46469253888));
#2188 = CARTESIAN_POINT('',(-2.144897665629,-57.42545658424));
#2189 = CARTESIAN_POINT('',(-2.243419080489,-57.40120172306));
#2190 = CARTESIAN_POINT('',(-2.338301024206,-57.37592254834));
#2191 = CARTESIAN_POINT('',(-2.430074747935,-57.35109727024));
#2192 = CARTESIAN_POINT('',(-2.519209636623,-57.32784429636));
#2193 = CARTESIAN_POINT('',(-2.606141723841,-57.30696623946));
#2194 = CARTESIAN_POINT('',(-2.691283160085,-57.28903299193));
#2195 = CARTESIAN_POINT('',(-2.861952284121,-57.25928383222));
#2196 = CARTESIAN_POINT('',(-2.947456468804,-57.2477043602));
#2197 = CARTESIAN_POINT('',(-3.032057518449,-57.24013146921));
#2198 = CARTESIAN_POINT('',(-3.116167456969,-57.23681330723));
#2199 = CARTESIAN_POINT('',(-3.200184417289,-57.23784439187));
#2200 = CARTESIAN_POINT('',(-3.284505613401,-57.24318210813));
#2201 = CARTESIAN_POINT('',(-3.369539880612,-57.25263836268));
#2202 = CARTESIAN_POINT('',(-3.534676866901,-57.27793645081));
#2203 = CARTESIAN_POINT('',(-3.61457035902,-57.29316805366));
#2204 = CARTESIAN_POINT('',(-3.6958279002,-57.31126282594));
#2205 = CARTESIAN_POINT('',(-3.778822855971,-57.33181445792));
#2206 = CARTESIAN_POINT('',(-3.863942210277,-57.35425323043));
#2207 = CARTESIAN_POINT('',(-3.951595534741,-57.37778307099));
#2208 = CARTESIAN_POINT('',(-4.04223575844,-57.40133183516));
#2209 = CARTESIAN_POINT('',(-4.25453657867,-57.45142258637));
#2210 = CARTESIAN_POINT('',(-4.383047802298,-57.47834313468));
#2211 = CARTESIAN_POINT('',(-4.517132151169,-57.49978560812));
#2212 = CARTESIAN_POINT('',(-4.653991029837,-57.51100937794));
#2213 = CARTESIAN_POINT('',(-4.791459910907,-57.50900554488));
#2214 = CARTESIAN_POINT('',(-4.927473051629,-57.49499254989));
#2215 = CARTESIAN_POINT('',(-5.059551820144,-57.47281089887));
#2216 = CARTESIAN_POINT('',(-5.343890141412,-57.41347920159));
#2217 = CARTESIAN_POINT('',(-5.493410356648,-57.3733054146));
#2218 = CARTESIAN_POINT('',(-5.635052392604,-57.33307849109));
#2219 = CARTESIAN_POINT('',(-5.770611359644,-57.29765480044));
#2220 = CARTESIAN_POINT('',(-5.901700019948,-57.2696601547));
#2221 = CARTESIAN_POINT('',(-6.029770580338,-57.25053933562));
#2222 = CARTESIAN_POINT('',(-6.156339149107,-57.24093964956));
#2223 = CARTESIAN_POINT('',(-6.28318530718,-57.24093964956));
#2224 = ( GEOMETRIC_REPRESENTATION_CONTEXT(2) 
PARAMETRIC_REPRESENTATION_CONTEXT() REPRESENTATION_CONTEXT('2D SPACE',''
  ) );
#2225 = FACE_BOUND('',#2226,.F.);
#2226 = EDGE_LOOP('',(#2227));
#2227 = ORIENTED_EDGE('',*,*,#2228,.T.);
#2228 = EDGE_CURVE('',#2229,#2229,#2231,.T.);
#2229 = VERTEX_POINT('',#2230);
#2230 = CARTESIAN_POINT('',(4.,-17.0367250374,-900.));
#2231 = SURFACE_CURVE('',#2232,(#2291,#2353),.PCURVE_S1.);
#2232 = B_SPLINE_CURVE_WITH_KNOTS('',8,(#2233,#2234,#2235,#2236,#2237,
    #2238,#2239,#2240,#2241,#2242,#2243,#2244,#2245,#2246,#2247,#2248,
    #2249,#2250,#2251,#2252,#2253,#2254,#2255,#2256,#2257,#2258,#2259,
    #2260,#2261,#2262,#2263,#2264,#2265,#2266,#2267,#2268,#2269,#2270,
    #2271,#2272,#2273,#2274,#2275,#2276,#2277,#2278,#2279,#2280,#2281,
    #2282,#2283,#2284,#2285,#2286,#2287,#2288,#2289,#2290),
  .UNSPECIFIED.,.T.,.F.,(9,7,7,7,7,7,7,7,9),(0.,0.174590696915,0.25,
    0.325409303085,0.5,0.674590696915,0.75,0.825409303085,1.),
  .UNSPECIFIED.);
#2233 = CARTESIAN_POINT('',(4.,-17.0367250374,-900.));
#2234 = CARTESIAN_POINT('',(4.,-17.0367250374,-899.5232851665));
#2235 = CARTESIAN_POINT('',(3.935068756165,-17.05197066259,
    -899.0485376787));
#2236 = CARTESIAN_POINT('',(3.806148512567,-17.08223577822,
    -898.5797563387));
#2237 = CARTESIAN_POINT('',(3.611307781234,-17.1265307546,
    -898.1215214579));
#2238 = CARTESIAN_POINT('',(3.346840397015,-17.18285677166,
    -897.6806230653));
#2239 = CARTESIAN_POINT('',(3.007978758881,-17.24765774613,
    -897.2671106497));
#2240 = CARTESIAN_POINT('',(2.589775960921,-17.3146312821,
    -896.8957059635));
#2241 = CARTESIAN_POINT('',(1.874128290557,-17.40071594841,
    -896.457156507));
#2242 = CARTESIAN_POINT('',(1.641139580624,-17.42563249746,
    -896.3358591644));
#2243 = CARTESIAN_POINT('',(1.392613596933,-17.44846412674,
    -896.2291504151));
#2244 = CARTESIAN_POINT('',(1.130592637212,-17.46816094782,
    -896.1400527992));
#2245 = CARTESIAN_POINT('',(0.857502073775,-17.48376878167,
    -896.0710123184));
#2246 = CARTESIAN_POINT('',(0.576066364675,-17.49453730616,
    -896.0238990446));
#2247 = CARTESIAN_POINT('',(0.289217681005,-17.5,-896.));
#2248 = CARTESIAN_POINT('',(-0.289217681005,-17.5,-896.));
#2249 = CARTESIAN_POINT('',(-0.576066364674,-17.49453730616,
    -896.0238990446));
#2250 = CARTESIAN_POINT('',(-0.857502073775,-17.48376878167,
    -896.0710123184));
#2251 = CARTESIAN_POINT('',(-1.130592637213,-17.46816094782,
    -896.1400527992));
#2252 = CARTESIAN_POINT('',(-1.392613596932,-17.44846412674,
    -896.2291504151));
#2253 = CARTESIAN_POINT('',(-1.641139580624,-17.42563249746,
    -896.3358591644));
#2254 = CARTESIAN_POINT('',(-1.874128290558,-17.40071594841,
    -896.457156507));
#2255 = CARTESIAN_POINT('',(-2.589775960921,-17.3146312821,
    -896.8957059635));
#2256 = CARTESIAN_POINT('',(-3.007978758882,-17.24765774613,
    -897.2671106497));
#2257 = CARTESIAN_POINT('',(-3.346840397015,-17.18285677166,
    -897.6806230653));
#2258 = CARTESIAN_POINT('',(-3.611307781234,-17.1265307546,
    -898.1215214579));
#2259 = CARTESIAN_POINT('',(-3.806148512567,-17.08223577822,
    -898.5797563387));
#2260 = CARTESIAN_POINT('',(-3.935068756164,-17.05197066259,
    -899.0485376787));
#2261 = CARTESIAN_POINT('',(-4.,-17.0367250374,-899.5232851665));
#2262 = CARTESIAN_POINT('',(-4.,-17.0367250374,-900.4767148334));
#2263 = CARTESIAN_POINT('',(-3.935068756164,-17.05197066259,
    -900.9514623212));
#2264 = CARTESIAN_POINT('',(-3.806148512568,-17.08223577822,
    -901.4202436612));
#2265 = CARTESIAN_POINT('',(-3.611307781231,-17.1265307546,
    -901.878478542));
#2266 = CARTESIAN_POINT('',(-3.346840397018,-17.18285677166,
    -902.3193769346));
#2267 = CARTESIAN_POINT('',(-3.007978758879,-17.24765774613,
    -902.7328893502));
#2268 = CARTESIAN_POINT('',(-2.589775960922,-17.3146312821,
    -903.1042940364));
#2269 = CARTESIAN_POINT('',(-1.874128290558,-17.40071594841,
    -903.5428434929));
#2270 = CARTESIAN_POINT('',(-1.641139580623,-17.42563249746,
    -903.6641408355));
#2271 = CARTESIAN_POINT('',(-1.392613596933,-17.44846412674,
    -903.7708495848));
#2272 = CARTESIAN_POINT('',(-1.130592637213,-17.46816094782,
    -903.8599472007));
#2273 = CARTESIAN_POINT('',(-0.857502073775,-17.48376878167,
    -903.9289876815));
#2274 = CARTESIAN_POINT('',(-0.576066364675,-17.49453730616,
    -903.9761009553));
#2275 = CARTESIAN_POINT('',(-0.289217681005,-17.5,-904.));
#2276 = CARTESIAN_POINT('',(0.289217681005,-17.5,-904.));
#2277 = CARTESIAN_POINT('',(0.576066364675,-17.49453730616,
    -903.9761009553));
#2278 = CARTESIAN_POINT('',(0.857502073775,-17.48376878167,
    -903.9289876815));
#2279 = CARTESIAN_POINT('',(1.130592637213,-17.46816094782,
    -903.8599472007));
#2280 = CARTESIAN_POINT('',(1.392613596932,-17.44846412674,
    -903.7708495848));
#2281 = CARTESIAN_POINT('',(1.641139580624,-17.42563249746,
    -903.6641408355));
#2282 = CARTESIAN_POINT('',(1.874128290558,-17.40071594841,
    -903.5428434929));
#2283 = CARTESIAN_POINT('',(2.589775960922,-17.3146312821,
    -903.1042940364));
#2284 = CARTESIAN_POINT('',(3.007978758878,-17.24765774613,
    -902.7328893502));
#2285 = CARTESIAN_POINT('',(3.346840397022,-17.18285677166,
    -902.3193769346));
#2286 = CARTESIAN_POINT('',(3.611307781226,-17.1265307546,-901.878478542
    ));
#2287 = CARTESIAN_POINT('',(3.806148512572,-17.08223577822,
    -901.4202436612));
#2288 = CARTESIAN_POINT('',(3.935068756163,-17.05197066259,
    -900.9514623212));
#2289 = CARTESIAN_POINT('',(4.,-17.0367250374,-900.4767148334));
#2290 = CARTESIAN_POINT('',(4.,-17.0367250374,-900.));
#2291 = PCURVE('',#32,#2292);
#2292 = DEFINITIONAL_REPRESENTATION('',(#2293),#2352);
#2293 = B_SPLINE_CURVE_WITH_KNOTS('',8,(#2294,#2295,#2296,#2297,#2298,
    #2299,#2300,#2301,#2302,#2303,#2304,#2305,#2306,#2307,#2308,#2309,
    #2310,#2311,#2312,#2313,#2314,#2315,#2316,#2317,#2318,#2319,#2320,
    #2321,#2322,#2323,#2324,#2325,#2326,#2327,#2328,#2329,#2330,#2331,
    #2332,#2333,#2334,#2335,#2336,#2337,#2338,#2339,#2340,#2341,#2342,
    #2343,#2344,#2345,#2346,#2347,#2348,#2349,#2350,#2351),
  .UNSPECIFIED.,.T.,.F.,(9,7,7,7,7,7,7,7,9),(0.,0.174590696915,0.25,
    0.325409303085,0.5,0.674590696915,0.75,0.825409303085,1.),
  .UNSPECIFIED.);
#2294 = CARTESIAN_POINT('',(-4.942998991671,-30.));
#2295 = CARTESIAN_POINT('',(-4.942998991671,-30.47671483345));
#2296 = CARTESIAN_POINT('',(-4.939187748112,-30.95146232121));
#2297 = CARTESIAN_POINT('',(-4.931620507993,-31.42024366128));
#2298 = CARTESIAN_POINT('',(-4.920203210666,-31.87847854203));
#2299 = CARTESIAN_POINT('',(-4.904754640687,-32.31937693463));
#2300 = CARTESIAN_POINT('',(-4.8850511021,-32.73288935023));
#2301 = CARTESIAN_POINT('',(-4.860867793543,-33.10429403649));
#2302 = CARTESIAN_POINT('',(-4.819678844842,-33.54284349292));
#2303 = CARTESIAN_POINT('',(-4.806290452325,-33.66414083551));
#2304 = CARTESIAN_POINT('',(-4.792031863748,-33.7708495848));
#2305 = CARTESIAN_POINT('',(-4.777021324948,-33.85994720079));
#2306 = CARTESIAN_POINT('',(-4.761395969491,-33.92898768151));
#2307 = CARTESIAN_POINT('',(-4.745307060852,-33.97610095535));
#2308 = CARTESIAN_POINT('',(-4.728915705014,-34.));
#2309 = CARTESIAN_POINT('',(-4.695862255756,-34.));
#2310 = CARTESIAN_POINT('',(-4.679470899918,-33.97610095535));
#2311 = CARTESIAN_POINT('',(-4.663381991279,-33.92898768151));
#2312 = CARTESIAN_POINT('',(-4.647756635821,-33.85994720079));
#2313 = CARTESIAN_POINT('',(-4.632746097022,-33.7708495848));
#2314 = CARTESIAN_POINT('',(-4.618487508445,-33.66414083551));
#2315 = CARTESIAN_POINT('',(-4.605099115927,-33.54284349292));
#2316 = CARTESIAN_POINT('',(-4.563910167226,-33.10429403649));
#2317 = CARTESIAN_POINT('',(-4.539726858669,-32.73288935023));
#2318 = CARTESIAN_POINT('',(-4.520023320082,-32.31937693463));
#2319 = CARTESIAN_POINT('',(-4.504574750103,-31.87847854203));
#2320 = CARTESIAN_POINT('',(-4.493157452777,-31.42024366128));
#2321 = CARTESIAN_POINT('',(-4.485590212657,-30.95146232121));
#2322 = CARTESIAN_POINT('',(-4.481778969099,-30.47671483345));
#2323 = CARTESIAN_POINT('',(-4.481778969099,-29.52328516654));
#2324 = CARTESIAN_POINT('',(-4.485590212657,-29.04853767877));
#2325 = CARTESIAN_POINT('',(-4.493157452777,-28.57975633872));
#2326 = CARTESIAN_POINT('',(-4.504574750103,-28.12152145796));
#2327 = CARTESIAN_POINT('',(-4.520023320082,-27.68062306536));
#2328 = CARTESIAN_POINT('',(-4.53972685867,-27.26711064976));
#2329 = CARTESIAN_POINT('',(-4.563910167226,-26.8957059635));
#2330 = CARTESIAN_POINT('',(-4.605099115927,-26.45715650707));
#2331 = CARTESIAN_POINT('',(-4.618487508445,-26.33585916448));
#2332 = CARTESIAN_POINT('',(-4.632746097022,-26.22915041519));
#2333 = CARTESIAN_POINT('',(-4.647756635821,-26.1400527992));
#2334 = CARTESIAN_POINT('',(-4.663381991279,-26.07101231848));
#2335 = CARTESIAN_POINT('',(-4.679470899918,-26.02389904464));
#2336 = CARTESIAN_POINT('',(-4.695862255756,-26.));
#2337 = CARTESIAN_POINT('',(-4.728915705014,-26.));
#2338 = CARTESIAN_POINT('',(-4.745307060852,-26.02389904464));
#2339 = CARTESIAN_POINT('',(-4.761395969491,-26.07101231848));
#2340 = CARTESIAN_POINT('',(-4.777021324948,-26.1400527992));
#2341 = CARTESIAN_POINT('',(-4.792031863748,-26.22915041519));
#2342 = CARTESIAN_POINT('',(-4.806290452325,-26.33585916448));
#2343 = CARTESIAN_POINT('',(-4.819678844842,-26.45715650707));
#2344 = CARTESIAN_POINT('',(-4.860867793543,-26.8957059635));
#2345 = CARTESIAN_POINT('',(-4.8850511021,-27.26711064976));
#2346 = CARTESIAN_POINT('',(-4.904754640687,-27.68062306536));
#2347 = CARTESIAN_POINT('',(-4.920203210666,-28.12152145796));
#2348 = CARTESIAN_POINT('',(-4.931620507993,-28.57975633872));
#2349 = CARTESIAN_POINT('',(-4.939187748112,-29.04853767877));
#2350 = CARTESIAN_POINT('',(-4.942998991671,-29.52328516654));
#2351 = CARTESIAN_POINT('',(-4.942998991671,-30.));
#2352 = ( GEOMETRIC_REPRESENTATION_CONTEXT(2) 
PARAMETRIC_REPRESENTATION_CONTEXT() REPRESENTATION_CONTEXT('2D SPACE',''
  ) );
#2353 = PCURVE('',#1969,#2354);
#2354 = DEFINITIONAL_REPRESENTATION('',(#2355),#2414);
#2355 = B_SPLINE_CURVE_WITH_KNOTS('',8,(#2356,#2357,#2358,#2359,#2360,
    #2361,#2362,#2363,#2364,#2365,#2366,#2367,#2368,#2369,#2370,#2371,
    #2372,#2373,#2374,#2375,#2376,#2377,#2378,#2379,#2380,#2381,#2382,
    #2383,#2384,#2385,#2386,#2387,#2388,#2389,#2390,#2391,#2392,#2393,
    #2394,#2395,#2396,#2397,#2398,#2399,#2400,#2401,#2402,#2403,#2404,
    #2405,#2406,#2407,#2408,#2409,#2410,#2411,#2412,#2413),
  .UNSPECIFIED.,.F.,.F.,(9,7,7,7,7,7,7,7,9),(0.,0.174590696915,0.25,
    0.325409303085,0.5,0.674590696915,0.75,0.825409303085,1.),
  .UNSPECIFIED.);
#2356 = CARTESIAN_POINT('',(0.,-57.0367250374));
#2357 = CARTESIAN_POINT('',(-0.119178708363,-57.0367250374));
#2358 = CARTESIAN_POINT('',(-0.237866243306,-57.05197066259));
#2359 = CARTESIAN_POINT('',(-0.357637326425,-57.08223577822));
#2360 = CARTESIAN_POINT('',(-0.479855215574,-57.1265307546));
#2361 = CARTESIAN_POINT('',(-0.605781287169,-57.18285677166));
#2362 = CARTESIAN_POINT('',(-0.736818791819,-57.24765774613));
#2363 = CARTESIAN_POINT('',(-0.874478156808,-57.3146312821));
#2364 = CARTESIAN_POINT('',(-1.084311009013,-57.40071594841));
#2365 = CARTESIAN_POINT('',(-1.149819337476,-57.42563249746));
#2366 = CARTESIAN_POINT('',(-1.217120204056,-57.44846412674));
#2367 = CARTESIAN_POINT('',(-1.28588386917,-57.46816094782));
#2368 = CARTESIAN_POINT('',(-1.35584472858,-57.48376878167));
#2369 = CARTESIAN_POINT('',(-1.426779761487,-57.49453730616));
#2370 = CARTESIAN_POINT('',(-1.498491906544,-57.5));
#2371 = CARTESIAN_POINT('',(-1.643100747046,-57.5));
#2372 = CARTESIAN_POINT('',(-1.714812892103,-57.49453730616));
#2373 = CARTESIAN_POINT('',(-1.78574792501,-57.48376878167));
#2374 = CARTESIAN_POINT('',(-1.85570878442,-57.46816094782));
#2375 = CARTESIAN_POINT('',(-1.924472449534,-57.44846412674));
#2376 = CARTESIAN_POINT('',(-1.991773316113,-57.42563249746));
#2377 = CARTESIAN_POINT('',(-2.057281644577,-57.40071594841));
#2378 = CARTESIAN_POINT('',(-2.267114496782,-57.3146312821));
#2379 = CARTESIAN_POINT('',(-2.404773861771,-57.24765774613));
#2380 = CARTESIAN_POINT('',(-2.53581136642,-57.18285677166));
#2381 = CARTESIAN_POINT('',(-2.661737438017,-57.1265307546));
#2382 = CARTESIAN_POINT('',(-2.783955327164,-57.08223577822));
#2383 = CARTESIAN_POINT('',(-2.903726410284,-57.05197066259));
#2384 = CARTESIAN_POINT('',(-3.022413945227,-57.0367250374));
#2385 = CARTESIAN_POINT('',(-3.260771361952,-57.0367250374));
#2386 = CARTESIAN_POINT('',(-3.379458896896,-57.05197066259));
#2387 = CARTESIAN_POINT('',(-3.499229980015,-57.08223577822));
#2388 = CARTESIAN_POINT('',(-3.621447869164,-57.1265307546));
#2389 = CARTESIAN_POINT('',(-3.747373940758,-57.18285677166));
#2390 = CARTESIAN_POINT('',(-3.878411445409,-57.24765774613));
#2391 = CARTESIAN_POINT('',(-4.016070810398,-57.3146312821));
#2392 = CARTESIAN_POINT('',(-4.225903662603,-57.40071594841));
#2393 = CARTESIAN_POINT('',(-4.291411991066,-57.42563249746));
#2394 = CARTESIAN_POINT('',(-4.358712857646,-57.44846412674));
#2395 = CARTESIAN_POINT('',(-4.427476522759,-57.46816094782));
#2396 = CARTESIAN_POINT('',(-4.49743738217,-57.48376878167));
#2397 = CARTESIAN_POINT('',(-4.568372415076,-57.49453730616));
#2398 = CARTESIAN_POINT('',(-4.640084560133,-57.5));
#2399 = CARTESIAN_POINT('',(-4.784693400636,-57.5));
#2400 = CARTESIAN_POINT('',(-4.856405545693,-57.49453730616));
#2401 = CARTESIAN_POINT('',(-4.9273405786,-57.48376878167));
#2402 = CARTESIAN_POINT('',(-4.99730143801,-57.46816094782));
#2403 = CARTESIAN_POINT('',(-5.066065103124,-57.44846412674));
#2404 = CARTESIAN_POINT('',(-5.133365969703,-57.42563249746));
#2405 = CARTESIAN_POINT('',(-5.198874298166,-57.40071594841));
#2406 = CARTESIAN_POINT('',(-5.408707150372,-57.3146312821));
#2407 = CARTESIAN_POINT('',(-5.54636651536,-57.24765774613));
#2408 = CARTESIAN_POINT('',(-5.677404020012,-57.18285677166));
#2409 = CARTESIAN_POINT('',(-5.803330091604,-57.1265307546));
#2410 = CARTESIAN_POINT('',(-5.925547980756,-57.08223577822));
#2411 = CARTESIAN_POINT('',(-6.045319063873,-57.05197066259));
#2412 = CARTESIAN_POINT('',(-6.164006598817,-57.0367250374));
#2413 = CARTESIAN_POINT('',(-6.28318530718,-57.0367250374));
#2414 = ( GEOMETRIC_REPRESENTATION_CONTEXT(2) 
PARAMETRIC_REPRESENTATION_CONTEXT() REPRESENTATION_CONTEXT('2D SPACE',''
  ) );
#2415 = ADVANCED_FACE('',(#2416),#94,.T.);
#2416 = FACE_BOUND('',#2417,.T.);
#2417 = EDGE_LOOP('',(#2418));
#2418 = ORIENTED_EDGE('',*,*,#79,.T.);
#2419 = ADVANCED_FACE('',(#2420),#66,.F.);
#2420 = FACE_BOUND('',#2421,.F.);
#2421 = EDGE_LOOP('',(#2422));
#2422 = ORIENTED_EDGE('',*,*,#51,.T.);
#2423 = ADVANCED_FACE('',(#2424),#234,.F.);
#2424 = FACE_BOUND('',#2425,.T.);
#2425 = EDGE_LOOP('',(#2426,#2427,#2448,#2449));
#2426 = ORIENTED_EDGE('',*,*,#108,.F.);
#2427 = ORIENTED_EDGE('',*,*,#2428,.T.);
#2428 = EDGE_CURVE('',#109,#889,#2429,.T.);
#2429 = SEAM_CURVE('',#2430,(#2434,#2441),.PCURVE_S1.);
#2430 = LINE('',#2431,#2432);
#2431 = CARTESIAN_POINT('',(3.,40.,-95.));
#2432 = VECTOR('',#2433,1.);
#2433 = DIRECTION('',(0.,-1.,2.22044604925E-16));
#2434 = PCURVE('',#234,#2435);
#2435 = DEFINITIONAL_REPRESENTATION('',(#2436),#2440);
#2436 = LINE('',#2437,#2438);
#2437 = CARTESIAN_POINT('',(-6.28318530718,0.));
#2438 = VECTOR('',#2439,1.);
#2439 = DIRECTION('',(-0.,-1.));
#2440 = ( GEOMETRIC_REPRESENTATION_CONTEXT(2) 
PARAMETRIC_REPRESENTATION_CONTEXT() REPRESENTATION_CONTEXT('2D SPACE',''
  ) );
#2441 = PCURVE('',#234,#2442);
#2442 = DEFINITIONAL_REPRESENTATION('',(#2443),#2447);
#2443 = LINE('',#2444,#2445);
#2444 = CARTESIAN_POINT('',(-0.,0.));
#2445 = VECTOR('',#2446,1.);
#2446 = DIRECTION('',(-0.,-1.));
#2447 = ( GEOMETRIC_REPRESENTATION_CONTEXT(2) 
PARAMETRIC_REPRESENTATION_CONTEXT() REPRESENTATION_CONTEXT('2D SPACE',''
  ) );
#2448 = ORIENTED_EDGE('',*,*,#888,.T.);
#2449 = ORIENTED_EDGE('',*,*,#2428,.F.);
#2450 = ADVANCED_FACE('',(#2451),#429,.F.);
#2451 = FACE_BOUND('',#2452,.T.);
#2452 = EDGE_LOOP('',(#2453,#2454,#2475,#2476));
#2453 = ORIENTED_EDGE('',*,*,#303,.F.);
#2454 = ORIENTED_EDGE('',*,*,#2455,.T.);
#2455 = EDGE_CURVE('',#304,#1079,#2456,.T.);
#2456 = SEAM_CURVE('',#2457,(#2461,#2468),.PCURVE_S1.);
#2457 = LINE('',#2458,#2459);
#2458 = CARTESIAN_POINT('',(3.,40.,-225.));
#2459 = VECTOR('',#2460,1.);
#2460 = DIRECTION('',(0.,-1.,2.22044604925E-16));
#2461 = PCURVE('',#429,#2462);
#2462 = DEFINITIONAL_REPRESENTATION('',(#2463),#2467);
#2463 = LINE('',#2464,#2465);
#2464 = CARTESIAN_POINT('',(-6.28318530718,0.));
#2465 = VECTOR('',#2466,1.);
#2466 = DIRECTION('',(-0.,-1.));
#2467 = ( GEOMETRIC_REPRESENTATION_CONTEXT(2) 
PARAMETRIC_REPRESENTATION_CONTEXT() REPRESENTATION_CONTEXT('2D SPACE',''
  ) );
#2468 = PCURVE('',#429,#2469);
#2469 = DEFINITIONAL_REPRESENTATION('',(#2470),#2474);
#2470 = LINE('',#2471,#2472);
#2471 = CARTESIAN_POINT('',(-0.,0.));
#2472 = VECTOR('',#2473,1.);
#2473 = DIRECTION('',(-0.,-1.));
#2474 = ( GEOMETRIC_REPRESENTATION_CONTEXT(2) 
PARAMETRIC_REPRESENTATION_CONTEXT() REPRESENTATION_CONTEXT('2D SPACE',''
  ) );
#2475 = ORIENTED_EDGE('',*,*,#1078,.T.);
#2476 = ORIENTED_EDGE('',*,*,#2455,.F.);
#2477 = ADVANCED_FACE('',(#2478),#624,.F.);
#2478 = FACE_BOUND('',#2479,.T.);
#2479 = EDGE_LOOP('',(#2480,#2481,#2502,#2503));
#2480 = ORIENTED_EDGE('',*,*,#498,.F.);
#2481 = ORIENTED_EDGE('',*,*,#2482,.T.);
#2482 = EDGE_CURVE('',#499,#1269,#2483,.T.);
#2483 = SEAM_CURVE('',#2484,(#2488,#2495),.PCURVE_S1.);
#2484 = LINE('',#2485,#2486);
#2485 = CARTESIAN_POINT('',(3.,40.,-355.));
#2486 = VECTOR('',#2487,1.);
#2487 = DIRECTION('',(0.,-1.,2.22044604925E-16));
#2488 = PCURVE('',#624,#2489);
#2489 = DEFINITIONAL_REPRESENTATION('',(#2490),#2494);
#2490 = LINE('',#2491,#2492);
#2491 = CARTESIAN_POINT('',(-6.28318530718,0.));
#2492 = VECTOR('',#2493,1.);
#2493 = DIRECTION('',(-0.,-1.));
#2494 = ( GEOMETRIC_REPRESENTATION_CONTEXT(2) 
PARAMETRIC_REPRESENTATION_CONTEXT() REPRESENTATION_CONTEXT('2D SPACE',''
  ) );
#2495 = PCURVE('',#624,#2496);
#2496 = DEFINITIONAL_REPRESENTATION('',(#2497),#2501);
#2497 = LINE('',#2498,#2499);
#2498 = CARTESIAN_POINT('',(-0.,0.));
#2499 = VECTOR('',#2500,1.);
#2500 = DIRECTION('',(-0.,-1.));
#2501 = ( GEOMETRIC_REPRESENTATION_CONTEXT(2) 
PARAMETRIC_REPRESENTATION_CONTEXT() REPRESENTATION_CONTEXT('2D SPACE',''
  ) );
#2502 = ORIENTED_EDGE('',*,*,#1268,.T.);
#2503 = ORIENTED_EDGE('',*,*,#2482,.F.);
#2504 = ADVANCED_FACE('',(#2505),#819,.F.);
#2505 = FACE_BOUND('',#2506,.T.);
#2506 = EDGE_LOOP('',(#2507,#2508,#2529,#2530));
#2507 = ORIENTED_EDGE('',*,*,#693,.F.);
#2508 = ORIENTED_EDGE('',*,*,#2509,.T.);
#2509 = EDGE_CURVE('',#694,#1459,#2510,.T.);
#2510 = SEAM_CURVE('',#2511,(#2515,#2522),.PCURVE_S1.);
#2511 = LINE('',#2512,#2513);
#2512 = CARTESIAN_POINT('',(3.,40.,-485.));
#2513 = VECTOR('',#2514,1.);
#2514 = DIRECTION('',(0.,-1.,2.22044604925E-16));
#2515 = PCURVE('',#819,#2516);
#2516 = DEFINITIONAL_REPRESENTATION('',(#2517),#2521);
#2517 = LINE('',#2518,#2519);
#2518 = CARTESIAN_POINT('',(-6.28318530718,0.));
#2519 = VECTOR('',#2520,1.);
#2520 = DIRECTION('',(-0.,-1.));
#2521 = ( GEOMETRIC_REPRESENTATION_CONTEXT(2) 
PARAMETRIC_REPRESENTATION_CONTEXT() REPRESENTATION_CONTEXT('2D SPACE',''
  ) );
#2522 = PCURVE('',#819,#2523);
#2523 = DEFINITIONAL_REPRESENTATION('',(#2524),#2528);
#2524 = LINE('',#2525,#2526);
#2525 = CARTESIAN_POINT('',(-0.,0.));
#2526 = VECTOR('',#2527,1.);
#2527 = DIRECTION('',(-0.,-1.));
#2528 = ( GEOMETRIC_REPRESENTATION_CONTEXT(2) 
PARAMETRIC_REPRESENTATION_CONTEXT() REPRESENTATION_CONTEXT('2D SPACE',''
  ) );
#2529 = ORIENTED_EDGE('',*,*,#1458,.T.);
#2530 = ORIENTED_EDGE('',*,*,#2509,.F.);
#2531 = ADVANCED_FACE('',(#2532),#1774,.F.);
#2532 = FACE_BOUND('',#2533,.T.);
#2533 = EDGE_LOOP('',(#2534,#2535,#2556,#2557));
#2534 = ORIENTED_EDGE('',*,*,#1648,.F.);
#2535 = ORIENTED_EDGE('',*,*,#2536,.T.);
#2536 = EDGE_CURVE('',#1649,#2039,#2537,.T.);
#2537 = SEAM_CURVE('',#2538,(#2542,#2549),.PCURVE_S1.);
#2538 = LINE('',#2539,#2540);
#2539 = CARTESIAN_POINT('',(3.,40.,-582.5));
#2540 = VECTOR('',#2541,1.);
#2541 = DIRECTION('',(0.,-1.,2.22044604925E-16));
#2542 = PCURVE('',#1774,#2543);
#2543 = DEFINITIONAL_REPRESENTATION('',(#2544),#2548);
#2544 = LINE('',#2545,#2546);
#2545 = CARTESIAN_POINT('',(-6.28318530718,0.));
#2546 = VECTOR('',#2547,1.);
#2547 = DIRECTION('',(-0.,-1.));
#2548 = ( GEOMETRIC_REPRESENTATION_CONTEXT(2) 
PARAMETRIC_REPRESENTATION_CONTEXT() REPRESENTATION_CONTEXT('2D SPACE',''
  ) );
#2549 = PCURVE('',#1774,#2550);
#2550 = DEFINITIONAL_REPRESENTATION('',(#2551),#2555);
#2551 = LINE('',#2552,#2553);
#2552 = CARTESIAN_POINT('',(-0.,0.));
#2553 = VECTOR('',#2554,1.);
#2554 = DIRECTION('',(-0.,-1.));
#2555 = ( GEOMETRIC_REPRESENTATION_CONTEXT(2) 
PARAMETRIC_REPRESENTATION_CONTEXT() REPRESENTATION_CONTEXT('2D SPACE',''
  ) );
#2556 = ORIENTED_EDGE('',*,*,#2038,.T.);
#2557 = ORIENTED_EDGE('',*,*,#2536,.F.);
#2558 = ADVANCED_FACE('',(#2559),#1969,.F.);
#2559 = FACE_BOUND('',#2560,.T.);
#2560 = EDGE_LOOP('',(#2561,#2562,#2583,#2584));
#2561 = ORIENTED_EDGE('',*,*,#1843,.F.);
#2562 = ORIENTED_EDGE('',*,*,#2563,.T.);
#2563 = EDGE_CURVE('',#1844,#2229,#2564,.T.);
#2564 = SEAM_CURVE('',#2565,(#2569,#2576),.PCURVE_S1.);
#2565 = LINE('',#2566,#2567);
#2566 = CARTESIAN_POINT('',(4.,40.,-900.));
#2567 = VECTOR('',#2568,1.);
#2568 = DIRECTION('',(0.,-1.,2.22044604925E-16));
#2569 = PCURVE('',#1969,#2570);
#2570 = DEFINITIONAL_REPRESENTATION('',(#2571),#2575);
#2571 = LINE('',#2572,#2573);
#2572 = CARTESIAN_POINT('',(-6.28318530718,0.));
#2573 = VECTOR('',#2574,1.);
#2574 = DIRECTION('',(-0.,-1.));
#2575 = ( GEOMETRIC_REPRESENTATION_CONTEXT(2) 
PARAMETRIC_REPRESENTATION_CONTEXT() REPRESENTATION_CONTEXT('2D SPACE',''
  ) );
#2576 = PCURVE('',#1969,#2577);
#2577 = DEFINITIONAL_REPRESENTATION('',(#2578),#2582);
#2578 = LINE('',#2579,#2580);
#2579 = CARTESIAN_POINT('',(-0.,0.));
#2580 = VECTOR('',#2581,1.);
#2581 = DIRECTION('',(-0.,-1.));
#2582 = ( GEOMETRIC_REPRESENTATION_CONTEXT(2) 
PARAMETRIC_REPRESENTATION_CONTEXT() REPRESENTATION_CONTEXT('2D SPACE',''
  ) );
#2583 = ORIENTED_EDGE('',*,*,#2228,.T.);
#2584 = ORIENTED_EDGE('',*,*,#2563,.F.);
#2585 = ( GEOMETRIC_REPRESENTATION_CONTEXT(3) 
GLOBAL_UNCERTAINTY_ASSIGNED_CONTEXT((#2589)) 
GLOBAL_UNIT_ASSIGNED_CONTEXT((#2586,#2587,#2588)) REPRESENTATION_CONTEXT
('Context #1','3D Context with UNIT and UNCERTAINTY') );
#2586 = ( LENGTH_UNIT() NAMED_UNIT(*) SI_UNIT(.MILLI.,.METRE.) );
#2587 = ( NAMED_UNIT(*) PLANE_ANGLE_UNIT() SI_UNIT($,.RADIAN.) );
#2588 = ( NAMED_UNIT(*) SI_UNIT($,.STERADIAN.) SOLID_ANGLE_UNIT() );
#2589 = UNCERTAINTY_MEASURE_WITH_UNIT(LENGTH_MEASURE(2.E-07),#2586,
  'distance_accuracy_value','confusion accuracy');
#2590 = PRODUCT_RELATED_PRODUCT_CATEGORY('part',$,(#7));
ENDSEC;
END-ISO-10303-21;
